smiles,pchembl
Br.O=C(NO)c1ccc(Cn2cc(CN[C@@H]3C[C@H]3c3ccccc3)cn2)cc1,7.3
Brc1ccc(-c2ncc(OCC3CCNCC3)nc2-c2ccc(Br)cc2)cc1,4.58
Brc1ccc(CN[C@H]2C[C@@H]2c2ccccc2)cc1,6.53
Brc1ccc(COc2ccc(CN[C@H]3C[C@@H]3c3ccccc3)cc2)cc1,7.08
Brc1ccc(COc2cccc(CN[C@H]3C[C@@H]3c3ccccc3)c2)cc1,7.09
Brc1ccc(OCCN2CC(CN[C@@H]3C[C@H]3c3ccccc3)C2)cc1,9.05
Brc1ccc(OCCN2CCC(N[C@@H]3C[C@H]3c3ccccc3)CC2)cc1,8.3
Brc1ccc([C@H]2C[C@@H]2NC2CCOCC2)cc1,6.26
Brc1cccc(CN[C@H]2CC2c2ccccc2)n1,6.68
Brc1cccc(CN[C@H]2C[C@@H]2c2ccccc2)c1,6.95
Brc1cccc(COc2ccc(C3C[C@@H]3NCCC3CCCCC3)cc2)c1,6.26
Brc1ccccc1CN[C@H]1C[C@@H]1c1ccccc1,7.02
C#CCN(C)CC(O)COc1ccc2cc(Br)ccc2c1,4.65
C#CCN(C)CC(O)COc1ccc2ccccc2c1,4.29
C#CCN(C)CCCC[C@H](NC(=O)[C@@H](NC(=O)[C@H](CCCNC(=N)N)NC(=O)[C@H](C)N)[C@@H](C)O)C(=O)N[C@@H](CCC(N)=O)C(=O)N[C@H](C(=O)N[C@@H](C)C(=O)N[C@@H](CCCNC(=N)N)C(=O)N[C@@H](CCCCN)C(=O)N[C@@H](CO)C(=O)N[C@H](C(=O)NCC(=O)NCC(=O)N[C@@H](CCCCN)C(=O)N[C@@H](C)C(=O)N1CCC[C@H]1C(=O)N[C@@H](CCCNC(=N)N)C(=O)N[C@@H](CCCCN)C(=O)N[C@@H](CCC(N)=O)C(=O)N[C@@H](CC(C)C)C(=O)N[C@@H](C)C(=O)O)[C@@H](C)O)[C@@H](C)O,6.97
C#CCN(C)CCCOc1cc(NCc2ccc(/C=C/C(=O)NO)cc2)ccc1Cl,5.0
C#CCN(C)CCCOc1cc(NCc2ccc(C(=O)NO)cc2)ccc1Cl,5.22
C#CCN(C)CCCOc1cccc(NC(=O)c2ccccc2)c1,4.03
C#CCN(C)CCC[C@@H](NC(=O)[C@@H](CO)NC(=O)[C@H](CCCNC(=N)N)NC(=O)[C@@H]1CCCN1)C(=O)N[C@H](CC(C)C)C(=O)N[C@@H](C(=O)N[C@H](CCCNC(=N)N)C(=O)N[C@H](CCCCN)C(=O)N1CCC[C@@H]1C(=O)N[C@H](CO)C(=O)N[C@H](CC(=O)O)C(=O)N1CCC[C@@H]1C(=O)N[C@H](CC(N)=O)C(=O)N[C@H](CCCNC(=N)N)C(=O)N[C@H](CCCCN)C(=O)N1CCC[C@@H]1C(=O)N[C@@H](CC(N)=O)C(=O)N[C@H](Cc1ccc(O)cc1)C(=O)N[C@H](CO)C(=O)N[C@H](CCC(N)=O)C(N)=O)C(C)C,4.77
C#CCN(C)Cc1ccc(N(C)C(=O)c2cc(C(C)C)c(O)cc2O)cc1,4.94
C#CCN(C)Cc1ccc(N(CC)C(=O)c2cc(C(C)C)c(O)cc2O)cc1,5.14
C#CCN(C)Cc1ccc2c(ccn2C(=O)c2cc(C(C)C)c(O)cc2O)c1,5.3
C#CCN(C)Cc1cccc(N(C)C(=O)c2cc(C(C)C)c(O)cc2O)c1,4.81
C#CCN(C)Cc1cccc(N(CC)C(=O)c2cc(C(C)C)c(O)cc2O)c1,5.02
C#CCN(CCC[C@H](NC(=O)[C@H](CO)NC(=O)[C@@H](CCCNC(=N)N)NC(=O)[C@H]1CCCN1)C(=O)N[C@@H](CC(C)C)C(=O)N[C@H](C(=O)N[C@@H](CCCNC(=N)N)C(=O)N[C@@H](CCCCN)C(=O)N1CCC[C@H]1C(=O)N[C@H](CO)C(=O)N[C@H](CC(=O)O)C(=O)N1CCC[C@@H]1C(=O)N[C@H](CC(N)=O)C(=O)N[C@H](CCCNC(=N)N)C(=O)N[C@H](CCCCN)C(=O)N1CCC[C@@H]1C(=O)N[C@@H](CC(N)=O)C(=O)N[C@H](Cc1ccc(O)cc1)C(=O)N[C@H](CO)C(=O)N[C@H](CCC(N)=O)C(N)=O)C(C)C)Cc1ccccc1,4.4
C#CCNC(=O)CN[C@H]1C[C@@H]1c1ccccc1,5.22
C#CCNCC(O)COc1ccc(-c2ccccc2)cc1,4.415
C#CCNCC(O)COc1ccc2ccccc2c1,4.04
C#CCNCCCC[C@H](NC(=O)[C@@H](NC(=O)[C@H](CCCNC(=N)N)NC(=O)[C@H](C)N)[C@@H](C)O)C(=O)N[C@@H](CCC(N)=O)C(=O)N[C@H](C(=O)N[C@@H](C)C(=O)N[C@@H](CCCNC(=N)N)C(=O)N[C@@H](CCCCN)C(=O)N[C@@H](CO)C(=O)N[C@H](C(=O)NCC(=O)NCC(=O)N[C@@H](CCCCN)C(=O)N[C@@H](C)C(=O)N1CCC[C@H]1C(=O)N[C@@H](CCCNC(=N)N)C(=O)N[C@@H](CCCCN)C(=O)N[C@@H](CCC(N)=O)C(=O)N[C@@H](CC(C)C)C(=O)N[C@@H](C)C(=O)O)[C@@H](C)O)[C@@H](C)O,4.93
C#CCSc1cc(Sc2cnnn2-c2ccccc2)c2nnn(Cc3ccccc3Cl)c2c1,7.31
C#CCSc1nc(Cl)c(C#N)c(-c2cc(OC)c(OC)c(OC)c2)n1,5.5
C#CCSc1nc(Cl)c(C#N)c(-c2ccc(Br)cc2)n1,4.61
C#CCSc1nc(Cl)c(C#N)c(-c2ccc(C(C)C)cc2)n1,4.58
C#CCSc1nc(Cl)c(C#N)c(-c2ccc(C)cc2)n1,4.23
C#CCSc1nc(Cl)c(C#N)c(-c2ccc(CC(C)C)cc2)n1,4.58
C#CCSc1nc(Cl)c(C#N)c(-c2ccc(Cl)cc2)n1,5.08
C#CCSc1nc(Cl)c(C#N)c(-c2ccc(F)c(F)c2)n1,4.61
C#CCSc1nc(Cl)c(C#N)c(-c2ccc(F)cc2)n1,4.66
C#CCSc1nc(Cl)c(C#N)c(-c2ccccc2)n1,4.34
C#CCSc1nc(NNC(N)=O)c(C#N)c(-c2ccc(Br)cc2)n1,4.38
C#CCSc1nc(NNC(N)=O)c(C#N)c(-c2ccc(C(C)C)cc2)n1,5.31
C#CCSc1nc(NNC(N)=O)c(C#N)c(-c2ccc(C)cc2)n1,5.5
C#CCSc1nc(NNC(N)=O)c(C#N)c(-c2ccc(CC(C)C)cc2)n1,5.31
C#CCSc1nc(NNC(N)=O)c(C#N)c(-c2ccc(Cl)cc2)n1,5.58
C#CCSc1nc(NNC(N)=O)c(C#N)c(-c2ccc(F)c(F)c2)n1,5.13
C#CCSc1nc(NNC(N)=O)c(C#N)c(-c2ccc([N+](=O)[O-])cc2)n1,4.95
C#CCSc1nc(NNC(N)=O)c(C#N)c(-c2cccc(Cl)c2)n1,5.3
C#CCSc1nc(NNC(N)=S)c(C#N)c(-c2cc(OC)c(OC)c(OC)c2)n1,6.19
C#CCSc1nc(NNC(N)=S)c(C#N)c(-c2ccc(Br)cc2)n1,5.8
C#CCSc1nc(NNC(N)=S)c(C#N)c(-c2ccc(C(C)C)cc2)n1,5.97
C#CCSc1nc(NNC(N)=S)c(C#N)c(-c2ccc(C)cc2)n1,5.96
C#CCSc1nc(NNC(N)=S)c(C#N)c(-c2ccc(CC(C)C)cc2)n1,5.97
C#CCSc1nc(NNC(N)=S)c(C#N)c(-c2ccc(Cl)cc2)n1,5.8
C#CCSc1nc(NNC(N)=S)c(C#N)c(-c2ccc(F)c(F)c2)n1,5.78
C#CCSc1nc(NNC(N)=S)c(C#N)c(-c2ccc(F)cc2)n1,5.74
C#CCSc1nc(NNC(N)=S)c(C#N)c(-c2ccc([N+](=O)[O-])cc2)n1,5.59
C#CCSc1nc(NNC(N)=S)c(C#N)c(-c2cccc(Cl)c2)n1,5.45
C#CCSc1nc(NNC(N)=S)c(C#N)c(-c2cccc(OC)c2)n1,5.58
C#CCSc1nc(NNC(N)=S)c(C#N)c(-c2ccccc2)n1,5.8
C#CCSc1nc(NNC(N)=S)c(C#N)c(-c2cccs2)n1,6.47
C#CCSc1nc(Oc2c(OC)cc(CN[C@@H]3C[C@H]3c3ccccc3)cc2OC)c2nnn(Cc3ccccc3)c2n1,6.97
C#CCSc1nc(Sc2ccccn2)c2nnn(Cc3ccccc3)c2n1,6.17
C#CCSc1nc(Sc2nnnn2-c2ccccc2)c2nnn(Cc3ccccc3Cl)c2n1,7.555
C#CCSc1nc2nc(C)cc(NN)n2n1,5.29
C#CCSc1nc2nc(C)cc(Nc3ccc(N4CCN(C)CC4)cc3)n2n1,4.83
C#Cc1c(-c2ccc(C#N)c(F)c2)nc(N2CCC(N)CC2)n(C)c1=O,6.26
C#Cc1cccc(Nc2ncnc3cc(OCCOC)c(OCCOC)cc23)c1,4.45
C(=C/C1CC1NCC1CCNCC1)\c1ccccc1,8.14
C/C(=C\C1CC1N)c1ccccc1,5.37
C/C(=C\CC/C(C)=C/C(=O)O)CC/C=C(\C)CCCC(C)C,4.66
C/C(=C\c1ccccc1)[C@@H]1C[C@H]1N,6.05
C/C(=C\c1ccccc1)[C@@H]1C[C@H]1NC1CCNC(=O)C1,6.73
C/C(=C\c1ccccc1)[C@@H]1C[C@H]1NC1CNC1,7.029999999999999
C/C(=C\c1ccccc1)[C@@H]1C[C@H]1NCC1CCNCC1,8.38
C/C(=C\c1ccccc1)[C@@H]1C[C@H]1NCc1cnc[nH]1,7.25
C/C(=C\c1ccccc1)[C@@H]1C[C@H]1N[C@H]1CC[C@H](N)CC1,8.54
C/C(=C\c1ccccc1)[C@@H]1C[C@H]1N[C@H]1CC[C@H](NCCC(=O)O)CC1,7.015
C/C(=C\c1ccccc1)[C@@H]1C[C@H]1N[C@H]1CC[C@H](NCCO)CC1,7.9350000000000005
C/C(=C\c1ccccc1)[C@@H]1C[C@H]1N[C@H]1CC[C@H](O)CC1,7.045
C/C(=N/NC(=O)c1cccc(S(=O)(=O)N(C)C)c1)c1cc(Cl)ccc1O,7.85
C/C(=N\NC(=O)CN[C@@H]1C[C@H]1c1ccc(F)c(F)c1)c1cc(Br)ccc1O,6.08
C/C(=N\NC(=O)CN[C@@H]1C[C@H]1c1ccc(F)c(F)c1)c1cc(Cl)ccc1O,6.05
C/C(=N\NC(=O)CN[C@@H]1C[C@H]1c1ccc(F)c(F)c1)c1cc(F)ccc1O,6.56
C/C(=N\NC(=O)CN[C@@H]1C[C@H]1c1ccc(F)c(F)c1)c1cc(O)ccc1O,6.83
C/C(=N\NC(=O)CN[C@@H]1C[C@H]1c1ccc(F)c(F)c1)c1ccc(Br)cc1,6.65
C/C(=N\NC(=O)CN[C@@H]1C[C@H]1c1ccc(F)c(F)c1)c1ccc(Cl)cc1,6.65
C/C(=N\NC(=O)CN[C@@H]1C[C@H]1c1ccc(F)c(F)c1)c1ccc(F)cc1,6.2
C/C(=N\NC(=O)CN[C@@H]1C[C@H]1c1ccc(F)c(F)c1)c1ccc([N+](=O)[O-])cc1,6.46
C/C(=N\NC(=O)CN[C@@H]1C[C@H]1c1ccc(F)c(F)c1)c1cccc(N)c1,6.37
C/C(=N\NC(=O)CN[C@@H]1C[C@H]1c1ccc(F)c(F)c1)c1cccc(N)c1O,6.46
C/C(=N\NC(=O)CN[C@@H]1C[C@H]1c1ccc(F)c(F)c1)c1ccccc1,6.7
C/C(=N\NC(=O)CN[C@@H]1C[C@H]1c1ccc(F)c(F)c1)c1ccccc1O,6.65
C/C(=N\NC(=O)c1ccc(O)cc1)c1ccccc1O,6.54
C/C(=N\NC(=O)c1cccc(N2CCOCC2)c1)c1cc(Cl)ccc1O,6.29
C/C(=N\NC(=O)c1cccc(S(=O)(=O)N(C)C)c1)c1cc(Cl)ccc1O,7.89
C/C(=N\NC(=O)c1cccc(S(=O)(=O)N2CCN(C)CC2)c1)c1cc(Cl)ccc1O,7.89
C/C(=N\NC(=O)c1cccc(S(=O)(=O)N2CCOCC2)c1)c1cc(Cl)ccc1O,7.89
C/C(=N\NC(=O)c1cccc(S(=O)(=O)N2CCOCC2)c1)c1ccc(Cl)cc1O,7.4
C/C(=N\NC(=O)c1cccc(S(=O)(=O)N2CCOCC2)c1)c1ccccc1O,7.72
C/C(=N\NC(=O)c1cccc(S(C)(=O)=O)c1)c1cc(Cl)ccc1O,7.31
C/C(=N\NC(=O)c1ccccc1)c1cc(Cl)ccc1O,6.89
C/C(=N\NC(=O)c1cncc(S(C)(=O)=O)c1)c1cc(Cl)ccc1O,7.55
C/N=C(\NC)NCCCNCCCNCCCN/C(=N/C)NC,6.3
C1=Nc2ccccc2C1CN[C@@H]1C[C@H]1c1ccccc1,4.75
C1=Nc2ccccc2C1CN[C@H]1CC1c1ccccc1,6.72
C=C(C)c1ccc(-c2ncc3c(ccn3CC3CCNCC3)c2-c2ccc(C#N)cc2)cc1,7.23
C=C/C=C/c1cccc(Oc2cccc(Cl)c2CNc2nc(N)n[nH]2)c1/C=C/C=C,6.7
C=C1C(=O)OCC1C(O)c1cn(Cc2ccc(Cl)c(Cl)c2)c2ccccc12,5.18
C=C1C(=O)OCC1C(O)c1cn(Cc2ccc(Cl)cc2)c2ccccc12,5.02
C=C1C(=O)OCC1C(O)c1cn(Cc2ccc(Cl)nc2)c2ccc(Cl)cc12,5.08
C=C1C(=O)OCC1C(O)c1cn(Cc2ccc(Cl)nc2)c2ccccc12,5.23
C=C1C(=O)OCC1C(O)c1cn(Cc2ccc(F)cc2)c2ccc(Cl)cc12,5.91
C=C1C(=O)OCC1C(O)c1cn(Cc2ccc(F)cc2)c2ccccc12,5.35
C=C1C(=O)OCC1C(O)c1cn(Cc2ccccc2)c2ccccc12,4.69
C=C1C(=O)OCC1C(O)c1cn(Cc2ccccc2C(F)(F)F)c2ccccc12,5.05
C=C1C(=O)OCC1C(O)c1cn(Cc2ccccc2F)c2ccccc12,5.23
C=C1C(=O)OCC1C(O)c1cn(Cc2nccc(OCCCOC)c2C)c2ccc(Cl)cc12,5.08
C=C1C(=O)OCC1C(O)c1cn(S(=O)(=O)C2CC2)c2ccc(Cl)cc12,5.25
C=C1C(=O)OCC1C(O)c1cn(S(=O)(=O)CCC)c2ccc(Cl)cc12,5.18
C=C1C(=O)OCC1C(O)c1cn(S(=O)(=O)c2c(Cl)cccc2Cl)c2ccc(Cl)cc12,6.01
C=C1C(=O)OCC1C(O)c1cn(S(=O)(=O)c2ccc(Br)cc2)c2ccc(Cl)cc12,5.94
C=C1C(=O)OCC1C(O)c1cn(S(=O)(=O)c2ccc(C(F)(F)F)cc2)c2ccc(Cl)cc12,5.84
C=C1C(=O)OCC1C(O)c1cn(S(=O)(=O)c2ccc(C)cc2)c2ccc(Cl)cc12,6.025
C=C1C(=O)OCC1C(O)c1cn(S(=O)(=O)c2ccc(CBr)cc2)c2ccc(Cl)cc12,6.03
C=C1C(=O)OCC1C(O)c1cn(S(=O)(=O)c2ccc(CN3CCN(C(=O)OC(C)(C)C)CC3)cc2)c2ccc(Cl)cc12,5.93
C=C1C(=O)OCC1C(O)c1cn(S(=O)(=O)c2ccc(CN3CCOCC3)cc2)c2ccc(Cl)cc12,6.22
C=C1C(=O)OCC1C(O)c1cn(S(=O)(=O)c2ccc(CNCc3ccc(Cl)cc3)cc2)c2ccc(Cl)cc12,5.63
C=C1C(=O)OCC1C(O)c1cn(S(=O)(=O)c2ccc(Cl)c(Cl)c2)c2ccc(Cl)cc12,6.24
C=C1C(=O)OCC1C(O)c1cn(S(=O)(=O)c2ccc(Cl)c([N+](=O)[O-])c2)c2ccc(Cl)cc12,7.0
C=C1C(=O)OCC1C(O)c1cn(S(=O)(=O)c2ccc(Cl)cc2)c2ccc(Cl)cc12,6.03
C=C1C(=O)OCC1C(O)c1cn(S(=O)(=O)c2ccc(Cl)cc2Cl)c2ccc(Cl)cc12,6.44
C=C1C(=O)OCC1C(O)c1cn(S(=O)(=O)c2ccc(F)c(C(F)(F)F)c2)c2ccc(Cl)cc12,6.18
C=C1C(=O)OCC1C(O)c1cn(S(=O)(=O)c2ccc(F)cc2)c2ccc(Cl)cc12,5.87
C=C1C(=O)OCC1C(O)c1cn(S(=O)(=O)c2ccc(N(C)C)c([N+](=O)[O-])c2)c2ccc(Cl)cc12,7.095
C=C1C(=O)OCC1C(O)c1cn(S(=O)(=O)c2ccc(N(CCC)CCC)c([N+](=O)[O-])c2)c2ccc(Cl)cc12,5.47
C=C1C(=O)OCC1C(O)c1cn(S(=O)(=O)c2ccc(N3CCC(NC(=O)OC(C)(C)C)C3)c([N+](=O)[O-])c2)c2ccc(Cl)cc12,6.36
C=C1C(=O)OCC1C(O)c1cn(S(=O)(=O)c2ccc(N3CCCC(NC(=O)OC(C)(C)C)C3)c([N+](=O)[O-])c2)c2ccc(Cl)cc12,6.15
C=C1C(=O)OCC1C(O)c1cn(S(=O)(=O)c2ccc(N3CCCC3)c([N+](=O)[O-])c2)c2ccc(Cl)cc12,5.61
C=C1C(=O)OCC1C(O)c1cn(S(=O)(=O)c2ccc(N3CCCCC3)c([N+](=O)[O-])c2)c2ccc(Cl)cc12,5.67
C=C1C(=O)OCC1C(O)c1cn(S(=O)(=O)c2ccc(N3CCCN(C(=O)OC(C)(C)C)CC3)c([N+](=O)[O-])c2)c2ccc(Cl)cc12,5.3
C=C1C(=O)OCC1C(O)c1cn(S(=O)(=O)c2ccc(N3CCN(C(=O)OC(C)(C)C)CC3)c([N+](=O)[O-])c2)c2ccc(Cl)cc12,6.34
C=C1C(=O)OCC1C(O)c1cn(S(=O)(=O)c2ccc(N3CCN(C)CC3)c([N+](=O)[O-])c2)c2ccc(Cl)cc12,6.33
C=C1C(=O)OCC1C(O)c1cn(S(=O)(=O)c2ccc(N3CCN(CC)CC3)c([N+](=O)[O-])c2)c2ccc(Cl)cc12,6.54
C=C1C(=O)OCC1C(O)c1cn(S(=O)(=O)c2ccc(N3CCN(CCO)CC3)c([N+](=O)[O-])c2)c2ccc(Cl)cc12,6.55
C=C1C(=O)OCC1C(O)c1cn(S(=O)(=O)c2ccc(N3C[C@@H]4C[C@H]3CN4C(=O)OC(C)(C)C)c([N+](=O)[O-])c2)c2ccc(Cl)cc12,5.47
C=C1C(=O)OCC1C(O)c1cn(S(=O)(=O)c2ccc(NC)c([N+](=O)[O-])c2)c2ccc(Cl)cc12,7.05
C=C1C(=O)OCC1C(O)c1cn(S(=O)(=O)c2ccc(NCC(C)C)c([N+](=O)[O-])c2)c2ccc(Cl)cc12,6.88
C=C1C(=O)OCC1C(O)c1cn(S(=O)(=O)c2ccc(NCCC)c([N+](=O)[O-])c2)c2ccc(Cl)cc12,6.18
C=C1C(=O)OCC1C(O)c1cn(S(=O)(=O)c2ccc(OC(F)(F)F)cc2)c2ccc(Cl)cc12,5.85
C=C1C(=O)OCC1C(O)c1cn(S(=O)(=O)c2ccc(OC)cc2)c2ccc(Cl)cc12,6.07
C=C1C(=O)OCC1C(O)c1cn(S(=O)(=O)c2ccc([N+](=O)[O-])cc2)c2ccc(Cl)cc12,5.86
C=C1C(=O)OCC1C(O)c1cn(S(=O)(=O)c2cccc(C(F)(F)F)c2)c2ccc(Cl)cc12,6.67
C=C1C(=O)OCC1C(O)c1cn(S(=O)(=O)c2cccc(Cl)c2)c2ccc(Cl)cc12,6.13
C=C1C(=O)OCC1C(O)c1cn(S(=O)(=O)c2cccc([N+](=O)[O-])c2)c2ccc(Cl)cc12,6.97
C=C1C(=O)OCC1C(O)c1cn(S(=O)(=O)c2ccccc2)c2ccc(Cl)cc12,5.95
C=C1C(=O)OCC1C(O)c1cn(S(=O)(=O)c2ccccc2Br)c2ccc(Cl)cc12,6.79
C=C1C(=O)OCC1C(O)c1cn(S(=O)(=O)c2ccccc2C)c2ccc(Cl)cc12,6.58
C=C1C(=O)OCC1C(O)c1cn(S(=O)(=O)c2ccccc2Cl)c2ccc(Cl)cc12,6.44
C=C1C(=O)OCC1C(O)c1cn(S(=O)(=O)c2ccccc2F)c2ccc(Cl)cc12,6.66
C=C1C(=O)OCC1C(O)c1cn(S(=O)(=O)c2ccccc2[N+](=O)[O-])c2ccc(Cl)cc12,6.12
C=C1C(=O)OCC1C(O)c1cn(S(C)(=O)=O)c2ccc(Cl)cc12,5.04
C=CC(=O)Nc1cc(Nc2nccc(-c3cn(C)c4ccccc34)n2)c(OC)cc1N(C)CCN(C)C,5.4
C=CCSc1nc2nc(C)cc(NN)n2n1,5.09
C=CCSc1nc2nc(C)cc(Nc3ccc(N4CCN(C)CC4)cc3)n2n1,4.52
C=C[C@]1(C)C[C@@H]2OC(=O)C(C)=C2C[C@H]1C(=C)C,5.4
CC(=O)N(C)C1CC(n2cc(-c3cncc(N)c3Cl)c3cc(C#N)c(C)cc32)C1,7.05
CC(=O)N(C)CCN1CCC(N[C@@H]2C[C@H]2c2ccccc2)CC1,7.41
CC(=O)N(C1CCN(CCOc2ccc(N3CCCOC3=O)cc2)CC1)[C@@H]1C[C@H]1c1ccccc1,6.15
CC(=O)N1CC(CC#N)(N2CCC(NC3CC3c3ccccc3)CC2)C1,7.52
CC(=O)N1CCC(CC#N)(N2CC(CNC3CC3c3ccccc3)C2)CC1,7.52
CC(=O)N1CCC(N[C@H]2C[C@@H]2c2ccc(Br)cc2)CC1,6.67
CC(=O)N1CCC(c2nc(C3(CN[C@H]4CC4c4ccccc4)CC3)no2)CC1,7.12
CC(=O)N1CCC(n2cc(-c3cncc(N)c3Cl)c3cc(C#N)c(C)cc32)C1,6.38
CC(=O)N1CCC(n2cc(-c3cncc(N)c3Cl)c3cc(C#N)c(C)cc32)CC1,7.17
CC(=O)N1CCCC(n2cc(-c3cncc(N)c3Cl)c3cc(C#N)c(C)cc32)C1,7.75
CC(=O)N1CCC[C@H]1C(=O)N[C@@H](CCCNC(=N)N)C(=O)N[C@@H](CO)C(=O)N[C@@H](Cc1ccccc1)C(=O)N[C@@H](CC(C)C)C(=O)N[C@H](C(=O)N[C@@H](CCCNC(=N)N)C(=O)N[C@@H](CCCCN)C(=O)N1CCC[C@H]1C(=O)N[C@@H](CCCNC(=N)N)C(=O)N[C@@H](CCCNC(=N)N)C(=O)N[C@@H](CCCNC(=N)N)C(=O)N[C@@H](CCCNC(=N)N)C(=O)N[C@@H](Cc1c[nH]c2ccccc12)C(N)=O)C(C)C,5.9
CC(=O)N1CCC[C@H]1C(=O)N[C@@H](CCCNC(=N)N)C(=O)N[C@@H](CO)C(=O)N[C@@H](Cc1ccccc1)C(=O)N[C@H]1CSCc2cccc(c2)[S+](C)CCC[C@@H](C(=O)N[C@@H](CCCNC(=N)N)C(=O)N[C@@H](CCCNC(=N)N)C(=O)N[C@@H](CCCNC(=N)N)C(=O)N[C@@H](CCCNC(=N)N)C(=O)N[C@@H](Cc2c[nH]c3ccccc23)C(N)=O)NC(=O)[C@H](CCCCN)NC(=O)[C@H](CCCNC(=N)N)NC(=O)[C@H](C(C)C)NC1=O,5.29
CC(=O)N1CCC[C@H]1C(=O)N[C@@H](CCCNC(=N)N)C(=O)N[C@H]1CC[S+](C)Cc2cccc(c2)CSC[C@@H](C(=O)N[C@@H](CCCCN)C(=O)N2CCC[C@H]2C(=O)N[C@@H](CCCNC(=N)N)C(=O)N[C@@H](CCCNC(=N)N)C(=O)N[C@@H](CCCNC(=N)N)C(=O)N[C@@H](CCCNC(=N)N)C(=O)N[C@@H](Cc2c[nH]c3ccccc23)C(N)=O)NC(=O)[C@H](C(C)C)NC(=O)[C@H](CC(C)C)NC(=O)[C@H](Cc2ccccc2)NC1=O,4.84
CC(=O)N1CCC[C@H]1C(=O)N[C@@H](CCCNC(=N)N)C(=O)N[C@H]1CSCc2cccc(c2)C[S+](C)CC[C@@H](C(=O)N[C@@H](CCCCN)C(=O)N2CCC[C@H]2C(=O)N[C@@H](CCCNC(=N)N)C(=O)N[C@@H](CCCNC(=N)N)C(=O)N[C@@H](CCCNC(=N)N)C(=O)N[C@@H](CCCNC(=N)N)C(=O)N[C@@H](Cc2c[nH]c3ccccc23)C(N)=O)NC(=O)[C@H](C(C)C)NC(=O)[C@H](CC(C)C)NC(=O)[C@H](Cc2ccccc2)NC1=O,5.585
CC(=O)N1CCN(C(=S)SCc2cn(Cc3ccc(C)cc3)nn2)CC1,4.6
CC(=O)N1CCN(C(=S)SCc2cn(Cc3ccc(F)cc3)nn2)CC1,4.33
CC(=O)N1CCN(C(=S)SCc2cn(Cc3ccccc3F)nn2)CC1,4.52
CC(=O)N1CCN(CCCN2c3ccccc3Sc3ccccc32)CC1,5.0
CC(=O)N1CCN(CCN2c3ccccc3Sc3ccccc32)CC1,5.66
CC(=O)N1CCN(c2ccc(NCCN3CCC(N[C@@H]4C[C@H]4c4ccccc4)CC3)cc2)CC1,7.85
CC(=O)N1CCN(c2ccc(OCCN3CC(CN[C@@H]4C[C@H]4c4ccccc4)C3)cc2)CC1,7.41
CC(=O)N1CCN(c2ccc(OCCN3CCC(N[C@@H]4C[C@H]4c4ccccc4)CC3)cc2)CC1,7.3
CC(=O)N1CCc2cc(S(=O)(=O)N(CC(=O)N3CCC(N)CC3)c3ccc(C#N)cc3)ccc21,5.555
CC(=O)N1CCc2cc(S(=O)(=O)N(CC(=O)N3CCC[C@@H](N)C3)c3ccc(C#N)cc3)ccc21,5.45
CC(=O)NC1CCC(N[C@H]2C[C@@H]2c2ccc(-c3cccc(C(F)(F)F)c3)nc2)CC1,6.33
CC(=O)NCCc1ccc(-c2ccc(C(=O)N3CC[C@H](N)C3)cc2-c2ccc(C#N)cc2)cc1,7.7
CC(=O)N[C@@H]1CC[C@@H](n2cc(-c3cncc(N)c3Cl)c3cc(C#N)c(C)cc32)C1,7.8
CC(=O)N[C@H]1CC[C@@H](n2cc(-c3cncc(N)c3Cl)c3cc(C#N)c(C)cc32)CC1,7.75
CC(=O)N[C@H]1CC[C@H](N[C@@H]2C[C@H]2/C(C)=C/c2ccccc2)CC1,6.76
CC(=O)N[C@H]1CC[C@H](n2cc(-c3cncc(N)c3Cl)c3cc(C#N)c(C)cc32)CC1,7.4
CC(=O)Nc1ccc(-c2ncc3c(ccn3C[C@@H]3CCNC3)c2-c2ccc(C#N)cc2)cc1,7.28
CC(=O)Nc1ccc(CN[C@H]2C[C@@H]2c2ccccc2)cc1,6.49
CC(=O)Nc1ccc(Nc2c3ccccc3nc3ccccc23)cc1,5.45
CC(=O)Nc1ccc(S(=O)(=O)Nc2ccc(C#N)cc2)cc1,5.02
CC(=O)Nc1ccc(S(=O)(=O)n2cc(C(=O)N3CCC(N)CC3)c3cc(-c4ccc(C#N)cc4)c(-c4ccc(C)cc4)cc32)cc1,6.78
CC(=O)Nc1cccc(-c2ccc([C@H]3C[C@@H]3N)cn2)c1,6.26
CC(=O)Nc1cccc(-c2nc(Nc3ccc(N(C)C)cc3)c3ccccc3n2)c1,6.57
CC(=O)OCCc1ccc(-c2ccc(C(=O)N3CC[C@H](N)C3)cc2-c2ccc(C#N)cc2)cc1,8.11
CC(=O)O[C@H]1C(=O)[C@@]2(C)[C@H]([C@H](OC(=O)c3ccccc3)[C@]3(O)C[C@H](OC(=O)[C@H](O)[C@@H](NC(=O)c4ccccc4)c4ccccc4)C(C)=C1C3(C)C)[C@]1(OC(C)=O)CO[C@@H]1C[C@@H]2O,7.53
CC(=O)c1ccc(-c2nc(N3CCC(N)CC3)c(=O)n(C)c2-c2ccc(C)cc2)cc1,5.26
CC(=O)c1ccc(-n2cc(CN[C@@H]3C[C@H]3c3ccc(F)c(F)c3)nn2)cc1.Cl,7.61
CC(=O)c1cccc(-c2nc(Nc3ccc(N(C)C)cc3)c3ccccc3n2)c1,6.18
CC(=O)c1csc(Nc2ccc(Br)cc2)n1,4.57
CC(=O)c1csc(Nc2ccc(Cl)cc2)n1,3.76
CC(=O)c1csc(Nc2ccc(O)cc2)n1,4.24
CC(=O)c1csc(Nc2cccc(Cl)c2)n1,3.91
CC(=O)c1csc(Nc2ccccc2Cl)n1,3.36
CC(=O)n1ncc2cc(-n3cc(CN[C@@H]4C[C@H]4c4ccc(F)c(F)c4)nn3)ccc21.Cl,8.08
CC(C(=O)N1CCOCC1)N1CCC(N[C@@H]2C[C@H]2c2ccccc2)CC1,6.97
CC(C)(C)C(=O)N1CCc2cc(C3CC3NCC3CCNCC3)ccc21,5.06
CC(C)(C)CNC1CC1c1cccc(C(=O)NC2CCOCC2)c1,6.85
CC(C)(C)CNC1CC1c1cccc(C(=O)NC2CCS(=O)(=O)CC2)c1,6.03
CC(C)(C)CNC1CC1c1cccc(C(=O)Nc2cnn(C(C)(C)C)c2)c1,6.96
CC(C)(C)NC(=O)CN[C@H]1CC1c1ccccc1,4.64
CC(C)(C)NC(=O)c1cccc(C2CC2NCC2CC2)c1,6.58
CC(C)(C)OC(=O)N(Cc1ccc(/C=C/C(=O)NO)cc1)C1CC1c1ccc(F)cc1,7.24
CC(C)(C)OC(=O)N(Cc1ccc(/C=C/C(=O)Nc2ccccc2N)cc1)C1CC1c1ccc(F)cc1,6.22
CC(C)(C)OC(=O)N1CC=C(c2c(-c3ccc(C#N)cc3)cc(OC[C@@H]3CCNC3)c3cncn23)CC1,6.52
CC(C)(C)OC(=O)N1CCC(CNC2CC23CCCc2ccccc23)CC1,6.61
CC(C)(C)OC(=O)N1CCC(CNC2CC23CCc2ccc(-c4cccnc4)cc23)CC1,6.5
CC(C)(C)OC(=O)N1CCC(Oc2cccc3c2C2(CC3)CC2N)CC1,4.24
CC(C)(C)OC(=O)N1CCC2(CC2N)c2ccccc21,5.1850000000000005
CC(C)(C)OC(=O)N1CCCC(CNC2CC23CCCc2ccccc23)C1,6.48
CC(C)(C)OC(=O)N1CCCCC1CNC1CC12CCCc1ccccc12,5.125
CC(C)(C)OC(=O)N1CCN(C(=S)SCC(=O)Nc2ccc(C(=O)/C=C/c3ccccc3F)cc2)CC1,6.85
CC(C)(C)OC(=O)N1CCN(C(=S)SCc2cn(Cc3c(F)cccc3F)nn2)CC1,4.29
CC(C)(C)OC(=O)N1CCN(C(=S)SCc2cn(Cc3cc(=O)oc4c(O)c(O)ccc34)nn2)CC1,6.08
CC(C)(C)OC(=O)N1CCN(C(=S)SCc2cn(Cc3cc(=O)oc4cc(Cl)ccc34)nn2)CC1,6.17
CC(C)(C)OC(=O)N1CCN(C(=S)SCc2cn(Cc3cc(=O)oc4cc(F)ccc34)nn2)CC1,4.08
CC(C)(C)OC(=O)N1CCN(C(=S)SCc2cn(Cc3cc(=O)oc4cc(N)ccc34)nn2)CC1,6.28
CC(C)(C)OC(=O)N1CCN(C(=S)SCc2cn(Cc3cc(=O)oc4cc(O)cc(O)c34)nn2)CC1,5.52
CC(C)(C)OC(=O)N1CCN(C(=S)SCc2cn(Cc3cc(=O)oc4cc(O)ccc34)nn2)CC1,6.41
CC(C)(C)OC(=O)N1CCN(C(=S)SCc2cn(Cc3cc(=O)oc4ccccc34)nn2)CC1,4.99
CC(C)(C)OC(=O)N1CCN(C(=S)SCc2cn(Cc3ccc(Cl)c(Cl)c3)nn2)CC1,4.05
CC(C)(C)OC(=O)N1CCN(C(=S)SCc2cn(Cc3ccc(Cl)cc3)nn2)CC1,4.25
CC(C)(C)OC(=O)N1CCN(C(=S)SCc2cn(Cc3ccc(F)cc3)nn2)CC1,4.67
CC(C)(C)OC(=O)N1CCN(C(=S)SCc2cn(Cc3ccc(O)cc3)nn2)CC1,4.15
CC(C)(C)OC(=O)N1CCN(C(=S)SCc2cn(Cc3ccc(O)cc3O)nn2)CC1,4.09
CC(C)(C)OC(=O)N1CCN(C(=S)SCc2cn(Cc3cccc(O)c3)nn2)CC1,4.11
CC(C)(C)OC(=O)N1CCN(C(=S)SCc2cn(Cc3ccccc3Br)nn2)CC1,4.56
CC(C)(C)OC(=O)N1CCN(C(=S)SCc2cn(Cc3ccccc3Cl)nn2)CC1,4.94
CC(C)(C)OC(=O)N1CCN(C(=S)SCc2cn(Cc3ccccc3F)nn2)CC1,5.1
CC(C)(C)OC(=O)N1CCN(C(=S)SCc2cn(Cc3ccccc3O)nn2)CC1,4.16
CC(C)(C)OC(=O)NC1CCC(N[C@H]2C[C@@H]2c2ccccc2)CC1,4.51
CC(C)(C)OC(=O)N[C@@H]1C[C@H]1c1ccc(OC(=O)OC(C)(C)C)cc1,4.67
CC(C)(C)OC(=O)Nc1ccccc1NC(=O)c1ccc(CCCN2CC(CN(C(=O)C(F)(F)F)C3CC3c3ccc(F)cc3)C2)cc1,7.5
CC(C)(C)OC(=O)c1ccc(CN2CCC(CNC3CC34CCCc3ccccc34)CC2)cc1,6.45
CC(C)(C)OC(=O)c1ccc(CN2CCC(F)(CNC3CC3c3ccc(-c4ccc(C(F)(F)F)cc4)s3)CC2)cc1,6.37
CC(C)(C)OC(=O)c1ccc(CN2CCC(F)(CNC3CC3c3ccc(-c4ccc(Cl)cc4)s3)CC2)cc1,6.45
CC(C)(C)OC(=O)c1ccc(CN2CCC(F)(CNC3CC3c3ccc(-c4ccc(F)cc4)s3)CC2)cc1,6.68
CC(C)(C)OC(=O)c1ccc(CN2CCC(F)(CNC3CC3c3ccc(-c4cccc5ccccc45)s3)CC2)cc1,6.13
CC(C)(C)OC(=O)c1ccc(CN2CCC(F)(CNC3CC3c3ccc(-c4ccccc4)s3)CC2)cc1,6.53
CC(C)(C)OC(=O)c1ccc(CN2CCC(F)(CNC3CC3c3ccc(Br)s3)CC2)cc1,6.27
CC(C)(C)S(=O)(=O)NC(=O)c1ccc(CN2CCC(N[C@@H]3C[C@H]3c3ccccc3)CC2)cc1,7.0
CC(C)(C)c1ccc(-c2ncc3c(ccn3CC3CCNCC3)c2-c2ccc(C#N)cc2)cc1,7.220000000000001
CC(C)(C)c1ccc(-n2nc(C(=O)N3CCCC[C@@H](N)C3)cc2-c2ccc(C#N)c(F)c2)c(F)c1,7.64
CC(C)(C)c1ccc(-n2nc(C(=O)N3CCC[C@@H](N)C3)cc2-c2ccc(C#N)c(F)c2)c(F)c1,7.68
CC(C)(C)c1ccc(-n2nc(C(=O)N3CCC[C@@H](N)C3)cc2-c2ccc(C#N)cc2)c(F)c1,7.44
CC(C)(C)c1ccc(-n2nc(C(=O)N3CCC[C@@H](N)C3)cc2-c2ccc(C#N)cc2)cc1,7.44
CC(C)(C)c1ccc(CN[C@H]2C[C@@H]2c2ccccc2)cc1,6.09
CC(C)(C)n1cc(NC(=O)c2cccc(C3CC3N)c2)cn1,5.6
CC(C)(C)n1cc(NC(=O)c2cccc(C3CC3NC3CCN(C4CC4)CC3)c2)cn1,6.31
CC(C)(C)n1cc(NC(=O)c2cccc(C3CC3NC3CCOCC3)c2)cn1,6.68
CC(C)(C)n1cc(NC(=O)c2cccc(C3CC3NCC3CC3)c2)cn1,6.89
CC(C)(C)n1nnc(C2(CN[C@H]3CC3c3ccccc3)CC2)n1,7.12
CC(C)(C)n1nnc2cc(-c3ccc(C(=O)N4C5CCC4CC(N)C5)cc3-c3ccc(C#N)c(F)c3)c(F)cc21,8.78
CC(C)(CO)c1ccc(-c2ccc(C(=O)N3CC[C@H](N)C3)cc2-c2ccc(C#N)cc2)cc1,8.12
CC(C)(O)C1CN(C(=O)[C@H](CCCN[C@@H]2C[C@H]2c2ccc(F)cc2)NC(=O)c2ccc(C#N)cc2)C1,4.85
CC(C)(O)CC1OCc2cc(-c3ccc(C(=O)N4CC[C@H](N)C4)cc3-c3ccc(C#N)c(F)c3)c(F)cc21,7.93
CC(C)(O)CC1OCc2cc(-c3ccc(C(=O)N4[C@@H]5CC[C@H]4[C@@H](N)C5)cc3-c3ccc(C#N)c(F)c3)c(F)cc21,9.27
CC(C)(O)CCOc1cc(C(=O)N2CCC[C@@H](N)C2)nn1-c1ccc(C#N)cc1,7.115
CC(C)(O)CCc1ccc(-c2ccc(C(=O)N3CC[C@H](N)C3)cc2-c2ccc(C#N)c(F)c2)cc1,8.55
CC(C)(O)CCc1ccc(-c2ccc(C(=O)N3CC[C@H](N)C3)cc2-c2ccc(C#N)cc2)cc1,7.81
CC(C)(O)CCn1ncc2cc(-c3ccc(C(=O)N4C5CCC4CC(N)C5)cc3-c3ccc(C#N)c(F)c3)c(F)cc21,9.47
CC(C)(O)CCn1ncc2cc(-c3ccc(C(=O)N4C5CCCC4CC5)cc3-c3ccc(C#N)c(F)c3)c(F)cc21,9.47
CC(C)(O)Cc1ccc(-c2ccc(C(=O)N3C4CCC3CC(N)C4)cc2-c2ccc(C#N)c(F)c2)c(F)c1,9.02
CC(C)(O)Cc1ccc(-c2ccc(C(=O)N3CC4(CCCNC4)C3)cc2-c2ccc(C#N)c(F)c2)c(F)c1,8.81
CC(C)(O)Cc1ccc(-c2ccc(C(=O)N3CC4CCC3C4N)cc2-c2ccc(C#N)c(F)c2)c(F)c1,7.86
CC(C)(O)Cc1ccc(-c2ccc(C(=O)N3CCC4(CNC4)C3)cc2-c2ccc(C#N)c(F)c2)c(F)c1,8.68
CC(C)(O)Cc1ccc(-c2ccc(C(=O)N3CC[C@H](N)C3)cc2-c2ccc(C#N)c(F)c2)c(F)c1,8.62
CC(C)(O)Cc1ccc(-c2ccc(C(=O)N3CC[C@H](N)C3)cc2-c2ccc(C#N)c(F)c2)cc1,8.22
CC(C)(O)Cc1ccc(-c2ccc(C(=O)N3CC[C@H](N)C3)cc2-c2ccc(C#N)cc2)c(F)c1,8.18
CC(C)(O)Cc1ccc(-c2ccc(C(=O)N3CC[C@H](N)C3)cc2-c2ccc(C#N)cc2)cc1,7.82
CC(C)(O)Cc1ccc(-c2ccc(C(=O)N3[C@@H]4CC[C@H]3[C@@H](N)C4)cc2-c2ccc(C#N)c(F)c2)c(F)c1,8.915
CC(C)(O)Cc1ccc(-c2ccc(C(=O)N3[C@H]4CC[C@@H]3[C@@H](N)C4)cc2-c2ccc(C#N)c(F)c2)c(F)c1,7.75
CC(C)(O)Cc1ccc(-c2ccc(CN3CC[C@H](N)C3)cc2-c2ccc(C#N)c(F)c2)c(F)c1,9.1
CC(C)(O)Cc1ccc(-c2ccc(CN3[C@@H]4CC[C@H]3[C@@H](N)C4)cc2-c2ccc(C#N)c(F)c2)c(F)c1,9.64
CC(C)(O)Cc1noc2cc(-c3ccc(C(=O)N4CC[C@H](N)C4)cc3-c3ccc(C#N)c(F)c3)c(F)cc12,9.37
CC(C)(O)Cn1cc(C(=O)O)c2cc(-c3ccc(C(=O)N4[C@@H]5CC[C@H]4[C@@H](N)C5)cc3-c3ccc(C#N)c(F)c3)c(F)cc21,8.08
CC(C)(O)Cn1cc2cc(-c3ccc(C(=O)N4C5CCC4CC(N)C5)cc3-c3ccc(C#N)c(F)c3)c(F)cc2n1,7.75
CC(C)(O)Cn1ccc2cc(-c3ccc(C(=O)C4CC5(CNC5)CN4)cc3-c3ccc(C#N)c(F)c3)c(F)c(F)c21,9.04
CC(C)(O)Cn1ccc2cc(-c3ccc(C(=O)N4C5CCC4CC(N)C5)cc3-c3ccc(C#N)c(F)c3)c(F)c(F)c21,9.17
CC(C)(O)Cn1ccc2cc(-c3ccc(C(=O)N4C5CCC4CC(N)C5)cc3-c3ccc(C#N)c(F)c3)c(F)cc21,9.52
CC(C)(O)Cn1ccc2cc(-c3ccc(C(=O)N4CC5(CCCNC5)C4)cc3-c3ccc(C#N)c(F)c3)c(F)c(F)c21,9.4
CC(C)(O)Cn1ccc2cc(-c3ccc(C(=O)N4CC5CCC4C5N)cc3-c3ccc(C#N)c(F)c3)c(F)cc21,8.73
CC(C)(O)Cn1ccc2cc(-c3ccc(C(=O)N4CC5CNCC5C4)cc3-c3ccc(C#N)c(F)c3)c(F)c(F)c21,9.62
CC(C)(O)Cn1ccc2cc(-c3ccc(C(=O)N4CC[C@H](N)C4)cc3-c3ccc(C#N)c(F)c3)c(F)c(F)c21,9.26
CC(C)(O)Cn1ccc2cc(-c3ccc(C(=O)N4CC[C@H](N)C4)cc3-c3ccc(C#N)c(F)c3)c(F)cc21,9.38
CC(C)(O)Cn1ccc2cc(-c3ccc(C(=O)N4CC[C@](C)(N)C4)cc3-c3ccc(C#N)c(F)c3)c(F)c(F)c21,9.74
CC(C)(O)Cn1ccc2cc(-c3ccc(C(=O)N4CC[C@](C)(N)C4)cc3-c3ccc(C#N)c(F)c3)c(F)cc21,9.81
CC(C)(O)Cn1ccc2cc(-c3ccc(C(=O)N4[C@@H]5CC[C@H]4[C@@H](N)C5)cc3-c3ccc(C#N)c(F)c3)c(F)c(F)c21,9.85
CC(C)(O)Cn1ccc2cc(-c3ccc(C(=O)N4[C@H]5CC[C@@H]4[C@@H](N)C5)cc3-c3ccc(C#N)c(F)c3)c(F)cc21,9.6
CC(C)(O)Cn1ccc2cc(-c3ccc(C(=O)N4[C@H]5CC[C@@H]4[C@H](N)C5)cc3-c3ccc(C#N)c(F)c3)c(F)cc21,9.46
CC(C)(O)Cn1ccc2cc(-c3ccc(CN4[C@@H]5CC[C@H]4[C@@H](N)C5)cc3-c3ccc(C#N)c(F)c3)c(F)cc21,9.74
CC(C)(O)Cn1ccc2cc(-c3ccccc3-c3cc(F)c(C#N)c(C(=O)N4CC[C@H](N)C4)c3)c(F)c(F)c21,9.26
CC(C)(O)Cn1nc(Br)c2cc(-c3ccc(C(=O)N4C5CCC4CC(N)C5)cc3-c3ccc(C#N)c(F)c3)c(F)cc21,8.91
CC(C)(O)Cn1ncc2cc(-c3ccc(C(=O)C4CC5(CNC5)CN4)cc3-c3ccc(C#N)c(F)c3)c(F)cc21,9.0
CC(C)(O)Cn1ncc2cc(-c3ccc(C(=O)N4C5CCC4CC(N)C5)cc3-c3ccc(C#N)c(F)c3)c(F)c(F)c21,9.21
CC(C)(O)Cn1ncc2cc(-c3ccc(C(=O)N4C5CCC4CC(N)C5)cc3-c3ccc(C#N)c(F)c3)c(F)cc21,9.42
CC(C)(O)Cn1ncc2cc(-c3ccc(C(=O)N4CC[C@H](N)C4)cc3-c3ccc(C#N)c(F)c3)c(F)c(F)c21,9.594999999999999
CC(C)(O)Cn1ncc2cc(-c3ccc(C(=O)N4CC[C@H](N)C4)cc3-c3ccc(C#N)c(F)c3)c(F)cc21,9.46
CC(C)(O)Cn1ncc2cc(-c3ccc(C(=O)N4CC[C@](C)(N)C4)cc3-c3ccc(C#N)c(F)c3)c(F)c(F)c21,9.96
CC(C)(O)Cn1ncc2cc(-c3ccc(C(=O)N4[C@@H]5CC[C@H]4[C@@H](N)C5)cc3-c3ccc(C#N)c(F)c3)c(F)c(F)c21,9.7
CC(C)(O)Cn1ncc2cc(-c3ccc(C(=O)N4[C@@H]5CC[C@H]4[C@@H](N)C5)cc3-c3ccc(C#N)c(F)c3)c(F)cc21,9.5
CC(C)(O)Cn1ncc2cc(-c3ccc(CN4[C@@H]5CC[C@H]4[C@@H](N)C5)cc3-c3ccc(C#N)c(F)c3)c(F)cc21,10.0
CC(C)(O)Cn1ncc2cc(-c3cn(CC(=O)N4CCC[C@@H](N)C4)nc3-c3ccc(C#N)c(F)c3)ccc21,6.95
CC(C)(O)Cn1nnc2cc(-c3ccc(C(=O)N4C5CCC4CC(N)C5)cc3-c3ccc(C#N)c(F)c3)c(F)c(Br)c21,9.68
CC(C)(O)Cn1nnc2cc(-c3ccc(C(=O)N4C5CCC4CC(N)C5)cc3-c3ccc(C#N)c(F)c3)c(F)c(C#N)c21,9.02
CC(C)(O)Cn1nnc2cc(-c3ccc(C(=O)N4C5CCC4CC(N)C5)cc3-c3ccc(C#N)c(F)c3)c(F)c(C(F)F)c21,9.42
CC(C)(O)Cn1nnc2cc(-c3ccc(C(=O)N4C5CCC4CC(N)C5)cc3-c3ccc(C#N)c(F)c3)c(F)c(C3CC3)c21,8.58
CC(C)(O)Cn1nnc2cc(-c3ccc(C(=O)N4C5CCC4CC(N)C5)cc3-c3ccc(C#N)c(F)c3)c(F)c(Cl)c21,9.85
CC(C)(O)Cn1nnc2cc(-c3ccc(C(=O)N4C5CCC4CC(N)C5)cc3-c3ccc(C#N)c(F)c3)c(F)c(F)c21,9.13
CC(C)(O)Cn1nnc2cc(-c3ccc(C(=O)N4CC[C@@H](N)C4)cc3-c3ccc(C#N)c(F)c3)c(F)c(F)c21,8.96
CC(C)(O)Cn1nnc2cc(-c3ccc(C(=O)N4CC[C@H](N)C4)cc3-c3ccc(C#N)c(F)c3)c(F)c(Br)c21,9.49
CC(C)(O)Cn1nnc2cc(-c3ccc(C(=O)N4CC[C@H](N)C4)cc3-c3ccc(C#N)c(F)c3)c(F)c(C#N)c21,9.06
CC(C)(O)Cn1nnc2cc(-c3ccc(C(=O)N4CC[C@H](N)C4)cc3-c3ccc(C#N)c(F)c3)c(F)c(C(F)F)c21,9.34
CC(C)(O)Cn1nnc2cc(-c3ccc(C(=O)N4CC[C@H](N)C4)cc3-c3ccc(C#N)c(F)c3)c(F)c(C3CC3)c21,8.67
CC(C)(O)Cn1nnc2cc(-c3ccc(C(=O)N4CC[C@H](N)C4)cc3-c3ccc(C#N)c(F)c3)c(F)c(Cl)c21,9.81
CC(C)(O)Cn1nnc2cc(-c3ccc(C(=O)N4CC[C@H](N)C4)cc3-c3ccc(C#N)c(F)c3)c(F)c(F)c21,8.96
CC(C)(O)Cn1nnc2cc(-c3ccc(C(=O)N4CC[C@](C)(N)C4)cc3-c3ccc(C#N)c(F)c3)c(F)c(F)c21,9.66
CC(C)(O)Cn1nnc2cc(-c3ccc(C(=O)N4[C@@H]5CC[C@H]4[C@@H](N)C5)cc3-c3ccc(C#N)c(F)c3)c(F)c(Br)c21,9.55
CC(C)(O)Cn1nnc2cc(-c3ccc(C(=O)N4[C@@H]5CC[C@H]4[C@@H](N)C5)cc3-c3ccc(C#N)c(F)c3)c(F)c(C#N)c21,9.64
CC(C)(O)Cn1nnc2cc(-c3ccc(C(=O)N4[C@@H]5CC[C@H]4[C@@H](N)C5)cc3-c3ccc(C#N)c(F)c3)c(F)c(C(F)F)c21,9.605
CC(C)(O)Cn1nnc2cc(-c3ccc(C(=O)N4[C@@H]5CC[C@H]4[C@@H](N)C5)cc3-c3ccc(C#N)c(F)c3)c(F)c(Cl)c21,10.02
CC(C)(O)Cn1nnc2cc(-c3ccc(C(=O)N4[C@@H]5CC[C@H]4[C@@H](N)C5)cc3-c3ccc(C#N)c(F)c3)c(F)c(F)c21,9.52
CC(C)(O)Cn1nnc2cc(-c3ccc(C(=O)N4[C@H]5CC[C@@H]4[C@H](N)C5)cc3-c3ccc(C#N)c(F)c3)c(F)c(C3CC3)c21,9.2
CC(C)(O)Cn1nnc2cc(-c3ccc(CN4[C@@H]5CC[C@H]4[C@@H](N)C5)cc3-c3ccc(C#N)c(F)c3)c(F)c(Br)c21,9.85
CC(C)(O)Cn1nnc2cc(-c3ccc(CN4[C@@H]5CC[C@H]4[C@@H](N)C5)cc3-c3ccc(C#N)c(F)c3)c(F)c(F)c21,10.04
CC(C)(O)c1ccc(-c2ncc3c(ccn3CC3CCNCC3)c2-c2ccc(C#N)cc2)cc1,7.68
CC(C)(OC=O)c1ccc(-c2ncc3c(ccn3CC3CCNCC3)c2-c2ccc(C#N)cc2)cc1,6.62
CC(C)=Cc1ccc(-c2ccc(C(=O)N3CC[C@H](N)C3)cc2-c2ccc(C#N)cc2)cc1,7.86
CC(C)C(=O)n1ncc2cc(-n3cc(CN[C@@H]4C[C@H]4c4ccc(F)c(F)c4)nn3)ccc21.Cl,8.0
CC(C)CN(CC(C)C)C1CC12CCc1ccccc12,4.1
CC(C)COc1ccc(Cl)cc1C1CC1N,5.05
CC(C)C[C@@H](NC(=O)[C@@H](CCCNN)NC(=O)[C@@H](CO)NC(=O)[C@@H](CCCNC(=N)N)NC(=O)[C@H]1CCCN1)C(=O)N[C@@H](C(=O)N[C@H](CCCNC(=N)N)C(=O)N[C@@H](CCCCNC(=O)COCCOCCNC(=O)[C@@H](CCCNC(=N)N)NC(=O)[C@@H](CCCNC(=N)N)NC(=O)[C@@H](CCCNC(=N)N)NC(=O)[C@@H](CCCNC(=N)N)NC(=O)[C@@H](CCCNC(=N)N)NC(=O)[C@@H](CCCNC(=N)N)NC(=O)[C@@H](CCCNC(=N)N)NC(=O)[C@@H](N)CCCNC(=N)N)C(=O)N1CCC[C@H]1C(=O)N[C@@H](CO)C(=O)N[C@@H](CC(=O)O)C(=O)N1CCC[C@H]1C(=O)N[C@@H](CC(N)=O)C(=O)N[C@@H](CCCNC(=N)N)C(=O)N[C@@H](CCCCN)C(=O)N1CCC[C@H]1C(=O)N[C@H](CC(N)=O)C(=O)N[C@@H](Cc1ccc(O)cc1)C(=O)N[C@@H](CO)C(=O)N[C@@H](CCC(N)=O)C(N)=O)C(C)C,6.54
CC(C)C[C@@H](NC(=O)[C@@H](CCCNN)NC(=O)[C@@H](CO)NC(=O)[C@H](CCCNC(=N)N)NC(=O)[C@@H]1CCCN1)C(=O)N[C@@H](C(=O)N[C@H](CCCNC(=N)N)C(=O)N[C@H](CCCCN)C(=O)N1CCC[C@@H]1C(=O)N[C@@H](CO)C(=O)N[C@@H](CC(=O)O)C(=O)N1CCC[C@H]1C(=O)N[C@@H](CC(N)=O)C(=O)N[C@@H](CCCNC(=N)N)C(=O)N[C@H](CCCCNC(=O)[C@H](CCCNC(=N)N)NC(=O)[C@H](CCCNC(=N)N)NC(=O)[C@H](CCCNC(=N)N)NC(=O)[C@H](CCCNC(=N)N)NC(=O)[C@H](CCCNC(=N)N)NC(=O)[C@H](CCCNC(=N)N)NC(=O)[C@H](CCCNC(=N)N)NC(=O)[C@H](N)CCCNC(=N)N)C(=O)N1CCC[C@H]1C(=O)N[C@H](CC(N)=O)C(=O)N[C@@H](Cc1ccc(O)cc1)C(=O)N[C@@H](CO)C(=O)N[C@@H](CCC(N)=O)C(N)=O)C(C)C,6.5
CC(C)C[C@@H](NC(=O)[C@@H](CCCNN)NC(=O)[C@@H](CO)NC(=O)[C@H](CCCNC(=N)N)NC(=O)[C@@H]1CCCN1)C(=O)N[C@@H](C(=O)N[C@H](CCCNC(=N)N)C(=O)N[C@H](CCCCN)C(=O)N1CCC[C@@H]1C(=O)N[C@H](CO)C(=O)N[C@H](CC(=O)O)C(=O)N1CCC[C@@H]1C(=O)N[C@H](CC(N)=O)C(=O)N[C@H](CCCNC(=N)N)C(=O)N[C@H](CCCCN)C(=O)N1CCC[C@@H]1C(=O)N[C@@H](CC(N)=O)C(=O)N[C@H](Cc1ccc(O)cc1)C(=O)N[C@H](CO)C(=O)N[C@H](CCC(N)=O)C(N)=O)C(C)C,6.36
CC(C)C[C@@H]1NC(=O)[C@H](Cc2ccccc2)NC(=O)[C@H](CO)NC(=O)[C@H](CCCNC(=N)N)NC(=O)[C@@H]2CCCN2C(=O)OCCSSCCOC(=O)NCCCC[C@@H](C(=O)N2CCC[C@H]2C(N)=O)NC(=O)[C@H](CCCNC(=N)N)NC(=O)[C@H](C(C)C)NC1=O,4.43
CC(C)C[C@H](NC(=O)[C@H](CCC(N)=O)NC(=O)[C@H](CCCCN)NC(=O)[C@H](CCCNC(=N)N)NC(=O)[C@@H]1CCCN1C(=O)[C@H](C)NC(=O)[C@H](CCCCN)NC(=O)CNC(=O)CNC(=O)[C@@H](NC(=O)[C@H](CO)NC(=O)[C@H](CCCCN)NC(=O)[C@H](CCCNC(=N)N)NC(=O)[C@H](C)NC(=O)[C@@H](NC(=O)[C@H](CCC(N)=O)NC(=O)[C@H](CCCCN)NC(=O)[C@@H](NC(=O)[C@H](CCCNC(=N)N)NC(=O)[C@H](C)N)[C@@H](C)O)[C@@H](C)O)[C@@H](C)O)C(=O)N[C@@H](C)C(=O)O,5.75
CC(C)C[C@H](NC(=O)[C@H](CCC(N)=O)NC(=O)[C@H](CCCCN)NC(=O)[C@H](CCCNC(=N)N)NC(=O)[C@@H]1CCCN1C(=O)[C@H](C)NC(=O)[C@H](CCCCN)NC(=O)CNC(=O)CNC(=O)[C@@H](NC(=O)[C@H](CO)NC(=O)[C@H](CCCCN)NC(=O)[C@H](CCCNC(=N)N)NC(=O)[C@H](C)NC(=O)[C@@H](NC(=O)[C@H](CCC(N)=O)NC(=O)[C@H](CCCCN)NC(=O)[C@@H](NC(=O)[C@H](CCCNC(=N)N)NC(=O)[C@H](C)N)[C@@H](C)O)[C@@H](C)O)[C@@H](C)O)C(=O)N[C@@H](C)C(N)=O,5.75
CC(C)C[C@H](NC(=O)[C@H](CCC(N)=O)NC(=O)[C@H](CCCCN)NC(=O)[C@H](CCCNC(=N)N)NC(=O)[C@@H]1CCCN1C(=O)[C@H](C)NC(=O)[C@H](CCCCN)NC(=O)CNC(=O)CNC(=O)[C@@H](NC(=O)[C@H](CO)NC(=O)[C@H](CCCCN)NC(=O)[C@H](CCCNC(=N)N)NC(=O)[C@H](C)NC(=O)[C@@H](NC(=O)[C@H](CCC(N)=O)NC(=O)[C@H](CCCCN1CC1)NC(=O)[C@@H](NC(=O)[C@H](CCCNC(=N)N)NC(=O)[C@H](C)N)[C@@H](C)O)[C@@H](C)O)[C@@H](C)O)C(=O)N[C@@H](C)C(=O)O,4.81
CC(C)C[C@H](NC(=O)[C@H](CCC(N)=O)NC(=O)[C@H](CCCCN)NC(=O)[C@H](CCCNC(=N)N)NC(=O)[C@@H]1CCCN1C(=O)[C@H](C)NC(=O)[C@H](CCCCN)NC(=O)CNC(=O)CNC(=O)[C@@H](NC(=O)[C@H](CO)NC(=O)[C@H](CCCCN)NC(=O)[C@H](CCCNC(=N)N)NC(=O)[C@H](C)NC(=O)[C@@H](NC(=O)[C@H](CCC(N)=O)NC(=O)[C@H](CCCCN1CC=CC1)NC(=O)[C@@H](NC(=O)[C@H](CCCNC(=N)N)NC(=O)[C@@H](C)N)[C@H](C)O)[C@H](C)O)[C@H](C)O)C(=O)N[C@@H](C)C(=O)O,6.65
CC(C)C[C@H](NC(=O)[C@H](CCC(N)=O)NC(=O)[C@H](CCCCN)NC(=O)[C@H](CCCNC(=N)N)NC(=O)[C@@H]1CCCN1C(=O)[C@H](C)NC(=O)[C@H](CCCCN)NC(=O)CNC(=O)CNC(=O)[C@@H](NC(=O)[C@H](CO)NC(=O)[C@H](CCCCN)NC(=O)[C@H](CCCNC(=N)N)NC(=O)[C@H](C)NC(=O)[C@@H](NC(=O)[C@H](CCC(N)=O)NC(=O)[C@H](CCCCN1CC=CCC1)NC(=O)[C@@H](NC(=O)[C@H](CCCNC(=N)N)NC(=O)[C@@H](C)N)[C@H](C)O)[C@H](C)O)[C@H](C)O)C(=O)N[C@@H](C)C(=O)O,4.96
CC(C)C[C@H](NC(=O)[C@H](CCC(N)=O)NC(=O)[C@H](CCCCN)NC(=O)[C@H](CCCNC(=N)N)NC(=O)[C@@H]1CCCN1C(=O)[C@H](C)NC(=O)[C@H](CCCCN)NC(=O)CNC(=O)CNC(=O)[C@@H](NC(=O)[C@H](CO)NC(=O)[C@H](CCCCN)NC(=O)[C@H](CCCNC(=N)N)NC(=O)[C@H](C)NC(=O)[C@@H](NC(=O)[C@H](CCC(N)=O)NC(=O)[C@H](CCCCNC/C=C/Cl)NC(=O)[C@@H](NC(=O)[C@H](CCCNC(=N)N)NC(=O)[C@H](C)N)[C@@H](C)O)[C@@H](C)O)[C@@H](C)O)C(=O)N[C@@H](C)C(=O)O,6.16
CC(C)C[C@H](NC(=O)[C@H](CCC(N)=O)NC(=O)[C@H](CCCCN)NC(=O)[C@H](CCCNC(=N)N)NC(=O)[C@@H]1CCCN1C(=O)[C@H](C)NC(=O)[C@H](CCCCN)NC(=O)CNC(=O)CNC(=O)[C@@H](NC(=O)[C@H](CO)NC(=O)[C@H](CCCCN)NC(=O)[C@H](CCCNC(=N)N)NC(=O)[C@H](C)NC(=O)[C@@H](NC(=O)[C@H](CCC(N)=O)NC(=O)[C@H](CCCCNC/C=C\Cl)NC(=O)[C@@H](NC(=O)[C@H](CCCNC(=N)N)NC(=O)[C@H](C)N)[C@@H](C)O)[C@@H](C)O)[C@@H](C)O)C(=O)N[C@@H](C)C(=O)O,6.05
CC(C)C[C@H](NC(=O)[C@H](CCC(N)=O)NC(=O)[C@H](CCCCN)NC(=O)[C@H](CCCNC(=N)N)NC(=O)[C@@H]1CCCN1C(=O)[C@H](C)NC(=O)[C@H](CCCCN)NC(=O)CNC(=O)CNC(=O)[C@@H](NC(=O)[C@H](CO)NC(=O)[C@H](CCCCN)NC(=O)[C@H](CCCNC(=N)N)NC(=O)[C@H](C)NC(=O)[C@@H](NC(=O)[C@H](CCC(N)=O)NC(=O)[C@H](CCCCNC1CC1)NC(=O)[C@@H](NC(=O)[C@H](CCCNC(=N)N)NC(=O)[C@H](C)N)[C@@H](C)O)[C@@H](C)O)[C@@H](C)O)C(=O)N[C@@H](C)C(=O)O,5.5600000000000005
CC(C)C[C@H](NC(=O)[C@H](CCC(N)=O)NC(=O)[C@H](CCCCN)NC(=O)[C@H](CCCNC(=N)N)NC(=O)[C@@H]1CCCN1C(=O)[C@H](C)NC(=O)[C@H](CCCCN)NC(=O)CNC(=O)CNC(=O)[C@@H](NC(=O)[C@H](CO)NC(=O)[C@H](CCCCN)NC(=O)[C@H](CCCNC(=N)N)NC(=O)[C@H](C)NC(=O)[C@@H](NC(=O)[C@H](CCC(N)=O)NC(=O)[C@H](CCCCNC1CC1c1ccccc1)NC(=O)[C@@H](NC(=O)[C@H](CCCNC(=N)N)NC(=O)[C@@H](C)N)[C@H](C)O)[C@H](C)O)[C@H](C)O)C(=O)N[C@@H](C)C(=O)O,6.83
CC(C)C[C@H](NC(=O)[C@H](CCC(N)=O)NC(=O)[C@H](CCCCN)NC(=O)[C@H](CCCNC(=N)N)NC(=O)[C@@H]1CCCN1C(=O)[C@H](C)NC(=O)[C@H](CCCCN)NC(=O)CNC(=O)CNC(=O)[C@@H](NC(=O)[C@H](CO)NC(=O)[C@H](CCCCN)NC(=O)[C@H](CCCNC(=N)N)NC(=O)[C@H](C)NC(=O)[C@@H](NC(=O)[C@H](CCC(N)=O)NC(=O)[C@H](CCCCNN)NC(=O)[C@@H](NC(=O)[C@H](CCCNC(=N)N)NC(=O)[C@H](C)N)[C@@H](C)O)[C@@H](C)O)[C@@H](C)O)C(=O)N[C@@H](C)C(=O)O,8.36
CC(C)C[C@H](NC(=O)[C@H](CCC(N)=O)NC(=O)[C@H](CCCCN)NC(=O)[C@H](CCCNC(=N)N)NC(=O)[C@@H]1CCCN1C(=O)[C@H](C)NC(=O)[C@H](CCCCN)NC(=O)CNC(=O)CNC(=O)[C@@H](NC(=O)[C@H](CO)NC(=O)[C@H](CCCCN)NC(=O)[C@H](CCCNC(=N)N)NC(=O)[C@H](C)NC(=O)[C@@H](NC(=O)[C@H](CCC(N)=O)NC(=O)[C@H](CCCCN[C@@H]1C[C@H]1c1ccccc1)NC(=O)[C@@H](NC(=O)[C@H](CCCNC(=N)N)NC(=O)[C@H](C)N)[C@@H](C)O)[C@@H](C)O)[C@@H](C)O)C(=O)N[C@@H](C)C(=O)O,6.92
CC(C)C[C@H](NC(=O)[C@H](CCC(N)=O)NC(=O)[C@H](CCCCN)NC(=O)[C@H](CCCNC(=N)N)NC(=O)[C@@H]1CCCN1C(=O)[C@H](C)NC(=O)[C@H](CCCCN)NC(=O)CNC(=O)CNC(=O)[C@@H](NC(=O)[C@H](CO)NC(=O)[C@H](CCCCN)NC(=O)[C@H](CCCNC(=N)N)NC(=O)[C@H](C)NC(=O)[C@@H](NC(=O)[C@H](CCC(N)=O)NC(=O)[C@H](CC[C@H]1C[C@@H]1N(C)C)NC(=O)[C@@H](NC(=O)[C@H](CCCNC(=N)N)NC(=O)[C@H](C)N)[C@@H](C)O)[C@@H](C)O)[C@@H](C)O)C(=O)N[C@@H](C)C(=O)O,4.62
CC(C)C[C@H](NC(=O)[C@H](CCC(N)=O)NC(=O)[C@H](CCCCN)NC(=O)[C@H](CCCNC(=N)N)NC(=O)[C@@H]1CCCN1C(=O)[C@H](C)NC(=O)[C@H](CCCCN)NC(=O)CNC(=O)CNC(=O)[C@@H](NC(=O)[C@H](CO)NC(=O)[C@H](CCCCN)NC(=O)[C@H](CCCNC(=N)N)NC(=O)[C@H](C)NC(=O)[C@@H](NC(=O)[C@H](CCC(N)=O)NC(=O)[C@H](CC[C@H]1C[C@@H]1N)NC(=O)[C@@H](NC(=O)[C@H](CCCNC(=N)N)NC(=O)[C@H](C)N)[C@@H](C)O)[C@@H](C)O)[C@@H](C)O)C(=O)N[C@@H](C)C(=O)O,5.21
CC(C)C[C@H](NC(=O)[C@H](CCC(N)=O)NC(=O)[C@H](CCCCN)NC(=O)[C@H](CCCNC(=N)N)NC(=O)[C@@H]1CCCN1C(=O)[C@H](C)NC(=O)[C@H](CCCCN)NC(=O)CNC(=O)CNC(=O)[C@@H](NC(=O)[C@H](CO)NC(=O)[C@H](CCCCN)NC(=O)[C@H](CCCNC(=N)N)NC(=O)[C@H](C)NC(=O)[C@@H](NC(=O)[C@H](CCC(N)=O)NC(=O)[C@H](CC[C@H]1C[C@H]1N)NC(=O)[C@@H](NC(=O)[C@H](CCCNC(=N)N)NC(=O)[C@H](C)N)[C@@H](C)O)[C@@H](C)O)[C@@H](C)O)C(=O)N[C@@H](C)C(=O)O,5.57
CC(C)C[C@H](NC(=O)[C@H](CCC(N)=O)NC(=O)[C@H](CCCCN)NC(=O)[C@H](CCCNC(=N)N)NC(=O)[C@@H]1CCCN1C(=O)[C@H](C)NC(=O)[C@H](CCCCN)NC(=O)CNC(=O)CNC(=O)[C@@H](NC(=O)[C@H](CO)NC(=O)[C@H](CCCCN1CC=CCC1)NC(=O)[C@H](CCCNC(=N)N)NC(=O)[C@H](C)NC(=O)[C@@H](NC(=O)[C@H](CCC(N)=O)NC(=O)[C@H](CCCCN)NC(=O)[C@@H](NC(=O)[C@H](CCCNC(=N)N)NC(=O)[C@@H](C)N)[C@H](C)O)[C@H](C)O)[C@H](C)O)C(=O)N[C@@H](C)C(=O)O,4.06
CC(C)C[C@H](NC(=O)[C@H](CCC(N)=O)NC(=O)[C@H](CCCCN)NC(=O)[C@H](CCCNC(=N)N)NC(=O)[C@@H]1CCCN1C(=O)[C@H](C)NC(=O)[C@H](CCCCN)NC(=O)CNC(=O)CNC(=O)[C@@H](NC(=O)[C@H](CO)NC(=O)[C@H](CCCCNC1CC1c1ccccc1)NC(=O)[C@H](CCCNC(=N)N)NC(=O)[C@H](C)NC(=O)[C@@H](NC(=O)[C@H](CCC(N)=O)NC(=O)[C@H](CCCCN)NC(=O)[C@@H](NC(=O)[C@H](CCCNC(=N)N)NC(=O)[C@@H](C)N)[C@H](C)O)[C@H](C)O)[C@H](C)O)C(=O)N[C@@H](C)C(=O)O,6.55
CC(C)C[C@H](NC(=O)[C@H](CCCCN[C@H]1C[C@@H]1c1ccccc1)NC(=O)[C@H](CO)NC(=O)[C@H](CCCNC(=N)N)NC(=O)[C@@H]1CCCN1)C(=O)N[C@H](C(=O)N[C@@H](CCCNC(=N)N)C(=O)N[C@@H](CCCCN)C(=O)N1CCC[C@H]1C(=O)N[C@H](CO)C(=O)N[C@H](CC(=O)O)C(=O)N1CCC[C@@H]1C(=O)N[C@H](CC(N)=O)C(=O)N[C@H](CCCNC(=N)N)C(=O)N[C@H](CCCCN)C(=O)N1CCC[C@@H]1C(=O)N[C@@H](CC(N)=O)C(=O)N[C@H](Cc1ccc(O)cc1)C(=O)N[C@H](CO)C(=O)N[C@H](CCC(N)=O)C(N)=O)C(C)C,4.2
CC(C)C[C@H](NC(=O)[C@H](CCCNN)NC(=O)[C@H](CO)NC(=O)[C@@H](CCCNC(=N)N)NC(=O)[C@H]1CCCN1)C(=O)N[C@H](C(=O)N[C@@H](CCCNC(=N)N)C(=O)N[C@@H](CCCCNC(=O)[C@@H](CCCNC(=N)N)NC(=O)[C@@H](CCCNC(=N)N)NC(=O)[C@@H](CCCNC(=N)N)NC(=O)[C@@H](CCCNC(=N)N)NC(=O)[C@@H](CCCNC(=N)N)NC(=O)[C@@H](CCCNC(=N)N)NC(=O)[C@@H](CCCNC(=N)N)NC(=O)[C@@H](N)CCCNC(=N)N)C(=O)N1CCC[C@H]1C(=O)N[C@@H](CO)C(=O)N[C@@H](CC(=O)O)C(=O)N1CCC[C@H]1C(=O)N[C@@H](CC(N)=O)C(=O)N[C@@H](CCCNC(=N)N)C(=O)N[C@@H](CCCCN)C(=O)N1CCC[C@H]1C(=O)N[C@H](CC(N)=O)C(=O)N[C@@H](Cc1ccc(O)cc1)C(=O)N[C@@H](CO)C(=O)N[C@@H](CCC(N)=O)C(N)=O)C(C)C,6.55
CC(C)C[C@H](NC(=O)[C@H](Cc1ccccc1)NC(=O)CNC(=O)[C@H](CCCNC(=N)N)NC(=O)[C@@H]1CCCN1)C(=O)N[C@H](C(=O)N[C@@H](CCCCN)C(=O)N[C@@H](CCCNC(=N)N)C(=O)N[C@@H](CO)C(=O)N[C@@H](CCCCN)C(=O)N[C@@H](CCCCN)C(=O)N[C@@H](CO)C(=O)N[C@H](C(=O)N1CCC[C@H]1C(=O)N[C@H](C(=O)N[C@@H](CO)C(=O)N[C@@H](Cc1ccc(O)cc1)C(=O)N[C@@H](CCCNC(=N)N)C(=O)N[C@H](C(=O)N[C@@H](CCCNC(=N)N)C(N)=O)C(C)C)C(C)C)[C@@H](C)O)C(C)C,6.62
CC(C)C[C@H](NC(=O)[C@H](Cc1ccccc1)NC(=O)[C@H](CO)NC(=O)[C@H](CCCNC(=N)N)NC(=O)[C@@H]1CCCN1)C(=O)N[C@H](C(=O)N[C@@H](CCCNC(=N)N)C(=O)N[C@@H](CCCCN)C(=O)N1CCC[C@H]1C(=O)N[C@@H](CO)C(=O)N[C@@H](CC(=O)O)C(=O)N1CCC[C@H]1C(=O)N[C@@H](CC(N)=O)C(=O)N[C@@H](CCCNC(=N)N)C(=O)N[C@@H](CCCCN)C(=O)N1CCC[C@H]1C(=O)N[C@@H](CC(N)=O)C(=O)N[C@@H](Cc1ccc(O)cc1)C(=O)N[C@@H](CO)C(=O)N[C@@H](CCC(N)=O)C(=O)O)C(C)C,6.68
CC(C)C[C@H](NC(=O)[C@H](Cc1ccccc1)NC(=O)[C@H](CO)NC(=O)[C@H](CCCNC(=N)N)NC(=O)[C@@H]1CCCN1)C(=O)N[C@H](C(=O)N[C@@H](CCCNC(=N)N)C(=O)N[C@@H](CCCCN)C(=O)N1CCC[C@H]1C(=O)O)C(C)C,5.96
CC(C)C[C@H](NC(=O)[C@H](Cc1ccccc1)NC(=O)[C@H](CO)NC(=O)[C@H](CCCNC(=N)N)NC(=O)[C@@H]1CCCN1)C(=O)N[C@H](C(=O)N[C@@H](CCCNC(=N)N)C(=O)N[C@@H](CCCCN)C(=O)N1CCC[C@H]1C(N)=O)C(C)C,6.285
CC(C)C[C@H](NC(=O)[C@H](Cc1ccccc1)NC(=O)[C@H](CO)NC(=O)[C@H](CCCNC(=N)N)NC(=O)[C@@H]1CCCN1)C(=O)N[C@H](C(=O)N[C@@H](CCCNC(=N)N)C(=O)N[C@@H](CCCCN)C(=O)N[C@@H](CCCNC(=N)N)C(=O)O)C(C)C,7.0
CC(C)C[C@H](NC(=O)[C@H](Cc1ccccc1)NC(=O)[C@H](CO)NC(=O)[C@H](CCCNC(=N)N)NC(=O)[C@@H]1CCCN1)C(=O)N[C@H](C(=O)N[C@@H](CCCNC(=N)N)C(=O)N[C@@H](CCCCN)C(=O)O)C(C)C,6.02
CC(C)C[C@H](NC(=O)[C@H](Cc1ccccc1)NC(=O)[C@H](CO)NC(=O)[C@H](CCCNC(=N)N)NC(=O)[C@@H]1CCCN1)C(=O)N[C@H](C(=O)N[C@@H](CCCNC(=N)N)C(=O)N[C@@H](CCCNC(=N)N)C(=O)N1CCC[C@H]1C(=O)O)C(C)C,6.75
CC(C)C[C@H](NC(=O)[C@H](Cc1ccccc1)NC(=O)[C@H](CO)NC(=O)[C@H](CCCNC(=N)N)NC(=O)[C@@H]1CCCN1)C(=O)N[C@H](C(=O)N[C@@H](CCCNC(=N)N)C(=O)N[C@@H](CCCNC(=N)N)C(=O)N[C@@H](CCCCN)C(=O)O)C(C)C,8.11
CC(C)C[C@H](NC(=O)[C@H](Cc1ccccc1)NC(=O)[C@H](CO)NC(=O)[C@H](CCCNC(=N)N)NC(=O)[C@@H]1CCCN1)C(=O)N[C@H](C(=O)N[C@@H](CCCNC(=N)N)C(=O)N[C@@H](CCCNC(=N)N)C(=O)N[C@@H](CCCNC(=N)N)C(=O)O)C(C)C,8.28
CC(C)C[C@H](NC(=O)[C@H](Cc1ccccc1)NC(=O)[C@H](CO)NC(=O)[C@H](CCCNC(=N)N)NC(=O)[C@@H]1CCCN1)C(=O)N[C@H](C(=O)N[C@@H](CCCNC(=N)N)C(=O)N[C@@H](CCCNC(=N)N)C(=O)O)C(C)C,7.0
CC(C)C[C@H](NC(=O)[C@H](Cc1ccccc1)NC(=O)[C@H](CO)NC(=O)[C@H](CCCNC(=N)N)NC(=O)[C@@H]1CCCN1)C(=O)N[C@H](C(N)=O)C(C)C,4.55
CC(C)N1CCC(N[C@H]2C[C@@H]2c2ccccc2)CC1,6.97
CC(C)N1CCN(C(=O)[C@H](CCCN[C@@H]2C[C@H]2c2ccc(F)cc2)NC(=O)c2ccc(-c3ncccn3)cc2)CC1,5.0
CC(C)N1CCN(C(=O)[C@H](CCCN[C@@H]2C[C@H]2c2ccc(F)cc2)NC(=O)c2ccc(-n3ccnn3)cc2)CC1,4.89
CC(C)N1CCN(C(=O)[C@H](CCCN[C@@H]2C[C@H]2c2ccc(F)cc2)NC(=O)c2ccc(C#N)cc2)CC1,4.7
CC(C)N1CCN(C(=O)[C@H](CCCN[C@@H]2C[C@H]2c2ccc(F)cc2)NC(=O)c2ccc(F)cc2)CC1,4.64
CC(C)N1CCN(CCN2c3ccccc3Sc3ccccc32)CC1,5.72
CC(C)NC(=O)CN[C@H]1CC1c1ccccc1,4.72
CC(C)NC(=O)N1CCC(CC#N)(N2CC(CNC3CC3c3ccccc3)C2)CC1,7.52
CC(C)NC(=O)c1cc(F)c(N2CC(CC#N)(N3CCC(CNC4CC4c4ccccc4)CC3)C2)cc1F,7.52
CC(C)NC1CC2CCC(C1)N2C(=O)c1ccc(-c2ccc(CC(C)(C)O)cc2F)c(-c2ccc(C#N)c(F)c2)c1,8.81
CC(C)N[C@H]1CCN(C(=O)c2ccc(-c3cc4nnn(C)c4cc3F)c(-c3ccc(C#N)c(F)c3)c2)C1,8.55
CC(C)OCCN1CCC(N[C@@H]2C[C@H]2c2ccccc2)CC1,7.15
CC(C)S(=O)(=O)NC(=O)/C=C/c1ccc(CN2CCC(N[C@@H]3C[C@H]3c3ccccc3)CC2)cc1,7.29
CC(C)S(=O)(=O)NC(=O)Cc1ccc(CN2CCC(N[C@@H]3C[C@H]3c3ccccc3)CC2)cc1,7.92
CC(C)S(=O)(=O)NC(=O)c1ccc(CN2CCC(N[C@@H]3C[C@H]3c3ccccc3)CC2)cc1,7.25
CC(C)S(=O)(=O)NCCN1CCC(N[C@@H]2C[C@H]2c2ccccc2)CC1,7.6
CC(C)S(=O)(=O)Nc1cccc(-c2ccc([C@H]3C[C@@H]3N)cc2)c1,7.23
CC(C)S(=O)(=O)Nc1cccc(-c2ccc([C@H]3C[C@@H]3N)cn2)c1,7.3
CC(C)S(=O)(=O)Nc1cccc(-c2ccc([C@H]3C[C@@H]3NC3CCNCC3)cc2)c1,6.96
CC(C)[C@H](N)c1nc(C2(CN[C@@H]3C[C@H]3c3ccccc3)CC2)no1,6.52
CC(C)[C@H](NC(=O)[C@@H](NC(=O)[C@H](CCC(N)=O)NC(=O)[C@H](Cc1ccccc1)NC(=O)[C@H](CO)NC(=O)[C@H](CCCNC(=N)N)NC(=O)[C@@H]1CCCN1)[C@@H](C)O)C(N)=O,5.1
CC(C)[C@H]1CCN(c2nc(-c3ccc(C#N)cc3)c(-c3ccc4c(c3)oc(=O)n4C)n3cncc23)C1,7.12
CC(C)c1c[nH]c(-c2cc3sccc3n2C)n1,5.64
CC(C)c1cc(COc2cc(C(=O)N3CCC[C@@H](N)C3)nn2-c2ccc(C#N)cc2)on1,7.425
CC(C)c1cc(NN)n2nc(SCc3ccccc3)nc2n1,4.65
CC(C)c1ccc(-c2c(-c3ccc(C#N)cc3)nc(N3CCC(N(C)C)CC3)n3ccnc23)cn1,6.56
CC(C)c1ccc(-c2c(-c3ccc(C#N)cc3)nc(OC[C@@H]3CCCN(C)C3)n3ccnc23)cn1,6.56
CC(C)c1ccc(-c2ncc(OCC3CCNCC3)cc2-c2ccc(C#N)cc2)cc1,7.06
CC(C)c1ccc(-c2ncc3c(ccn3CC3CCNCC3)c2-c2ccc(C#N)cc2)cc1,7.34
CC(C)c1ccc(-n2nc(C(=O)N3C4CCC3CC(N)C4)cc2-c2ccc(C#N)c(F)c2)c(F)c1,7.06
CC(C)c1ccc(-n2nc(C(=O)N3CC4CNCC(C4)C3)cc2-c2ccc(C#N)c(F)c2)c(F)c1,6.73
CC(C)c1ccc(-n2nc(C(=O)N3CCCC[C@@H](N)C3)cc2-c2ccc(C#N)c(F)c2)c(F)c1,7.48
CC(C)c1ccc(-n2nc(C(=O)N3CCC[C@@H](N)C3)cc2-c2ccc(C#N)c(F)c2)c(F)c1,7.21
CC(C)c1ccc(-n2nc(C(=O)N3CCC[C@@H](N)C3)cc2-c2ccc(C#N)cc2)c(F)c1,7.44
CC(C)c1ccc2nc3ccccc3c(Nc3ccc(N(C)C)cc3)c2c1,7.31
CC(C)c1ccc2nc3ccccc3c(Nc3ccc(N4CCN(C)CC4)cc3)c2c1,6.64
CC(C)c1cccc2c(Nc3ccc(N(C)C)cc3)c3ccccc3nc12,7.12
CC(C)c1nc2cc(-c3c(-c4ccc(C#N)cc4)cc(OC[C@@H]4CCCN(C)C4)c4cncn34)cnc2n1C,6.52
CC(C)n1c(=O)sc2cc(-c3ccc(C(=O)N4C5CCC4CC(N)C5)cc3-c3ccc(C#N)c(F)c3)ccc21,8.55
CC(C)n1c(C(=O)Nc2cccc3c2N(Cc2ccc(OC4CCNCC4)cc2)CCC3)cc2ccccc21,9.74
CC(C)n1cc(C2CC2NCC2CCN(CCCc3ccc(C(=O)NO)cc3)CC2)cn1,6.32
CC(C)n1cc(C2CC2NCC2CCN(CCCc3ccc(C(=O)Nc4ccccc4N)cc3)CC2)cn1,6.89
CC(C)n1cc2cc(-c3ncc4c(ccn4C[C@@H]4CCNC4)c3-c3ccc(C#N)c(F)c3)ccc2n1,7.22
CC(C)n1ncc2cc(-c3ncc4c(ccn4C[C@@H]4CCNC4)c3-c3ccc(C#N)c(F)c3)ccc21,7.58
CC(C)n1nnc2cc(-c3c(-c4ccc(C#N)cc4)cc(OC[C@@H]4CCCN(C)C4)c4cncn34)cnc21,6.52
CC(C1CCNC1)n1ccc2c(-c3ccc(C#N)c(F)c3)c(-c3ccc4c(cnn4C)c3)ncc21,7.005000000000001
CC(CN(C)C)NC(=O)CN[C@H]1C[C@@H]1c1ccccc1,7.4
CC(CNS(C)(=O)=O)N1CCC(N[C@@H]2C[C@H]2c2ccccc2)CC1,7.82
CC(NC(=O)c1cccc(S(=O)(=O)N2CCOCC2)c1)Nc1cc(Cl)ccc1O,5.16
CC(NC1CC12CCCc1ccccc12)C1CCNCC1,6.16
CC(NC1CC1c1ccccc1)[C@H]1CC[C@H](C(=O)NO)CC1,7.51
CC(NC1CC1c1ccccc1)c1ccc2c(c1)OCCO2,8.3
CC(N[C@H]1CC1c1ccccc1)c1ccc2c(c1)OCCO2,8.3
CC(N[C@H]1C[C@@H]1c1ccccc1)C(=O)NC1CC1,5.39
CC(N[C@H]1C[C@@H]1c1ccccc1)C(N)=O,5.19
CC(N[C@H]1C[C@@H]1c1ccccc1)c1ccc2c(c1)OCCO2,8.3
CC(Nc1cc(Cl)ccc1O)C(=O)Nc1cccc(S(=O)(=O)N2CCOCC2)c1,5.16
CC(O)(COc1ccccc1)CN1CCC(N[C@@H]2C[C@H]2c2ccccc2)CC1,7.77
CC(O)CN1CCC[C@@H](COc2cc(-c3ccc(C#N)cc3)c(-c3cnc4c(c3)OCCO4)n3cncc23)C1,7.12
CC(O)CN1CCC[C@@H](COc2cc(-c3ccc(C#N)cc3)c(-c3cnc4ccoc4c3)n3cncc23)C1,7.12
CC(O)CN1CCC[C@@H](COc2nc(-c3ccc(C#N)cc3)c(-c3cnc4c(cnn4C)c3)n3cncc23)C1,6.52
CC(O)COc1cc(C(=O)N2CCC[C@@H](N)C2)nn1-c1ccc(C#N)cc1,6.345
CC(O)COc1ccc(-c2ccc(C(=O)N3CC[C@H](N)C3)cc2-c2ccc(C#N)cc2)cc1,8.0
CC(O)c1c(F)cc(-c2c(-c3ccc(C#N)cc3)cc(OC[C@@H]3CCCN(C)C3)c3cncn23)cc1F,7.12
CC(Oc1cc(C(=O)N2CCC[C@@H](N)C2)nn1-c1ccc(C#N)cc1)C(N)=O,5.105
CC/C(=C(/c1ccc(OCCN(C)C)cc1)c1ccc(OC(=O)N(C)CCN(C)C2CC2c2ccccc2)cc1)c1ccccc1,6.7
CC/C(=C(/c1ccc(OCCN(C)C)cc1)c1ccc(OC(=O)NCCN(C)C2CC2c2ccccc2)cc1)c1ccccc1,6.52
CC/C(=C\c1ccccc1)[C@@H]1C[C@H]1N,6.38
CC/C(=C\c1ccccc1)[C@@H]1C[C@H]1NC1CC2(C1)CN(C(C)=O)C2,7.9799999999999995
CC/C(=C\c1ccccc1)[C@@H]1C[C@H]1NC1CC2(C1)CN(C1COC1)C2,8.46
CC/C(=C\c1ccccc1)[C@@H]1C[C@H]1NC1CC2(C1)CN(CC(F)F)C2,8.15
CC/C(=C\c1ccccc1)[C@@H]1C[C@H]1NC1CC2(C1)CN(CCO)C2,8.455
CC/C(=C\c1ccccc1)[C@@H]1C[C@H]1NC1CC2(C1)CN(S(C)(=O)=O)C2,8.31
CC/C(=C\c1ccccc1)[C@@H]1C[C@H]1NC1CC2(CCN(CCO)CC2)C1,8.3
CC/C(=C\c1ccccc1)[C@@H]1C[C@H]1NC1CC2(CNC2)C1,8.29
CC/C(=C\c1ccccc1)[C@@H]1C[C@H]1NC1CCN(CCO)CC1,8.4
CC/C(=C\c1ccccc1)[C@@H]1C[C@H]1N[C@H]1CC[C@H](NCCC(=O)O)CC1,7.035
CC/C(=C\c1ccccc1)[C@@H]1C[C@H]1N[C@H]1CC[C@H](NCCO)CC1,8.22
CC1(C)C(N[C@@H]2C[C@H]2c2ccccc2)CCC1N[C@@H]1C[C@H]1c1ccccc1,5.32
CC1(C)CC(N[C@H]2C[C@@H]2c2ccccc2)CC(C)(C)N1,7.17
CC1(C)CCN(CC2(CN[C@H]3CC3c3ccccc3)CC2)C1,7.12
CC1(C)CCc2cc(CN[C@H]3CC3c3ccccc3)ccc2O1,7.4
CC1(C)CN(C(=O)[C@H](CCCN[C@@H]2C[C@H]2c2ccc(F)cc2)NC(=O)c2ccc(C#N)cc2)C1,4.57
CC1(CNC2CC2c2ccc3c(c2)CCN3S(=O)(=O)c2ccccc2)CCNCC1,4.77
CC1(CN[C@@H]2CC2c2ccccc2)CCN(C2(CC(=O)O)CCC2)CC1,7.52
CC1(N)CC12CCCc1ccccc12,5.385
CC1(N)CCC(N[C@H]2C[C@@H]2c2ccccc2)CC1,6.83
CC1(O)CCN(C(=O)[C@H](CCCN[C@@H]2C[C@H]2c2ccc(F)cc2)NC(=O)c2ccc(C#N)cc2)CC1,4.68
CC1(c2ccccc2)CC1NC1CCC(N)CC1,7.33
CC1(c2ccccc2)CC1NC1CCNCC1,7.01
CC1CC(Cn2ccc3c(-c4ccc(C#N)cc4)c(-c4ccc5c(cnn5C)c4)ncc32)CC(C)N1,7.79
CC1CCN(CC2(CN[C@H]3CC3c3ccccc3)CC2)C1,7.12
CC1CCN(CCCN2c3ccccc3Sc3ccccc32)CC1,6.08
CC1CN(CCN2c3ccccc3Sc3ccccc32)CCO1,5.52
CC1COCC(C)N1S(=O)(=O)c1cccc(C(=O)N/N=C2\CCc3c(Cl)ccc(O)c32)c1,8.96
CC1COCC(C)N1S(=O)(=O)c1cccc(C(=O)N/N=C2\CCc3c(O)ccc(O)c32)c1,9.1
CC1COCC(C)N1S(=O)(=O)c1cccc(C(=O)N/N=C2\CCc3cccc(O)c32)c1,8.92
CCC(=C(c1ccc(OCCN(C)C)cc1)c1ccc(C(=O)N(C)CCN(C)[C@H]2C[C@@H]2c2ccccc2)cc1)c1ccccc1,7.05
CCC(=O)N1CCc2cc(C3CC3NCC3CCNCC3)ccc21,4.52
CCC(=O)c1ccc(-n2cc(CN[C@@H]3C[C@H]3c3ccc(F)c(F)c3)nn2)cc1.Cl,7.72
CCC(=O)n1ncc2cc(-n3cc(CN[C@@H]4C[C@H]4c4ccc(F)c(F)c4)nn3)ccc21.Cl,7.94
CCC(O)(CC)Cn1ccc2cc(-c3ccc(C(=O)N4CC[C@H](N)C4)cc3-c3ccc(C#N)c(F)c3)c(F)c(F)c21,9.35
CCC(O)(CC)Cn1ncc2cc(-c3ccc(C(=O)N4C5CCC4CC(N)C5)cc3-c3ccc(C#N)c(F)c3)c(F)cc21,8.89
CCC(O)(CC)Cn1ncc2cc(-c3ccc(C(=O)N4CC[C@H](N)C4)cc3-c3ccc(C#N)c(F)c3)c(F)cc21,9.35
CCC(O)(CC)Cn1ncc2cc(-c3ccc(C(=O)N4[C@@H]5CC[C@H]4[C@@H](N)C5)cc3-c3ccc(C#N)c(F)c3)c(F)cc21,9.61
CCC(O)(CC)Cn1nnc2cc(-c3ccc(C(=O)N4C5CCC4CC(N)C5)cc3-c3ccc(C#N)c(F)c3)c(F)c(Cl)c21,9.92
CCC(O)(CC)Cn1nnc2cc(-c3ccc(C(=O)N4C5CCC4CC(N)C5)cc3-c3ccc(C#N)c(F)c3)c(F)c(F)c21,9.3
CCC(O)(CC)Cn1nnc2cc(-c3ccc(C(=O)N4CC[C@H](N)C4)cc3-c3ccc(C#N)c(F)c3)c(F)c(Cl)c21,10.0
CCC(O)(CC)Cn1nnc2cc(-c3ccc(C(=O)N4CC[C@H](N)C4)cc3-c3ccc(C#N)c(F)c3)c(F)c(F)c21,9.6
CCC(O)(CC)Cn1nnc2cc(-c3ccc(C(=O)N4[C@@H]5CC[C@H]4[C@@H](N)C5)cc3-c3ccc(C#N)c(F)c3)c(F)c(Cl)c21,9.925
CCC(O)(CC)Cn1nnc2cc(-c3ccc(C(=O)N4[C@@H]5CC[C@H]4[C@@H](N)C5)cc3-c3ccc(C#N)c(F)c3)c(F)c(F)c21,9.84
CCC(O)(CC)Cn1nnc2cc(-c3ccc(CN4[C@@H]5CC[C@H]4[C@@H](N)C5)cc3-c3ccc(C#N)c(F)c3)c(F)c(Br)c21,9.82
CCC(O)(CC)Cn1nnc2cc(-c3ccc(CN4[C@@H]5CC[C@H]4[C@@H](N)C5)cc3-c3ccc(C#N)c(F)c3)c(F)c(Cl)c21,10.12
CCC(O)(CC)Cn1nnc2cc(-c3ccc(CN4[C@@H]5CC[C@H]4[C@@H](N)C5)cc3-c3ccc(C#N)c(F)c3)c(F)c(F)c21,10.12
CCC1(Cn2ccc3c(-c4ccc(C#N)cc4)c(-c4ccc5c(cnn5C)c4)ncc32)CCNCC1,6.92
CCCC(=O)N1CCc2cc(C3CC3NCC3CCNCC3)ccc21,4.81
CCCC(=O)NC(c1ccc(N(CC)CC)cc1)c1cc(Cl)c2cccnc2c1O,8.41
CCCCC(=O)N1CCc2cc(C3CC3NCC3CCNCC3)ccc21,4.3
CCCCN1CCN(CCN2c3ccccc3Sc3ccccc32)CC1,5.54
CCCCNC(=O)c1cccc(CN[C@@H]2C[C@H]2c2ccc(F)c(F)c2)c1,6.69
CCCNC1CC12CCc1ccccc12,6.17
CCCS(=O)(=O)NC(=O)/C=C/c1ccc(CN2CCC(N[C@@H]3C[C@H]3c3ccccc3)CC2)cc1,7.26
CCCS(=O)(=O)NC(=O)c1ccc(CN2CCC(N[C@@H]3C[C@H]3c3ccccc3)CC2)cc1,7.01
CCCSc1nc(Oc2c(OC)cc(CN[C@@H]3C[C@H]3c3ccc(F)c(F)c3)cc2OC)c2nnn(Cc3cccc(Cl)c3)c2n1,7.375
CCCSc1nc(Oc2c(OC)cc(CN[C@@H]3C[C@H]3c3ccccc3)c(C)c2OC)c2nnn(Cc3ccccc3)c2n1,7.02
CCCSc1nc(Oc2c(OC)cc(CN[C@@H]3C[C@H]3c3ccccc3)cc2OC)c2nnn(CCCc3ccccc3)c2n1,7.07
CCCSc1nc(Oc2c(OC)cc(CN[C@@H]3C[C@H]3c3ccccc3)cc2OC)c2nnn(CCc3ccccc3)c2n1,7.05
CCCSc1nc(Oc2c(OC)cc(CN[C@@H]3C[C@H]3c3ccccc3)cc2OC)c2nnn(Cc3ccc(Cl)cc3)c2n1,7.22
CCCSc1nc(Oc2c(OC)cc(CN[C@@H]3C[C@H]3c3ccccc3)cc2OC)c2nnn(Cc3cccc(Cl)c3)c2n1,7.43
CCCSc1nc(Oc2c(OC)cc(CN[C@@H]3C[C@H]3c3ccccc3)cc2OC)c2nnn(Cc3ccccc3Cl)c2n1,7.16
CCCSc1nc(Oc2ccc(CN[C@@H]3C[C@H]3c3ccccc3)c(F)c2)c2nnn(Cc3ccccc3)c2n1,6.98
CCCSc1nc(Oc2cccc(CN[C@@H]3C[C@H]3c3ccccc3)c2Br)c2nnn(Cc3ccccc3)c2n1,6.74
CCCSc1nc(Oc2cccc(CN[C@@H]3C[C@H]3c3ccccc3)c2Cl)c2nnn(Cc3ccccc3)c2n1,6.7
CCCSc1nc(Sc2ccccn2)c2nnn(C3CCCC3)c2n1,5.94
CCCSc1nc(Sc2ccccn2)c2nnn(CC(C)C)c2n1,6.02
CCCSc1nc(Sc2ccccn2)c2nnn(CCO)c2n1,5.58
CCCSc1nc(Sc2ccccn2)c2nnn(CCc3cccs3)c2n1,6.14
CCCSc1nc(Sc2ccccn2)c2nnn(Cc3ccccc3)c2n1,6.16
CCCSc1nc(Sc2ccccn2)c2nnn(Cc3ccco3)c2n1,6.12
CCCSc1nc2c(nnn2CCNC(=S)NCc2ccccc2)c(=O)[nH]1,4.72
CCCSc1nc2c(nnn2CCNC(=S)Nc2ccc(OC)cc2)c(=O)[nH]1,4.77
CCCSc1nc2c(nnn2CCNC(=S)Nc2cccc3ccccc23)c(=O)[nH]1,5.01
CCCSc1nc2c(nnn2CCNC(=S)Nc2ccccc2Cl)c(=O)[nH]1,4.81
CCCSc1nc2nc(C)cc(NN)n2n1,4.59
CCCSc1nc2nc(C)cc(Nc3ccc(N4CCN(C)CC4)cc3)n2n1,4.55
CCC[C@@]1(N)C[C@H]1c1ccccc1.Cl,6.45
CCCc1c[nH]c(-c2cc3sccc3n2C)n1,5.82
CCCc1ccc(-c2ccc(C(=O)N3CC[C@H](N)C3)cc2-c2ccc(C#N)cc2)cc1,7.95
CCCc1cn(CCCc2ccc(OC3CCCNCC3)cc2)c(-c2cc3sccc3n2C)n1,9.89
CCCc1cn(CCCc2ccc(OC3CCNCC3)cc2)c(-c2cc3sccc3n2C)n1,9.74
CCCc1cn(CCCc2ccc(OCC3CCNC3)cc2)c(-c2cc3sccc3n2C)n1,9.52
CCCc1cn(CCCc2ccc(OCC3CCNCC3)cc2)c(-c2cc3sccc3n2C)n1,9.85
CCCc1cn(CCOc2ccc(OC3CCCNCC3)cc2)c(-c2cc3sccc3n2C)n1,9.89
CCCc1cn(CCOc2ccc(OC3CCNCC3)cc2)c(-c2cc3sccc3n2C)n1,9.7
CCCn1c(C(=O)Nc2cccc3c2N(Cc2ccc(OC4CCNCC4)cc2)CCC3)cc2ccccc21,8.82
CCCn1c(S)nc2c1c(=O)[nH]c(=O)n2C,5.19
CCCn1c(SCC(=O)Nc2ccc([N+](=O)[O-])cc2Cl)nc2c1c(=O)[nH]c(=O)n2C,4.09
CCCn1c(SCc2ccc(C(C)(C)C)cc2)nc2c1c(=O)[nH]c(=O)n2C,4.28
CCCn1c(SCc2ccc(Cl)cc2)nc2c1c(=O)[nH]c(=O)n2C,4.59
CCCn1c(SCc2ccc(F)cc2)nc2c1c(=O)[nH]c(=O)n2C,4.85
CCCn1c(SCc2cccc(C)c2)nc2c1c(=O)[nH]c(=O)n2C,5.05
CCCn1c(SCc2cccc(F)c2)nc2c1c(=O)[nH]c(=O)n2C,5.05
CCCn1nnc2cc(-c3ccc(C(=O)N4C5CCC4CC(N)C5)cc3-c3ccc(C#N)c(F)c3)c(F)cc21,8.98
CCN(CC)C1CCN(C(=O)c2cc(OCc3cc(C)no3)n(-c3ccc(C#N)cc3)n2)C1,6.29
CCN(CC)CC1(CN[C@H]2CC2c2ccccc2)CC1,6.52
CCN(CC)S(=O)(=O)c1ccc([C@H]2C[C@@H]2N)cc1,6.91
CCN(CC)S(=O)(=O)c1ccc([C@H]2C[C@@H]2NCc2ccccc2)cc1,7.54
CCN(CC)S(=O)(=O)c1cccc(C(=O)N/N=C2\CCc3cccc(O)c32)c1,5.54
CCN(CC)c1ccc(-n2nc(C(=O)N3CCC[C@@H](N)C3)cc2-c2ccc(C#N)cc2)c(F)c1,7.25
CCN(CC)c1ccc(/C=N/NC(=O)CN[C@@H]2C[C@H]2c2ccc(F)c(F)c2)c(O)c1,7.04
CCN(CC)c1ccc(/C=N/NC(=O)CN[C@@H]2C[C@H]2c2ccc(F)c(F)c2)cc1,6.6
CCN(CC)c1ccc(Nc2c3ccccc3nc3ccccc23)cc1,7.1
CCN(CC)c1ccc(Nc2nc(-c3ccc(S(C)(=O)=O)cc3)nc3cc(C(F)(F)F)ccc23)cc1,5.21
CCN(CC)c1ccc(Nc2nc(-c3ccc(S(C)(=O)=O)cc3)nc3cc(C)ccc23)cc1,6.95
CCN(CC)c1ccc(Nc2nc(-c3ccc(S(C)(=O)=O)cc3)nc3cc(Cl)ccc23)cc1,5.83
CCN(CC)c1ccc(Nc2nc(-c3ccc(S(C)(=O)=O)cc3)nc3cc(F)ccc23)cc1,6.79
CCN(CC)c1ccc(Nc2nc(-c3ccc(S(C)(=O)=O)cc3)nc3cc(OC)c(OC)cc23)cc1,5.34
CCN(CC)c1ccc(Nc2nc(-c3ccc(S(C)(=O)=O)cc3)nc3cc(OC)ccc23)cc1,6.76
CCN(CC)c1ccc(Nc2nc(-c3ccc(S(C)(=O)=O)cc3)nc3ccc(OC)cc23)cc1,5.53
CCN(CC)c1ccc(Nc2nc(-c3ccc(S(C)(=O)=O)cc3)nc3ccccc23)cc1,6.97
CCN(c1cc(-c2ccc([C@@H]3C[C@H]3N)cc2)cc(C(=O)NCc2c(C)cc(C)[nH]c2=O)c1C)C1CCOCC1,5.94
CCN(c1cc(-c2ccc([C@@H]3C[C@H]3NC3CCCCC3)cc2)cc(C(=O)NCc2c(C)cc(C)[nH]c2=O)c1C)C1CCOCC1,6.06
CCN(c1cc(-c2ccc([C@@H]3C[C@H]3NC3CCOCC3)cc2)cc(C(=O)NCc2c(C)cc(C)[nH]c2=O)c1C)C1CCOCC1,6.04
CCN(c1cc(-c2ccc([C@@H]3C[C@H]3NCC(=O)N3CCNCC3)cc2)cc(C(=O)NCc2c(C)cc(C)[nH]c2=O)c1C)C1CCOCC1,7.0
CCN(c1cc(-c2ccc([C@@H]3C[C@H]3NCC(=O)N3CCOCC3)cc2)cc(C(=O)NCc2c(C)cc(C)[nH]c2=O)c1C)C1CCOCC1,6.6
CCN(c1cc(-c2ccc([C@@H]3C[C@H]3NCC3CC3)cc2)cc(C(=O)NCc2c(C)cc(C)[nH]c2=O)c1C)C1CCOCC1,6.16
CCN(c1cc(-c2ccc([C@@H]3C[C@H]3NCC3CCOCC3)cc2)cc(C(=O)NCc2c(C)cc(C)[nH]c2=O)c1C)C1CCOCC1,6.92
CCN(c1cc(-c2ccc([C@@H]3C[C@H]3NCc3ccccc3)cc2)cc(C(=O)NCc2c(C)cc(C)[nH]c2=O)c1C)C1CCOCC1,6.55
CCN(c1cc(-c2ccc([C@@H]3C[C@H]3NCc3ccccc3F)cc2)cc(C(=O)NCc2c(C)cc(C)[nH]c2=O)c1C)C1CCOCC1,7.05
CCN(c1cc(-c2ccc([C@@H]3C[C@H]3NCc3ccccc3OC)cc2)cc(C(=O)NCc2c(C)cc(C)[nH]c2=O)c1C)C1CCOCC1,6.6
CCN(c1cc(-c2cccc([C@@H]3C[C@H]3NC3CCOCC3)c2)cc(C(=O)NCc2c(C)cc(C)[nH]c2=O)c1C)C1CCOCC1,5.98
CCN(c1cc(-c2cccc([C@@H]3C[C@H]3NCC3CCOCC3)c2)cc(C(=O)NCc2c(C)cc(C)[nH]c2=O)c1C)C1CCOCC1,6.4
CCN1CC(CC(=O)O)(N2CCC(N[C@@H]3CC3c3ccccc3)CC2)C1,7.52
CCN1CCC(Cn2ccc3c(-c4ccc(C#N)c(F)c4)c(-c4ccc5c(cnn5C)c4)ncc32)CC1,7.55
CCN1CCC(Cn2ccc3c(-c4ccc(C#N)cc4)c(-c4ccc5c(cnn5C)c4)ncc32)CC1,7.52
CCN1CCC(Oc2ccc(OCCc3ccccc3NC(=O)c3cc4sccc4n3C)cc2)CC1,6.35
CCN1CCC[C@@H](COc2cc(-c3ccc(C#N)cc3)c(-c3ccc(C)nc3)n3cncc23)C1,7.12
CCN1CCC[C@@H](COc2cc(-c3ccc(C#N)cc3)c(-c3cnc4c(c3)CCCO4)n3cncc23)C1,7.12
CCN1CCC[C@@H](COc2cc(-c3ccc(C#N)cc3)c(-c3cnc4c(c3)ncn4C)n3cncc23)C1,7.12
CCN1CCC[C@@H](COc2nc(-c3ccc(C#N)cc3)c(-c3ccc(C)cc3CO)c3nccn23)C1,6.56
CCN1CCC[C@@H](COc2nc(-c3ccc(C#N)cc3)c(-c3ccc4c(c3)CC(=O)N4C)n3cncc23)C1,7.12
CCN1CCC[C@@H](COc2nc(-c3ccc(C#N)cc3)c(-c3ccc4c(c3)oc(=O)n4C)n3ccnc23)C1,6.56
CCN1CCC[C@@H](COc2nc(-c3ccc(C#N)cc3)c(-c3cnc4c(ccn4C)c3)n3ccnc23)C1,6.56
CCN1CCC[C@@H](Cn2ccc3c(-c4ccc(C#N)c(F)c4)c(-c4ccc5c(cnn5C)c4)ncc32)C1,7.18
CCN1CCN(C(=O)CN[C@H]2C[C@@H]2c2ccccc2)CC1,6.58
CCN1CCN(C(=O)[C@H](CCCN[C@@H]2C[C@H]2c2ccc(F)cc2)NC(=O)c2ccc(-c3ncccn3)cc2)CC1,5.1
CCN1CCN(C(=O)[C@H](CCCN[C@@H]2C[C@H]2c2ccc(F)cc2)NC(=O)c2ccc(-n3ccnn3)cc2)CC1,4.89
CCN1CCN(C(=O)[C@H](CCCN[C@@H]2C[C@H]2c2ccc(F)cc2)NC(=O)c2ccc(C#N)cc2)CC1,5.4
CCN1CCN(C(=O)[C@H](CCCN[C@@H]2C[C@H]2c2ccc(F)cc2)NC(=O)c2ccc(C#N)cc2)CC1=O,4.25
CCN1CCN(C(=O)[C@H](CCCN[C@@H]2C[C@H]2c2ccc(F)cc2)NC(=O)c2ccc(F)cc2)CC1,4.42
CCN1CCN(CCCN2c3ccccc3Sc3ccccc32)CC1,5.83
CCN1CCN(CCN2c3ccccc3Sc3ccccc32)CC1,5.61
CCN1CCN(c2ccc(NC(=O)c3cccc(CN[C@@H]4C[C@H]4c4ccc(F)c(F)c4)c3)cc2)CC1,7.37
CCN1CCN(c2ccc(Nc3c4ccccc4nc4ccccc34)cc2)CC1,6.96
CCNC(=O)NC1CCC(N[C@H]2C[C@@H]2c2ccccc2)CC1,5.24
CCNCC1(CN[C@H]2CC2c2ccccc2)CC1,6.52
CCNCCCCCCCCCCCCCCCCNC/C=C/CNCCCCCCCCCCCCCCCCNCC,5.3
CCNCCCCNCCCCNCCCCNCCCCNC/C=C/CNCCCCNCCCCNCCCCNCCCCNCC,5.8
CCNCCCCNCCCCNCCCCNCCCCNC/C=C\CNCCCCNCCCCNCCCCNCCCCNCC,6.3
CCNCCCNC/C=C\CNCCCNCC.Cl,6.6
CCNCc1ccc(-c2cc(OCC3CCNCC3)cnc2-c2ccc(C)cc2)cc1,4.65
CCN[C@H]1CCN(C(=O)c2ccc(-c3cc4nnn(C)c4cc3F)c(-c3ccc(C#N)c(F)c3)c2)C1,8.85
CCOC(=O)C(c1cc(OC)c(OC)cc1O)N1CCOCC1,6.53
CCOC(=O)CC(CC(=O)NCCOc1ccc(Br)cc1)N[C@@H]1C[C@H]1c1ccccc1,7.13
CCOC(=O)CN1CCN(C(=O)[C@H](CCCN[C@@H]2C[C@H]2c2ccc(F)cc2)NC(=O)c2ccc(C#N)cc2)CC1,4.89
CCOC(=O)N1CCC(CC#N)(N2CC(CNC3CC3c3ccccc3)C2)CC1,7.52
CCOC(=O)N1CCN(C(=S)SCc2cn(Cc3ccc(C)cc3)nn2)CC1,4.77
CCOC(=O)c1c2c(n(C)c1CO)C(=O)C(=O)c1ccc(Br)cc1-2,4.29
CCOC(=O)c1ccc(CN2CCC(F)(CNC3CC3c3ccc(Br)s3)CC2)cc1,6.85
CCOC(=O)c1cnc2c(-c3nc4ccccc4s3)c(Nc3ccccc3)nn2c1O,7.05
CCOCc1cccc(NC(=O)c2cc3sccc3n2C)c1CCOc1ccc(OC[C@@H]2CCNC2)cc1,8.11
CCOCc1cccc(NC(=O)c2cc3sccc3n2C)c1COc1ccc(OC[C@@H]2CCNC2)cc1,8.11
CCOCc1cccc(NC(=O)c2cc3sccc3n2C)c1COc1ccc(OC[C@H]2CCNC2)cc1,9.055
CCONC(=O)c1ccc(CN2CCC(N[C@@H]3C[C@H]3c3ccccc3)CC2)cc1,7.89
CCOc1ccc(-c2ncc3c(ccn3C[C@@H]3CCNC3)c2-c2ccc(C#N)cc2)cc1,7.16
CCOc1ccc([C@H]2C[C@@H]2N)cc1F,4.72
CCOc1ccc([C@H]2C[C@H]2N)cc1F,4.51
CCOc1cccc(/C=N/NC(=O)CN[C@@H]2C[C@H]2c2ccc(F)c(F)c2)c1O,6.96
CCOc1cccc2c(Nc3ccc(N(C)C)cc3)c3ccccc3nc12,7.34
CCS(=O)(=O)N1CC(CC#N)(N2CC(CNC3CC3c3ccccc3)C2)C1,7.52
CCS(=O)(=O)N1CC(CC#N)(N2CCC(CNC3CC3c3ccccc3)CC2)C1,6.52
CCS(=O)(=O)N1CC(CC#N)(N2CCC(N[C@@H]3CC3c3ccccc3)CC2)C1,7.52
CCS(=O)(=O)N1CC(CC(=O)N(C)C)(N2CCC(N[C@@H]3CC3c3ccccc3)CC2)C1,7.52
CCS(=O)(=O)N1CC(CC(=O)NC)(N2CCC(N[C@@H]3CC3c3ccccc3)CC2)C1,7.52
CCS(=O)(=O)N1CC(CCO)(N2CCC(N[C@@H]3CC3c3ccccc3)CC2)C1,7.52
CCS(=O)(=O)N1CCc2cc(C3CC3NCC3CCNCC3)ccc21,4.47
CCS(=O)(=O)NC(=O)/C=C/c1ccc(CN2CCC(CN[C@@H]3C[C@H]3c3ccccc3)CC2)cc1,7.7
CCS(=O)(=O)NC(=O)/C=C/c1ccc(CN2CCC(N[C@@H]3CC3c3ccccc3)CC2)cc1,7.38
CCS(=O)(=O)NC(=O)/C=C/c1ccc(CN2CCC(N[C@@H]3C[C@H]3c3ccccc3)CC2)cc1,7.8
CCS(=O)(=O)NC(=O)CCCN1CCC(N[C@@H]2C[C@H]2c2ccccc2)CC1,6.87
CCS(=O)(=O)NC(=O)CCN1CCC(N[C@@H]2C[C@H]2c2ccccc2)CC1,6.83
CCS(=O)(=O)NC(=O)Cc1ccc(CN2CCC(N[C@@H]3C[C@H]3c3ccccc3)CC2)cc1,7.54
CCS(=O)(=O)NC(=O)c1ccc(CN2CCC(N[C@@H]3C[C@H]3c3ccccc3)CC2)cc1,7.375
CCS(=O)(=O)NC(=O)c1ccc(OCCN2CCC(N[C@@H]3C[C@H]3c3ccccc3)CC2)cc1,7.6
CCS(=O)(=O)Nc1cccc(-c2ccc([C@H]3C[C@@H]3N)cn2)c1,7.3
CCS(=O)(=O)n1ncc2cc(-n3cc(CN[C@@H]4C[C@H]4c4ccc(F)c(F)c4)nn3)ccc21.Cl,8.11
CC[C@@]1(N)C[C@@H]1c1ccccc1.Cl,6.11
CC[C@@]1(N)C[C@H]1c1ccccc1.Cl,6.01
CC[C@H](C)CCCCC(=O)N[C@@H](CCN)C(=O)N[C@H](C(=O)N[C@@H](CCN)C(=O)N[C@H]1CCNC(=O)[C@H]([C@@H](C)O)NC(=O)[C@H](CCN)NC(=O)[C@H](CCN)NC(=O)[C@H](CC(C)C)NC(=O)[C@@H](CC(C)C)NC(=O)[C@@H](CCN)NC1=O)[C@@H](C)O,6.71
CC[C@]1(N)C[C@@H]1c1ccccc1.Cl,6.22
CCc1c[nH]c(-c2cc3sccc3n2C)n1,5.3
CCc1cc(COc2cc(C(=O)N3CCC[C@@H](N)C3)nn2-c2ccc(C#N)cc2)on1,7.1
CCc1cc(Nc2ccc(N3CCN(C)CC3)cc2)n2ncnc2n1,4.42
CCc1ccc(-c2c(-c3ccc(C#N)cc3)cc(OC[C@@H]3CCCN(C)C3)c3cncn23)cn1,7.12
CCc1ccc(-c2c(-c3ccc(C#N)cc3)nc(N3CCC(N)CC3)n(C)c2=O)cn1,6.26
CCc1ccc(-c2c(-c3ccc(C#N)cc3)nc(OC[C@@H]3CCCN(C)C3)n3ccnc23)cn1,6.56
CCc1ccc(-c2cc3[nH]cc(C(=O)N4CCC(N)CC4)c3cc2-c2ccc(C#N)cc2)cc1,6.91
CCc1ccc(-c2cc3occ(CNC4CCNC4)c3cc2-c2ccc(C#N)cc2)cc1,6.3
CCc1ccc(-c2ncc(OCC3CCNCC3)cc2-c2ccc(C#N)cc2)cc1,6.7
CCc1ccc(-c2ncc3c(cc(CN4CC[C@H](N)C4)n3C)c2-c2ccc(C#N)c(F)c2)cc1,6.8
CCc1ccc(-n2nc(C(=O)N3CCC[C@@H](N)C3)cc2-c2ccc(C#N)cc2)cc1,7.34
CCc1ccc(-n2nc(C(=O)N3CCC[C@@H](NC)C3)cc2-c2ccc(C#N)cc2)cc1,7.33
CCc1ccc(C2NCCc3cc(O)c(O)cc32)cc1.O=C(O)C(F)(F)F,5.68
CCc1ccc(CN[C@H]2C[C@@H]2c2ccccc2)cc1,6.56
CCc1ccc(N2C(=O)NC(=O)/C(=C\c3cc4ccccc4[nH]3)C2=O)cc1,5.19
CCc1ccc(Oc2ccc(C3CC3NCC3(F)CCN(C(=O)OCC4CCNCC4)CC3)cn2)cc1,7.75
CCc1cccc(COc2c(F)cc(F)cc2C2CC2N)c1,5.82
CCc1cccc2c(Nc3ccc(N(C)C)cc3)c3ccccc3nc12,6.89
CCc1cn(C)c(-c2cc3sccc3n2C)n1,4.71
CCc1cn(CCCc2ccc(OC3CCCNCC3)cc2)c(-c2cc3sccc3n2C)n1,9.77
CCc1cn(CCCc2ccc(OC3CCNCC3)cc2)c(-c2cc3sccc3n2C)n1,9.57
CCc1cn(CCCc2ccc(OCC3CCNC3)cc2)c(-c2cc3sccc3n2C)n1,9.55
CCc1cn(CCCc2ccc(OCC3CCNCC3)cc2)c(-c2cc3sccc3n2C)n1,9.47
CCc1cn(CCOc2ccc(OC3CCCNCC3)cc2)c(-c2cc3sccc3n2C)n1,9.47
CCc1cn(CCOc2ccc(OC3CCNCC3)cc2)c(-c2cc3sccc3n2C)n1,9.22
CCc1cn(CCOc2ccccc2)c(-c2cc3sccc3n2C)n1,5.73
CCc1nsc(NC(=O)c2cccc(C3CC3NCC3CC3)c2)n1,6.1
CCn1c(C(=O)Nc2cccc3c2N(Cc2ccc(OC4CCNCC4)cc2)CCC3)cc2ccccc21,9.82
CCn1c(CN2CC[C@H](N)C2)cc2c(-c3ccc(C#N)c(F)c3)c(-c3cc(C)c(C)c(C)c3)ncc21,8.85
CCn1c(CN2CC[C@H](N)C2)cc2c(-c3ccc(C#N)c(F)c3)c(-c3cc(C)c(C)cc3C)ncc21,8.82
CCn1c(CN2CC[C@H](N)C2)cc2c(-c3ccc(C#N)c(F)c3)c(-c3ccc(C)c(C)c3)ncc21,8.43
CCn1c(N2CCC(N)CC2)nc(-c2ccc(C#N)c(F)c2)cc1=O,6.26
CCn1c2ccccc2c2ccc(Nc3c4ccccc4nc4ccccc34)cc21,6.16
CCn1cc(-c2ccc(C#N)c(F)c2)nc(N2CCC(N)CC2)c1=O,6.26
CCn1cc(C(=O)N2CCC(N)CC2)c2cc(-c3ccc(C#N)cc3)c(-c3ccc(C)cc3)cc21,7.55
CCn1cc(NC(=O)c2cccc(C3CC3N)c2)cn1,5.34
CCn1cc(NC(=O)c2cccc(C3CC3NC3CCC(F)(F)CC3)c2)cn1,6.72
CCn1cc(NC(=O)c2cccc(C3CC3NCC3CC3)c2)cn1,6.82
CCn1cc2cc(-c3ncc4c(ccn4C[C@@H]4CCNC4)c3-c3ccc(C#N)c(F)c3)ccc2n1,7.57
CCn1ncc2cc(-c3ncc4c(ccn4C[C@@H]4CCNC4)c3-c3ccc(C#N)c(F)c3)ccc21,8.1
CCn1ncc2cc(-c3ncc4c(ccn4C[C@H]4CCNC4)c3-c3ccc(C#N)c(F)c3)ccc21,8.4
CCn1ncc2cc(-n3cc(CN[C@@H]4C[C@H]4c4ccc(F)c(F)c4)nn3)ccc21.Cl,8.42
CCn1ncnc1CNCC1(CN[C@H]2CC2c2ccccc2)CC1,6.52
CCn1nnc2cc(-c3c(-c4ccc(C#N)cc4)cc(OC[C@@H]4CCCN(C)C4)c4cncn34)cnc21,7.12
CCn1nnc2cc(-c3ccc(C(=O)N4C5CCC4CC(N)C5)cc3-c3ccc(C#N)c(F)c3)c(F)cc21,9.04
CN(C(=O)/C=C/c1ccc(CN2CCC(CN[C@@H]3C[C@H]3c3ccccc3)CC2)cc1)S(C)(=O)=O,8.05
CN(C(=O)/C=C/c1ccc(CN2CCC(N[C@@H]3C[C@H]3c3ccccc3)CC2)cc1)S(C)(=O)=O,8.22
CN(C(=O)C(Cc1ccccc1)NC(=O)OCc1ccccc1)c1ccc(C2CC2N)cc1,4.47
CN(C(=O)c1ccc(CN2CCC(CN[C@@H]3C[C@H]3c3ccccc3)CC2)cc1)S(C)(=O)=O,8.4
CN(C(=O)c1ccc(CN2CCC(N[C@@H]3C[C@H]3c3ccccc3)CC2)cc1)S(C)(=O)=O,7.92
CN(C(=O)c1ccc([C@@H]2C[C@H]2NCC2CC2)cc1)c1ccc([18F])nc1,7.96
CN(C(=O)c1cccc(C2CC2N)c1)c1ccccc1,5.6
CN(C)C(=O)CC1(N2CCC(C)(CN[C@@H]3CC3c3ccccc3)CC2)CCC1,7.52
CN(C)C(=O)CC1(N2CCC(CNC3CC3c3ccccc3)CC2)CNC1,7.52
CN(C)C(=O)CC1(N2CCC(N[C@@H]3CC3c3ccccc3)CC2)CCC1,7.52
CN(C)C(=O)CC1(N2CCC(N[C@@H]3CC3c3ccccc3)CC2)CN(C(=O)N(C)C)C1,7.52
CN(C)C(=O)CC1(N2CCC(N[C@@H]3CC3c3ccccc3)CC2)CN(C2CCOCC2)C1,7.52
CN(C)C(=O)CC1(N2CCC(N[C@@H]3CC3c3ccccc3)CC2)CN(CC2CC2)C1,7.52
CN(C)C(=O)CC1(N2CCC(N[C@@H]3CC3c3ccccc3)CC2)CN(S(C)(=O)=O)C1,7.52
CN(C)C(=O)CN1CC(CC#N)(N2CCC(N[C@@H]3CC3c3ccccc3)CC2)C1,7.52
CN(C)C(=O)COc1cc(C(=O)N2CCC[C@@H](N)C2)nn1-c1ccc(C#N)cc1,5.835
CN(C)C(=O)Cc1ccc(-c2ccc(C(=O)N3[C@@H]4CC[C@H]3[C@@H](N)C4)cc2-c2ccc(C#N)c(F)c2)c(F)c1,8.68
CN(C)C(=O)Cc1ccc(-c2ccc(C(=O)N3[C@H]4CC[C@@H]3CC4)cc2-c2ccc(C#N)c(F)c2)c(F)c1,8.68
CN(C)C(=O)Cc1cn(C)c2cc(F)c(-c3ccc(C(=O)N4[C@@H]5CC[C@H]4[C@@H](N)C5)cc3-c3ccc(C#N)c(F)c3)cc12,8.405000000000001
CN(C)C(=O)Cn1ccc2cc(-c3ccc(C(=O)N4[C@@H]5CC[C@H]4[C@@H](N)C5)cc3-c3ccc(C#N)c(F)c3)c(F)cc21,9.2
CN(C)C(=O)N1CCC(CC#N)(N2CC(CNC3CC3c3ccccc3)C2)CC1,7.52
CN(C)C(=O)NCCN1CCC(N[C@@H]2C[C@H]2c2ccccc2)CC1,7.72
CN(C)C(=O)c1ccc(-n2cc(CN[C@@H]3C[C@H]3c3ccc(F)c(F)c3)nn2)cc1.Cl,7.93
CN(C)C(=O)c1ccc(Nc2nc(-c3ccc(S(C)(=O)=O)cc3)nc3ccccc23)cc1,5.11
CN(C)C1CCC(n2ccc3c(-c4ccc(C#N)c(F)c4)c(-c4ccc5c(cnn5C)c4)ncc32)CC1,6.37
CN(C)C1CCN(C(=O)[C@H](CCCN[C@@H]2C[C@H]2c2ccc(F)cc2)NC(=O)c2ccc(-n3ccnn3)cc2)C1,4.66
CN(C)C1CCN(C(=O)[C@H](CCCN[C@@H]2C[C@H]2c2ccc(F)cc2)NC(=O)c2ccc(-n3ccnn3)cc2)CC1,4.96
CN(C)C1CCN(c2nc(-c3ccc(C#N)cc3)c(-c3ccc(N4CCCC4=O)nc3)c3nccn23)CC1,6.56
CN(C)C1CCN(c2nc(-c3ccc(C#N)cc3)c(-c3ccc4nccnc4c3)c3nccn23)CC1,6.56
CN(C)C1CCN(c2nc(-c3ccc(C#N)cc3)c(-c3cnc4cccnc4c3)n3cncc23)CC1,7.12
CN(C)C1CCN(c2nc(-c3ccc(C#N)cc3)c(-c3cnc4ccoc4c3)n3cncc23)CC1,7.12
CN(C)C1CN(C(=O)[C@H](CCCN[C@@H]2C[C@H]2c2ccc(F)cc2)NC(=O)c2ccc(-n3ccnn3)cc2)C1,4.7
CN(C)CC1(CN[C@H]2CC2c2ccccc2)CC1,7.12
CN(C)CCCN1c2ccccc2Sc2ccc(Cl)cc21,5.29
CN(C)CCCN1c2ccccc2Sc2ccccc21,5.33
CN(C)CCCNc1nc(NC2CCN(Cc3ccccc3)CC2)c2ccccc2n1,6.195
CN(C)CCCOc1ccc(CN2CCCc3cccc(NC(=O)c4cc5sccc5n4C)c32)cc1,7.5
CN(C)CCCn1ccc2c(-c3ccc(C#N)c(F)c3)c(-c3ccc4c(cnn4C)c3)ncc21,6.91
CN(C)CCN(C)c1ccc(-n2nc(C(=O)N3CCC[C@@H](N)C3)cc2-c2ccc(C#N)cc2)cc1,6.64
CN(C)CCN1c2ccccc2Sc2ccccc21,5.48
CN(C)CCNC(=O)c1ccc(C2CC2NCC2CCN(CCCc3ccc(C(=O)NO)cc3)CC2)cc1,7.66
CN(C)CCNC(=O)c1ccc([C@H]2C[C@@H]2NCC2CCN(CCCc3ccc(C(=O)NO)cc3)CC2)cc1,7.66
CN(C)CCNCCCN1c2ccccc2Sc2ccccc21,6.05
CN(C)CCn1ccc2c(-c3ccc(C#N)c(F)c3)c(-c3ccc4c(cnn4C)c3)ncc21,6.43
CN(C)CCn1nnnc1Sc1ccnc2nc(SCc3ccc(Br)cc3)nn12.Cl,6.47
CN(C)S(=O)(=O)N1CC(CC#N)(N2CCC(N[C@@H]3CC3c3ccccc3)CC2)C1,7.52
CN(C)[C@@H]1CCN(C(=O)CN[C@H]2C[C@@H]2c2ccccc2)C1,6.93
CN(C)[C@@H]1CCN(CCN[C@H]2C[C@@H]2c2ccccc2)C1.Cl.Cl,7.0
CN(C)[C@H]1CCN(C(=O)CN[C@H]2C[C@@H]2c2ccccc2)C1,6.66
CN(C)[C@H]1CCN(C(=O)c2ccc(-c3ccc(C4(CO)CC4)cc3)c(-c3ccc(C#N)cc3)c2)C1,7.75
CN(C)[C@H]1CCN(Cc2nc(-c3ccc(C#N)cc3)c(-c3ccc(N4CCCC4=O)nc3)n3ccnc23)C1,6.56
CN(C)[C@H]1CCN(c2nc(-c3ccc(C#N)cc3)c(-c3ccc(N4CCCC4=O)nc3)n3ccnc23)C1,6.56
CN(C)[C@H]1CCN(c2nc(-c3ccc(C#N)cc3)c(-c3ccc4c(c3)oc(=O)n4C)n3cncc23)C1,7.12
CN(C)[C@H]1CC[C@H](c2nc(C3(CN[C@@H]4C[C@H]4c4ccccc4)CC3)no2)CC1,6.52
CN(C)[C@H]1CC[C@H](c2nc(C3(CN[C@H]4CC4c4ccccc4)CC3)no2)CC1,6.52
CN(C)c1ccc(-c2ccc(C(=O)N3C4CCC3CC(N)C4)cc2-c2ccc(C#N)c(F)c2)cn1,8.74
CN(C)c1ccc(-c2ccc(C(=O)N3CC[C@H](N)C3)cc2-c2ccc(C#N)c(F)c2)cn1,8.5
CN(C)c1ccc(-c2ncc3c(ccn3CC3CCNCC3)c2-c2ccc(C#N)cc2)cc1,7.834999999999999
CN(C)c1ccc(-n2cc(CN[C@@H]3C[C@H]3c3ccc(F)c(F)c3)nn2)cc1.Cl,7.87
CN(C)c1ccc(-n2nc(C(=O)N3CCC[C@@H](N)C3)cc2-c2ccc(C#N)cc2)c(F)c1,7.38
CN(C)c1ccc(-n2nc(C(=O)N3CCC[C@@H](N)C3)cc2-c2ccc(C#N)cc2)cc1,7.36
CN(C)c1ccc(CN[C@H]2C[C@@H]2c2ccccc2)cc1,6.38
CN(C)c1ccc(CNc2nc(-c3ccc(S(C)(=O)=O)cc3)nc3ccccc23)cc1,5.5
CN(C)c1ccc(Nc2c3ccccc3nc3c(-c4ccccc4)cccc23)cc1,6.92
CN(C)c1ccc(Nc2c3ccccc3nc3cc(F)c(F)cc23)cc1,6.96
CN(C)c1ccc(Nc2c3ccccc3nc3ccc(C#N)cc23)cc1,6.96
CN(C)c1ccc(Nc2c3ccccc3nc3ccc(Cl)cc23)cc1,6.92
CN(C)c1ccc(Nc2c3ccccc3nc3ccccc23)cc1,7.28
CN(C)c1ccc(Nc2c3ccccc3nc3ccccc23)cn1,6.33
CN(C)c1ccc(Nc2nc(-c3cc4ccccc4s3)nc3ccccc23)cc1,6.06
CN(C)c1ccc(Nc2nc(-c3ccc(-c4ccccc4)cc3)nc3ccccc23)cc1,5.76
CN(C)c1ccc(Nc2nc(-c3ccc(C#N)cc3)nc3ccccc23)cc1,6.14
CN(C)c1ccc(Nc2nc(-c3ccc(C(F)(F)F)cc3)nc3ccccc23)cc1,5.5
CN(C)c1ccc(Nc2nc(-c3ccc(C(N)=O)cc3)nc3ccccc23)cc1,6.63
CN(C)c1ccc(Nc2nc(-c3ccc(F)cc3)nc3ccccc23)cc1,5.89
CN(C)c1ccc(Nc2nc(-c3ccc(N)cc3)nc3ccccc23)cc1,6.81
CN(C)c1ccc(Nc2nc(-c3ccc(O)cc3)nc3ccccc23)cc1,6.45
CN(C)c1ccc(Nc2nc(-c3ccc(S(C)(=O)=O)cc3)nc3ccccc23)cc1,6.84
CN(C)c1ccc(Nc2nc(-c3ccc(S(C)(=O)=O)cc3)nc3ccccc23)nc1,5.58
CN(C)c1ccc(Nc2nc(-c3ccc4[nH]ccc4c3)nc3ccccc23)cc1,6.14
CN(C)c1ccc(Nc2nc(-c3ccc4c(c3)OCCO4)nc3ccccc23)cc1,6.38
CN(C)c1ccc(Nc2nc(-c3ccc4c(ccn4C)c3)nc3ccccc23)cc1,6.28
CN(C)c1ccc(Nc2nc(-c3ccccc3)nc3ccccc23)cc1,6.72
CN(C)c1ccc(Nc2nc(-c3cccnc3)nc3ccccc23)cc1,6.69
CN(C)c1ccc(Nc2nc(-c3ccco3)nc3ccccc23)cc1,6.58
CN(C)c1ccc(Nc2nc(-c3cccs3)nc3ccccc23)cc1,6.15
CN(C)c1ccc(Nc2nc(-c3cnc(N)nc3)nc3ccccc23)cc1,6.45
CN(C)c1ccc(Nc2nc(-c3cnc4ccccc4c3)nc3ccccc23)cc1,6.58
CN(C)c1ccc(Nc2nc(-c3cncnc3)nc3ccccc23)cc1,6.11
CN(C)c1ccc(Nc2nc(-c3cnn(C)c3)nc3ccccc23)cc1,6.55
CN(C)c1ccc(Nc2nc(C3=CCCC3)nc3ccccc23)cc1,6.25
CN(C)c1ccc(Nc2nc(C3=CCCCC3)nc3ccccc23)cc1,6.21
CN(C)c1ccc(Oc2nc(-c3ccc(S(C)(=O)=O)cc3)nc3ccccc23)cc1,6.21
CN(C)c1cccc(-n2cc(CN[C@@H]3C[C@H]3c3ccc(F)c(F)c3)nn2)c1.Cl,7.78
CN(C)c1cccc(Nc2c3ccccc3nc3ccccc23)c1,6.85
CN(C)c1ccccc1-n1cc(CN[C@@H]2C[C@H]2c2ccc(F)c(F)c2)nn1.Cl,7.48
CN(C)c1ccccc1Nc1c2ccccc2nc2ccccc12,5.87
CN(C)c1ncc(-c2c(-c3ccc(C#N)c(F)c3)nc(N3CCC(N(C)C)CC3)n(C)c2=O)cn1,6.26
CN(C)c1ncc(-c2c(-c3ccc(C#N)cc3)nc(OC[C@@H]3CCNC3)c3nccn23)cn1,6.56
CN(C1CCN(CCOc2ccc(N3CCCOC3=O)cc2)CC1)[C@@H]1C[C@H]1c1ccccc1,6.21
CN(C1CCN(CCOc2ccc(N3CCOC3=O)cc2)CC1)[C@@H]1C[C@H]1c1ccccc1,7.82
CN(CC(=O)Nc1cccc(S(=O)(=O)N2CCOCC2)c1)c1cc(Cl)ccc1O,5.02
CN(CC(O)CN1CCC(N[C@@H]2C[C@H]2c2ccccc2)CC1)c1ccccc1,7.33
CN(CC1CCN(CCCc2ccc(C(=O)NO)cc2)CC1)C1CC1c1ccccc1,6.33
CN(CC1CCN(CCCc2ccc(C(=O)NO)cc2)CC1)[C@H]1C[C@@H]1c1ccccc1,6.33
CN(CCCN)Cc1coc2cc(-c3ccc(C(F)(F)F)cc3)c(-c3ccc(C#N)cc3)cc12,6.6
CN(CCCN)Cc1coc2cc(-c3cccc([N+](=O)[O-])c3)c(-c3ccc(C#N)cc3)cc12,6.66
CN(CCN(C)C1CC1c1ccccc1)C(=O)Nc1ccccc1NC(=O)c1ccc(CNC(=O)OCc2cccnc2)cc1,4.3
CN(CCN(C)C1CC1c1ccccc1)C(=O)Oc1ccc(COC(=O)Nc2ccccc2NC(=O)c2ccc(CNC(=O)OCc3cccnc3)cc2)cc1,6.2
CN(CCN(C)C1CC1c1ccccc1)C(=O)Oc1ccc(CONC(=O)CCCCCCC(=O)Nc2ccccc2)cc1,5.89
CN(CCN)Cc1coc2cc(-c3ccc(C(F)(F)F)cc3)c(-c3ccc(C#N)cc3)cc12,6.91
CN(CCN)Cc1coc2cc(-c3cccc([N+](=O)[O-])c3)c(-c3ccc(C#N)cc3)cc12,6.66
CN(CCN1CC(CN[C@@H]2C[C@H]2c2ccccc2)C1)S(C)(=O)=O,7.42
CN(CCN1CCC(N[C@@H]2C[C@H]2c2ccccc2)CC1)S(C)(=O)=O,8.0
CN(CCN1CCC(N[C@@H]2C[C@H]2c2ccccc2)CC1)c1ccc(Br)cc1,8.15
CN(CCN1CCC(N[C@@H]2C[C@H]2c2ccccc2)CC1)c1ccc(N2CCCOC2=O)cc1,8.4
CN(CCN1CCC(N[C@@H]2C[C@H]2c2ccccc2)CC1)c1ccccc1,7.66
CN(CNC(=O)c1cccc(S(=O)(=O)N2CCOCC2)c1)c1cc(Cl)ccc1O,5.02
CN(Cc1ccccc1)C(=O)c1cccc(CN[C@@H]2C[C@H]2c2ccc(F)c(F)c2)c1,7.38
CN1C(=O)C(C)(C)c2cc(-c3ccc(C(=O)N4C5CCC4CC(N)C5)cc3-c3ccc(C#N)c(F)c3)ccc21,7.97
CN1C(=O)C(C)(C)c2cc(C3CC3NCC3CCN(CCCc4ccc(C(=O)NO)cc4)CC3)ccc21,6.41
CN1C(=O)CCc2ccc(-c3c(-c4ccc(C#N)cc4)nc(N4CCC(N(C)C)CC4)c4nccn34)cc21,6.56
CN1C(=O)CCc2ccc(-c3c(-c4ccc(C#N)cc4)nc(N4CCC(N(C)C)CC4)n4ccnc34)cc21,6.56
CN1C(=O)Cc2cc(-c3c(-c4ccc(C#N)cc4)nc(N4CCC(N(C)C)CC4)c4cncn34)ccc21,7.12
CN1C2CCC1CN(C(=O)[C@H](CCCN[C@@H]1C[C@H]1c1ccc(F)cc1)NC(=O)c1ccc(-n3ccnn3)cc1)C2,5.05
CN1CC(CC#N)(N2CCC(CNC3CC3c3ccccc3)CC2)C1,7.52
CN1CC(CC#N)(N2CCC(NC3CC3c3ccccc3)CC2)C1,7.52
CN1CC(CC#N)(N2CCC(N[C@@H]3CC3c3ccccc3)CC2)C1,7.52
CN1CC(CC(=O)O)(N2CCC(N[C@@H]3CC3c3ccccc3)CC2)C1,7.52
CN1CCC(CC#N)(N2CC(CNC3CC3c3ccccc3)C2)CC1,7.52
CN1CCC(CNC2CC23CCc2ccccc23)CC1,7.64
CN1CCC(CN[C@@H]2C[C@H]2c2ccccc2)CC1,8.22
CN1CCC(COC(=O)N2CCC(F)(CNC3CC3c3ccccc3)CC2)CC1,6.94
CN1CCC(COc2ccc(CN3CCCc4cccc(NC(=O)c5cc6sccc6n5C)c43)cc2)CC1,7.27
CN1CCC(Cn2cc(CN[C@@H]3C[C@H]3c3ccc(F)c(F)c3)nn2)CC1.Cl,6.83
CN1CCC(Cn2ccc3c(-c4ccc(C#N)c(F)c4)c(-c4ccc5c(cnn5C)c4)ncc32)CC1,7.86
CN1CCC(Cn2ccc3c(-c4ccc(C#N)cc4)c(-c4ccc(N(C)C)cc4)ncc32)CC1,7.46
CN1CCC(Cn2ccc3c(-c4ccc(C#N)cc4)c(-c4ccc5c(cnn5C)c4)ncc32)CC1,7.55
CN1CCC(Cn2ccc3c(-c4ccc(C#N)cc4F)c(-c4ccc5c(cnn5C)c4)ncc32)CC1,6.78
CN1CCC(F)(CNC2CC2c2ccccc2)CC1,7.66
CN1CCC(F)(Cn2ccc3c(-c4ccc(C#N)c(F)c4)c(-c4ccc5c(cnn5C)c4)ncc32)CC1,6.87
CN1CCC(N2CC(CNC3CC3c3ccccc3)C2)CC1,7.52
CN1CCC(N[C@H]2C[C@@H]2c2ccccc2)CC1,6.82
CN1CCC(O)(Cn2ccc3c(-c4ccc(C#N)c(F)c4)c(-c4ccc5c(cnn5C)c4)ncc32)CC1,7.55
CN1CCC(Oc2ccc(CN3CCCc4cccc(NC(=O)c5cc6sccc6n5C)c43)cc2)CC1,7.42
CN1CCC(c2nc(C3(CN[C@H]4CC4c4ccccc4)CC3)no2)CC1=O,6.52
CN1CCC2(CC1)CCN(C(=O)[C@H](CCCN[C@@H]1C[C@H]1c1ccc(F)cc1)NC(=O)c1ccc(-n3ccnn3)cc1)C2,5.0
CN1CCC2(CCN(C(=O)[C@H](CCCN[C@@H]3C[C@H]3c3ccc(F)cc3)NC(=O)c3ccc(-n4ccnn4)cc3)CC2)C1,5.0
CN1CCCC(Cn2ccc3c(-c4ccc(C#N)c(F)c4)c(-c4ccc5c(cnn5C)c4)ncc32)CC1,8.68
CN1CCCC(Cn2ccc3c(-c4ccc(C#N)cc4)c(-c4ccc5c(cnn5C)c4)ncc32)CC1,8.39
CN1CCCN(S(=O)(=O)c2cccc(C(=O)N/N=C3\CCc4c(Cl)ccc(O)c43)c2)CC1,8.34
CN1CCCN(S(=O)(=O)c2cccc(C(=O)N/N=C3\CCc4cccc(O)c43)c2)CC1,8.64
CN1CCC[C@@H](COc2cc(-c3ccc(C#N)cc3)c(-c3ccc(C(C)(C)C#N)nc3)n3cncc23)C1,7.12
CN1CCC[C@@H](COc2cc(-c3ccc(C#N)cc3)c(-c3ccc(C(C)(C)O)nc3)n3cncc23)C1,6.52
CN1CCC[C@@H](COc2cc(-c3ccc(C#N)cc3)c(-c3ccc4c(c3)CN(C)C4=O)n3cncc23)C1,6.52
CN1CCC[C@@H](COc2cc(-c3ccc(C#N)cc3)c(-c3cnc4c(c3)CCCO4)n3cncc23)C1,7.12
CN1CCC[C@@H](COc2cc(-c3ccc(C#N)cc3)c(-c3cnc4c(c3)OCC(=O)N4C)n3cncc23)C1,7.12
CN1CCC[C@@H](COc2cc(-c3ccc(C#N)cc3)c(-c3cnc4c(c3)nc(C3CC3)n4C)n3cncc23)C1,6.52
CN1CCC[C@@H](COc2cc(-c3ccc(C#N)cc3)c(-c3cnc4c(c3)nnn4C3CC3)n3cncc23)C1,6.52
CN1CCC[C@@H](COc2cc(-c3ccc(C#N)cc3)c(-c3cnc4cccnc4c3)n3cncc23)C1,6.52
CN1CCC[C@@H](COc2cc(-c3ccc(C#N)cc3)c(-c3cnc4ccoc4c3)n3cncc23)C1,7.12
CN1CCC[C@@H](COc2nc(-c3ccc(C#N)cc3)c(-c3cc(F)c(CO)c(F)c3)n3ccnc23)C1,6.56
CN1CCC[C@@H](COc2nc(-c3ccc(C#N)cc3)c(-c3ccc(CCN4CCOCC4)cc3)c3nccn23)C1,6.56
CN1CCC[C@@H](COc2nc(-c3ccc(C#N)cc3)c(-c3ccc(CN(C)S(C)(=O)=O)c(F)c3)c3nccn23)C1,6.56
CN1CCC[C@@H](COc2nc(-c3ccc(C#N)cc3)c(-c3ccc(CN4CCOCC4)c(F)c3)n3ccnc23)C1,6.56
CN1CCC[C@@H](COc2nc(-c3ccc(C#N)cc3)c(-c3ccc(CN4CCOCC4)cc3)c3nccn23)C1,6.56
CN1CCC[C@@H](COc2nc(-c3ccc(C#N)cc3)c(-c3ccc(CN4CCOCC4)cc3)n3ccnc23)C1,6.56
CN1CCC[C@@H](COc2nc(-c3ccc(C#N)cc3)c(-c3ccc(CN4CCOCC4)cc3F)n3ccnc23)C1,6.56
CN1CCC[C@@H](COc2nc(-c3ccc(C#N)cc3)c(-c3ccc(CO)cc3)n3ccnc23)C1,6.56
CN1CCC[C@@H](COc2nc(-c3ccc(C#N)cc3)c(-c3ccc(N(C)C)nc3)n3ccnc23)C1,6.56
CN1CCC[C@@H](COc2nc(-c3ccc(C#N)cc3)c(-c3ccc(N4CCCC4=O)nc3)c3nccn23)C1,6.56
CN1CCC[C@@H](COc2nc(-c3ccc(C#N)cc3)c(-c3ccc(N4CCCC4=O)nc3)n3ccnc23)C1,6.56
CN1CCC[C@@H](COc2nc(-c3ccc(C#N)cc3)c(-c3ccc4c(c3)CC(=O)N4C)c3nccn23)C1,6.56
CN1CCC[C@@H](COc2nc(-c3ccc(C#N)cc3)c(-c3ccc4c(c3)CC(=O)N4C)n3cncc23)C1,6.52
CN1CCC[C@@H](COc2nc(-c3ccc(C#N)cc3)c(-c3ccc4c(c3)CCC(=O)N4C)n3cncc23)C1,6.52
CN1CCC[C@@H](COc2nc(-c3ccc(C#N)cc3)c(-c3ccc4c(c3)N(C)C(=O)CC4)c3nccn23)C1,6.56
CN1CCC[C@@H](COc2nc(-c3ccc(C#N)cc3)c(-c3ccc4c(c3)OCC(=O)N4C)c3nccn23)C1,6.56
CN1CCC[C@@H](COc2nc(-c3ccc(C#N)cc3)c(-c3ccc4c(c3)OCC(=O)N4C)n3ccnc23)C1,6.56
CN1CCC[C@@H](COc2nc(-c3ccc(C#N)cc3)c(-c3ccc4c(c3)OCC(=O)N4C)n3cncc23)C1,7.12
CN1CCC[C@@H](COc2nc(-c3ccc(C#N)cc3)c(-c3ccc4c(c3)OCCO4)n3ccnc23)C1,6.56
CN1CCC[C@@H](COc2nc(-c3ccc(C#N)cc3)c(-c3ccc4c(c3)n(C)c(=O)n4C)c3nccn23)C1,6.56
CN1CCC[C@@H](COc2nc(-c3ccc(C#N)cc3)c(-c3ccc4c(c3)n(C)c(=O)n4C)n3cncc23)C1,6.52
CN1CCC[C@@H](COc2nc(-c3ccc(C#N)cc3)c(-c3ccc4c(c3)oc(=O)n4C)n3cncc23)C1,7.12
CN1CCC[C@@H](COc2nc(-c3ccc(C#N)cc3)c(-c3ccc4cnn(C)c4c3)c3nccn23)C1,6.56
CN1CCC[C@@H](COc2nc(-c3ccc(C#N)cc3)c(-c3ccc4ncccc4c3)n3cncc23)C1,7.12
CN1CCC[C@@H](COc2nc(-c3ccc(C#N)cc3)c(-c3ccc4ncsc4c3)n3cncc23)C1,7.12
CN1CCC[C@@H](COc2nc(-c3ccc(C#N)cc3)c(-c3ccc4scnc4c3)n3ccnc23)C1,6.56
CN1CCC[C@@H](COc2nc(-c3ccc(C#N)cc3)c(-c3ccc4sncc4c3)n3ccnc23)C1,6.56
CN1CCC[C@@H](COc2nc(-c3ccc(C#N)cc3)c(-c3cnc4c(c3)oc(=O)n4C)c3nccn23)C1,6.56
CN1CCC[C@@H](COc2nc(-c3ccc(C#N)cc3)c(-c3cnc4c(cnn4C)c3)n3ccnc23)C1,6.56
CN1CCC[C@@H](COc2nc(-c3ccc(C#N)cc3)c(-c3cnc4c(cnn4C)c3)n3cncc23)C1,7.12
CN1CCC[C@@H](Cn2ccc3c(-c4ccc(C#N)c(F)c4)c(-c4ccc5c(cnn5C)c4)ncc32)C1,7.38
CN1CCN(C(=O)C(CN[C@@H]2C[C@H]2c2ccc(F)cc2)NC(=O)c2ccc(-c3ncccn3)cc2)CC1,4.89
CN1CCN(C(=O)C(CN[C@@H]2C[C@H]2c2ccc(F)cc2)NC(=O)c2ccc(-n3ccnn3)cc2)CC1,4.55
CN1CCN(C(=O)C(CN[C@@H]2C[C@H]2c2ccc(F)cc2)NC(=O)c2ccc(C#N)cc2)CC1,4.43
CN1CCN(C(=O)CCCN2CCC(N[C@@H]3C[C@H]3c3ccccc3)CC2)CC1,7.85
CN1CCN(C(=O)CCN2CCC(N[C@@H]3C[C@H]3c3ccccc3)CC2)CC1,8.1
CN1CCN(C(=O)CNC2CC23CCCc2ccccc23)CC1,6.92
CN1CCN(C(=O)CNC2CC2c2cc(F)cc(F)c2OCc2ccccc2)CC1,6.12
CN1CCN(C(=O)CNC2CC2c2ccc(-c3cc(F)ccc3C(F)(F)F)cc2)CC1,8.05
CN1CCN(C(=O)CNC2CC2c2cccc(O)c2)CC1,5.62
CN1CCN(C(=O)CNC2CC2c2cccc(OCC[C@H](NC(=O)c3ccccc3)C(=O)NCc3ccccc3)c2)CC1,6.02
CN1CCN(C(=O)CN[C@@H]2C[C@H]2c2ccc(F)nc2)CC1,8.15
CN1CCN(C(=O)CN[C@@H]2C[C@H]2c2ccc(OCc3ccccc3)cc2)CC1,7.85
CN1CCN(C(=O)CN[C@H]2CC2c2ccc(-c3cc(Cl)cc(Cl)c3)cc2)CC1,7.58
CN1CCN(C(=O)CN[C@H]2C[C@@H]2c2ccc(-c3cc(F)ccc3C(F)(F)F)cc2)CC1,8.05
CN1CCN(C(=O)CN[C@H]2C[C@@H]2c2ccc(-c3ccc(C#N)cc3)cc2)CC1,7.57
CN1CCN(C(=O)CN[C@H]2C[C@@H]2c2ccc(-c3ccc(Cl)cc3)cc2)CC1,7.23
CN1CCN(C(=O)CN[C@H]2C[C@@H]2c2ccc(-c3ccc(F)cc3)cc2)CC1,7.38
CN1CCN(C(=O)CN[C@H]2C[C@@H]2c2ccc(-c3ccc(F)cc3F)cc2)CC1,7.62
CN1CCN(C(=O)CN[C@H]2C[C@@H]2c2ccc(-c3ccc(F)nc3)cc2)CC1,7.11
CN1CCN(C(=O)CN[C@H]2C[C@@H]2c2ccc(-c3ccc(OC(F)(F)F)cc3)cc2)CC1,7.01
CN1CCN(C(=O)CN[C@H]2C[C@@H]2c2ccc(-c3ccc(S(C)(=O)=O)cc3)cc2)CC1,7.62
CN1CCN(C(=O)CN[C@H]2C[C@@H]2c2ccc(-c3cccc(C#N)c3)cc2)CC1,7.58
CN1CCN(C(=O)CN[C@H]2C[C@@H]2c2ccc(-c3cccc(C(F)(F)F)c3)cc2)CC1,6.85
CN1CCN(C(=O)CN[C@H]2C[C@@H]2c2ccc(-c3cccc(Cl)c3)cc2)CC1,7.68
CN1CCN(C(=O)CN[C@H]2C[C@@H]2c2ccc(-c3cccc(F)c3)cc2)CC1,7.4
CN1CCN(C(=O)CN[C@H]2C[C@@H]2c2ccc(-c3ccccc3)cc2)CC1,7.0
CN1CCN(C(=O)CN[C@H]2C[C@@H]2c2ccc(-c3ccccc3C(F)(F)F)cc2)CC1,6.8
CN1CCN(C(=O)CN[C@H]2C[C@@H]2c2ccc(-c3ccccc3F)cc2)CC1,7.54
CN1CCN(C(=O)CN[C@H]2C[C@@H]2c2ccc(-c3cccnc3)cc2)CC1,7.37
CN1CCN(C(=O)CN[C@H]2C[C@@H]2c2ccc(-c3ccncc3)cc2)CC1,7.2
CN1CCN(C(=O)CN[C@H]2C[C@@H]2c2ccc(C3CC3)cc2)CC1,7.75
CN1CCN(C(=O)CN[C@H]2C[C@@H]2c2ccc(CCc3ccccc3)cc2)CC1,7.6
CN1CCN(C(=O)CN[C@H]2C[C@@H]2c2ccc(OCCc3ccccc3)cc2)CC1,6.79
CN1CCN(C(=O)CN[C@H]2C[C@@H]2c2ccc(OCc3ccc(-c4ccccc4)cc3)cc2)CC1,6.41
CN1CCN(C(=O)CN[C@H]2C[C@@H]2c2ccc(OCc3ccc(C(F)(F)F)cc3)cc2)CC1,6.91
CN1CCN(C(=O)CN[C@H]2C[C@@H]2c2ccc(OCc3ccc(Cl)cc3)cc2)CC1,7.82
CN1CCN(C(=O)CN[C@H]2C[C@@H]2c2ccc(OCc3ccc(F)cc3)cc2)CC1,7.66
CN1CCN(C(=O)CN[C@H]2C[C@@H]2c2ccc(OCc3cccc(Br)c3)cc2)CC1,7.6
CN1CCN(C(=O)CN[C@H]2C[C@@H]2c2ccc(OCc3cccc(Cl)c3)cc2)CC1,7.33
CN1CCN(C(=O)CN[C@H]2C[C@@H]2c2ccc(OCc3cccc(F)c3)cc2)CC1,7.75
CN1CCN(C(=O)CN[C@H]2C[C@@H]2c2ccc(OCc3ccccc3)cc2)CC1,7.52
CN1CCN(C(=O)CN[C@H]2C[C@@H]2c2ccccc2)CC1,6.46
CN1CCN(C(=O)NC2CC2c2cc(F)cc(F)c2OCc2ccccc2)CC1,6.43
CN1CCN(C(=O)[C@@H](CCCN[C@@H]2C[C@H]2c2ccc(F)cc2)NC(=O)c2ccc(-n3ccnn3)cc2)CC1,4.35
CN1CCN(C(=O)[C@@H](CCCN[C@H]2C[C@@H]2c2ccc(F)cc2)NC(=O)c2ccc(-n3ccnn3)cc2)CC1,4.33
CN1CCN(C(=O)[C@H](CCCCN[C@@H]2C[C@H]2c2ccc(F)cc2)NC(=O)c2ccc(-c3ncccn3)cc2)CC1,4.55
CN1CCN(C(=O)[C@H](CCCCN[C@@H]2C[C@H]2c2ccc(F)cc2)NC(=O)c2ccc(C#N)cc2)CC1,4.24
CN1CCN(C(=O)[C@H](CCCNC2C[C@H]2c2ccc(F)cc2)NC(=O)c2ccc(-n3cccn3)cc2)CC1=O,5.05
CN1CCN(C(=O)[C@H](CCCN[C@@H]2C[C@H]2c2ccc(F)cc2)NC(=O)c2ccc(-c3ccccc3)cc2)CC1,4.89
CN1CCN(C(=O)[C@H](CCCN[C@@H]2C[C@H]2c2ccc(F)cc2)NC(=O)c2ccc(-c3cnccn3)cc2)CC1,4.85
CN1CCN(C(=O)[C@H](CCCN[C@@H]2C[C@H]2c2ccc(F)cc2)NC(=O)c2ccc(-c3cncnc3)cc2)CC1,5.0
CN1CCN(C(=O)[C@H](CCCN[C@@H]2C[C@H]2c2ccc(F)cc2)NC(=O)c2ccc(-c3cnn(C)n3)cc2)CC1,4.92
CN1CCN(C(=O)[C@H](CCCN[C@@H]2C[C@H]2c2ccc(F)cc2)NC(=O)c2ccc(-c3ncccn3)cc2)CC1,5.4
CN1CCN(C(=O)[C@H](CCCN[C@@H]2C[C@H]2c2ccc(F)cc2)NC(=O)c2ccc(-c3ncn(C)n3)cc2)CC1,4.72
CN1CCN(C(=O)[C@H](CCCN[C@@H]2C[C@H]2c2ccc(F)cc2)NC(=O)c2ccc(-n3cccc3)cc2)CC1,5.3
CN1CCN(C(=O)[C@H](CCCN[C@@H]2C[C@H]2c2ccc(F)cc2)NC(=O)c2ccc(-n3cccn3)cc2)CC1,5.0
CN1CCN(C(=O)[C@H](CCCN[C@@H]2C[C@H]2c2ccc(F)cc2)NC(=O)c2ccc(-n3cccn3)cc2)CC1=O,5.05
CN1CCN(C(=O)[C@H](CCCN[C@@H]2C[C@H]2c2ccc(F)cc2)NC(=O)c2ccc(-n3ccnn3)cc2)CC1,5.0
CN1CCN(C(=O)[C@H](CCCN[C@@H]2C[C@H]2c2ccc(F)cc2)NC(=O)c2ccc(-n3ccnn3)cc2)CC1=O,4.85
CN1CCN(C(=O)[C@H](CCCN[C@@H]2C[C@H]2c2ccc(F)cc2)NC(=O)c2ccc(-n3ccnn3)cc2F)CC1,4.96
CN1CCN(C(=O)[C@H](CCCN[C@@H]2C[C@H]2c2ccc(F)cc2)NC(=O)c2ccc(-n3cncn3)cc2)CC1,4.89
CN1CCN(C(=O)[C@H](CCCN[C@@H]2C[C@H]2c2ccc(F)cc2)NC(=O)c2ccc(-n3cnnc3)cc2)CC1,4.19
CN1CCN(C(=O)[C@H](CCCN[C@@H]2C[C@H]2c2ccc(F)cc2)NC(=O)c2ccc(-n3cnnn3)cc2)CC1,5.16
CN1CCN(C(=O)[C@H](CCCN[C@@H]2C[C@H]2c2ccc(F)cc2)NC(=O)c2ccc(-n3nccn3)cc2)CC1,4.7
CN1CCN(C(=O)[C@H](CCCN[C@@H]2C[C@H]2c2ccc(F)cc2)NC(=O)c2ccc(C#N)cc2)CC1,4.92
CN1CCN(C(=O)[C@H](CCCN[C@@H]2C[C@H]2c2ccc(F)cc2)NC(=O)c2ccc(C#N)cc2)CC1=O,4.85
CN1CCN(C(=O)[C@H](CCCN[C@@H]2C[C@H]2c2ccc(F)cc2)NC(=O)c2ccc(F)cc2)CC1=O,4.19
CN1CCN(C(=O)[C@H](CCCN[C@@H]2C[C@H]2c2ccc(F)cc2)NC(=O)c2ccc(S(=O)(=O)N(C)C)cc2)CC1,5.1
CN1CCN(C(=O)[C@H](CCCN[C@@H]2C[C@H]2c2ccc(F)cc2)NC(=O)c2ccc(S(C)(=O)=O)cc2)CC1,4.75
CN1CCN(C(=O)[C@H](CCCN[C@@H]2C[C@H]2c2ccc(F)cc2)NC(=O)c2cnc(-c3ccccc3)nc2)CC1,5.05
CN1CCN(C(=O)[C@H](CCN[C@@H]2C[C@H]2c2ccc(F)cc2)NC(=O)c2ccc(-c3ccccc3)cc2)CC1,5.3
CN1CCN(C(=O)[C@H](CCN[C@@H]2C[C@H]2c2ccc(F)cc2)NC(=O)c2ccc(-c3ccccc3)cc2)CC1=O,5.52
CN1CCN(C(=O)[C@H](CNC2C[C@H]2c2ccc(F)cc2)NC(=O)c2ccc(-n3cccn3)cc2)CC1,4.57
CN1CCN(C(=O)c2cccc(CN[C@@H]3C[C@H]3c3ccc(F)c(F)c3)c2)CC1,6.65
CN1CCN(CCCN2c3ccccc3Sc3ccccc32)CC1,6.04
CN1CCN(CCN2c3ccccc3Sc3ccccc32)CC1,6.13
CN1CCN(CCNCCN2c3ccccc3Sc3ccccc32)CC1,5.59
CN1CCN(S(=O)(=O)c2ccc3[nH]c(Nc4cc(Cl)ccc4O)nc3c2)CC1,6.56
CN1CCN(S(=O)(=O)c2cccc(C(=O)N/N=C3\CCc4c(Cl)ccc(O)c43)c2)CC1,8.04
CN1CCN(S(=O)(=O)c2cccc(C(=O)N/N=C3\CCc4cccc(O)c43)c2)CC1,8.31
CN1CCN(S(=O)(=O)c2cccc(NC(=O)c3cccc(CN[C@@H]4C[C@H]4c4ccc(F)c(F)c4)c3)c2)CC1,6.49
CN1CCN(c2ccc(-c3cc(C(=O)NCc4ccc(C(=O)NO)cc4)ccn3)cc2)CC1,5.34
CN1CCN(c2ccc(NC(=O)c3cccc(CN[C@@H]4C[C@H]4c4ccc(F)c(F)c4)c3)cc2)CC1,6.6
CN1CCN(c2ccc(NCCN3CCC(N[C@@H]4C[C@H]4c4ccccc4)CC3)cc2)C1=O,8.52
CN1CCN(c2ccc(NCCN3CCC(N[C@@H]4C[C@H]4c4ccccc4)CC3)cc2)CC1,8.4
CN1CCN(c2ccc(Nc3c4ccccc4nc4c(N(C)C)cccc34)cc2)CC1,5.22
CN1CCN(c2ccc(Nc3c4ccccc4nc4ccc(Cl)cc34)cc2)CC1,6.55
CN1CCN(c2ccc(Nc3c4ccccc4nc4ccccc34)cc2)CC1,7.14
CN1CCN(c2ccc(OCCN3CC(CN[C@@H]4C[C@H]4c4ccccc4)C3)cc2)CC1,7.64
CN1CCN(c2ccc(OCCN3CC(CN[C@@H]4C[C@H]4c4ccccc4)C3)nc2)CC1,8.4
CN1CCN(c2ccc(OCCN3CCC(N[C@@H]4C[C@H]4c4ccccc4)CC3)cc2)C1=O,8.4
CN1CCN(c2ccc(OCCN3CCC(N[C@@H]4C[C@H]4c4ccccc4)CC3)cc2)CC1,8.3
CN1CCOc2cc(-c3ccc(C(=O)N4C5CCC4CC(N)C5)cc3-c3ccc(C#N)c(F)c3)ccc21,9.34
CN1CCOc2cc(-c3ccc(C(=O)N4CC[C@H](N)C4)cc3-c3ccc(C#N)c(F)c3)ccc21,8.8
CN1CCOc2cc(-c3ncc4c(ccn4CC4(C)CCNCC4)c3-c3ccc(C#N)c(F)c3)ccc21,8.85
CN1CCOc2cc(-c3ncc4c(ccn4CC4(C)CCNCC4)c3-c3ccc(C#N)cc3)ccc21,8.89
CN1CCOc2cc(-c3ncc4c(ccn4CC4CCNCC4)c3-c3ccc(C#N)c(F)c3)ccc21,8.37
CN1CCOc2cc(-c3ncc4c(ccn4CC4CCNCC4)c3-c3ccc(C#N)cc3)ccc21,8.365
CN1CCOc2cc(-c3ncc4c(ccn4C[C@@H]4CCNC4)c3-c3ccc(C#N)c(F)c3)ccc21,8.1
CN1CC[C@@H](COc2nc(-c3ccc(C#N)cc3)c(-c3ccc(N(C)C)nc3)c3nccn23)C1,6.56
CN1CC[C@@H](COc2nc(-c3ccc(C#N)cc3)c(-c3ccc(N(C)C)nc3)n3ccnc23)C1,6.56
CN1CC[C@@H](COc2nc(-c3ccc(C#N)cc3)c(-c3ccc(N4CCCC4)nc3)c3nccn23)C1,6.56
CN1CC[C@@H](COc2nc(-c3ccc(C#N)cc3)c(-c3ccc4c(c3)CC(=O)N4C)c3nccn23)C1,6.56
CN1CC[C@@H](COc2nc(-c3ccc(C#N)cc3)c(-c3ccc4c(c3)ncn4C)c3nccn23)C1,6.56
CN1CC[C@@H](COc2nc(-c3ccc(C#N)cc3)c(-c3ccc4c(c3)oc(=O)n4C)c3nccn23)C1,6.56
CN1CC[C@@H](Cn2ccc3c(-c4ccc(C#N)c(F)c4)c(-c4ccc5c(cnn5C)c4)ncc32)C1,7.03
CN1CC[C@@H](Cn2ccc3c(-c4ccc(C#N)c(F)c4)c(-c4ccc5nn(C)cc5c4)ncc32)C1,7.16
CN1CC[C@@H](Cn2ccc3c(-c4ccc(C#N)cc4)c(-c4ccc5c(cnn5C)c4)ncc32)C1,7.49
CN1CCc2cc(-c3ccc(C(=O)N4CC[C@H](N)C4)cc3-c3ccc(C#N)c(F)c3)ccc21,8.71
CNC(=O)CC1(N2CCC(C)(CN[C@@H]3CC3c3ccccc3)CC2)CCC1,7.52
CNC(=O)CC1(N2CCC(CNC3CC3c3ccccc3)CC2)CNC1,7.52
CNC(=O)CC1(N2CCC(N[C@@H]3CC3c3ccccc3)CC2)CCC1,7.52
CNC(=O)CC1(N2CCC(N[C@@H]3CC3c3ccccc3)CC2)CN(C(=O)N(C)C)C1,7.52
CNC(=O)CC1(N2CCC(N[C@@H]3CC3c3ccccc3)CC2)CN(C(=O)OC)C1,7.52
CNC(=O)CC1(N2CCC(N[C@@H]3CC3c3ccccc3)CC2)CN(C2CCOCC2)C1,7.52
CNC(=O)CC1(N2CCC(N[C@@H]3CC3c3ccccc3)CC2)CN(CC2CC2)C1,7.52
CNC(=O)CC1(N2CCC(N[C@@H]3CC3c3ccccc3)CC2)CN(S(C)(=O)=O)C1,7.52
CNC(=O)CN1CC(CC#N)(N2CCC(N[C@@H]3CC3c3ccccc3)CC2)C1,7.52
CNC(=O)Cc1ccc(-c2ccc(C(=O)N3[C@@H]4CC[C@H]3[C@@H](N)C4)cc2-c2ccc(C#N)c(F)c2)c(F)c1,8.61
CNC(=O)Cc1cn(C)c2cc(F)c(-c3ccc(C(=O)N4[C@@H]5CC[C@H]4[C@@H](N)C5)cc3-c3ccc(C#N)c(F)c3)cc12,9.445
CNC(=O)Cn1ccc2cc(-c3ccc(C(=O)N4[C@@H]5CC[C@H]4[C@@H](N)C5)cc3-c3ccc(C#N)c(F)c3)c(F)cc21,9.19
CNC(=O)N1CCC(n2cc(-c3cncc(N)c3Cl)c3cc(C#N)c(C)cc32)C1,6.72
CNC(=O)c1ccc(-c2c(-c3ccc(C#N)cc3)cc(OC[C@@H]3CCCN(C)C3)c3cncn23)cn1,7.12
CNC(=O)c1ccc(-c2c(-c3ccc(C#N)cc3)nc(N3CCC(N(C)C)CC3)c3cncn23)cn1,6.52
CNC(=O)c1ccc(-c2c(-c3ccc(C#N)cc3)nc(N3CCC(N)CC3)n(C)c2=O)cc1F,6.26
CNC(=O)c1ccc(-c2nc(Nc3ccc(N(C)C)cc3)c3ccccc3n2)cc1,6.19
CNC(=O)c1ccc(-c2ncc3c(ccn3C[C@@H]3CCNC3)c2-c2ccc(C#N)cc2)cc1,6.41
CNC(=O)c1ccc(-n2cc(CN[C@@H]3C[C@H]3c3ccc(F)c(F)c3)nn2)cc1.Cl,7.76
CNC(=O)c1cccc(-c2ccc(C3CC3N(C)CCN(C)C(=O)Oc3ccc(CONC(=O)CCCCCCC(=O)Nc4ccccc4)cc3)cc2)c1,6.9
CNC(=O)c1cccc(-c2ccc([C@@H]3C[C@H]3N(C)CCN(C)C(=O)Oc3ccc(CONC(=O)CCCCCCC(=O)Nc4ccccc4)cc3)cc2)c1,6.35
CNC(=O)c1cccc(-c2ccc([C@H]3C[C@@H]3N(C)CCN(C)C(=O)Oc3ccc(CONC(=O)CCCCCCC(=O)Nc4ccccc4)cc3)cc2)c1,6.34
CNC1CC12CCCc1ccccc12,6.08
CNC1CCC(Cn2ccc3c(-c4ccc(C#N)c(F)c4)c(-c4ccc5c(cnn5C)c4)ncc32)CC1,6.64
CNC1CCC(F)(CNC2CC2c2ccccc2)CC1,8.02
CNC1CCC(N[C@H]2C[C@@H]2c2ccccc2)CC1,7.18
CNC1CCC(n2ccc3c(-c4ccc(C#N)c(F)c4)c(-c4ccc5c(cnn5C)c4)ncc32)CC1,6.17
CNC1CCN(C(=O)CN(c2ccc(C#N)cc2)S(=O)(=O)c2ccc(C)cc2)CC1,5.33
CNCCCN(C)Cc1coc2cc(-c3ccc(C)cc3)c(-c3ccc(C#N)cc3)cc12,7.21
CNCCCNCc1cc2c(-c3ccc(C#N)cc3)c(-c3ccc(C)cc3)ncc2n1C,6.65
CNCCCNCc1coc2cc(-c3ccc(C)cc3)c(-c3ccc(C#N)cc3)cc12,7.21
CNCCCn1ccc2c(-c3ccc(C#N)cc3)c(-c3ccc4c(cnn4C)c3)ncc21,7.390000000000001
CNCCN(C)Cc1coc2cc(-c3ccc(C)cc3)c(-c3ccc(C#N)cc3)cc12,7.13
CNCCNCc1cc2c(-c3ccc(C#N)cc3)c(-c3ccc(C)cc3)ncc2n1C,6.78
CNC[C@H]1CC[C@H](C(=O)N2C[C@@H](c3ccc(C#N)cc3)[C@H](c3ccc4c(cnn4C)c3)C2)CC1,6.095
CNC[C@H]1CC[C@H](C(=O)N2C[C@@H](c3ccc(C)cc3)[C@H](c3ccc(C#N)cc3)C2)CC1,6.795
CNCc1cccc(-c2cc(-c3ccc(C#N)cc3)c(-c3ccc(C)cc3)n3ncnc23)c1,6.52
CNNCCC[C@@H](NC(=O)[C@@H](CO)NC(=O)[C@H](CCCNC(=N)N)NC(=O)[C@@H]1CCCN1)C(=O)N[C@H](CC(C)C)C(=O)N[C@@H](C(=O)N[C@H](CCCNC(=N)N)C(=O)N[C@H](CCCCN)C(=O)N1CCC[C@@H]1C(=O)N[C@H](CO)C(=O)N[C@H](CC(=O)O)C(=O)N1CCC[C@@H]1C(=O)N[C@H](CC(N)=O)C(=O)N[C@H](CCCNC(=N)N)C(=O)N[C@H](CCCCN)C(=O)N1CCC[C@@H]1C(=O)N[C@@H](CC(N)=O)C(=O)N[C@H](Cc1ccc(O)cc1)C(=O)N[C@H](CO)C(=O)N[C@H](CCC(N)=O)C(N)=O)C(C)C,5.08
CNS(=O)(=O)CCN1CCC(N[C@@H]2C[C@H]2c2ccccc2)CC1,8.7
CNS(=O)(=O)N1CC(CC#N)(N2CCC(N[C@@H]3CC3c3ccccc3)CC2)C1,7.52
CNS(=O)(=O)c1ccc(CN[C@H]2C[C@@H]2c2ccccc2)cc1,6.73
CNS(=O)(=O)c1cccc(-c2ccc([C@H]3C[C@@H]3N)cn2)c1,6.26
CN[C@@H]1CCCN(C(=O)c2cc(-c3ccc(C#N)c(F)c3)n(-c3ccc(C4CC4)cc3F)n2)C1,7.68
CN[C@@H]1CCCN(C(=O)c2cc(-c3ccc(C#N)c(F)c3)n(-c3ccc(N4CCC(OC)C4)cc3F)n2)C1,7.47
CN[C@@H]1CCCN(C(=O)c2cc(-c3ccc(C#N)c(F)c3)n(-c3ccc(N4CCCC4)cc3F)n2)C1,7.25
CN[C@@H]1CCCN(C(=O)c2cc(-c3ccc(C#N)c(F)c3)n(-c3ccc(N4CCCCC4)cc3F)n2)C1,7.42
CN[C@@H]1CCCN(C(=O)c2cc(-c3ccc(C#N)c(F)c3)n(-c3ccc(N4CC[C@@H](OC)C4)cc3F)n2)C1,7.55
CN[C@@H]1CCCN(C(=O)c2cc(-c3ccc(C#N)c(F)c3)n(-c3ccc(N4CC[C@H](OC)C4)cc3F)n2)C1,7.66
CN[C@@H]1CCCN(C(=O)c2cc(-c3ccc(C#N)cc3)n(-c3ccc(Br)cc3)n2)C1,7.0
CN[C@@H]1CCCN(C(=O)c2cc(-c3ccc(C#N)cc3)n(-c3ccc(C(C)(C)C)cc3)n2)C1,7.47
CN[C@@H]1CCCN(C(=O)c2cc(-c3ccc(C#N)cc3)n(-c3ccc(C(C)C)cc3)n2)C1,7.17
CN[C@@H]1CCCN(C(=O)c2cc(-c3ccc(C#N)cc3)n(-c3ccc(C4CC4)cc3)n2)C1,7.54
CN[C@@H]1CCCN(C(=O)c2cc(-c3ccc(C#N)cc3)n(-c3ccc(C4CC4)cc3F)n2)C1,7.42
CN[C@@H]1CCCN(C(=O)c2cc(-c3ccc(C#N)cc3)n(-c3ccc(Cl)cc3)n2)C1,6.64
CN[C@@H]1CCCN(C(=O)c2cc(-c3ccc(C#N)cc3)n(-c3ccc(N(C)C)cc3)n2)C1,7.46
CN[C@@H]1CCCN(C(=O)c2cc(-c3ccc(C#N)cc3)n(-c3ccc4c(c3)CCC4)n2)C1,7.55
CN[C@@H]1CCCN(C(=O)c2cc(OCc3cc(C)no3)n(-c3ccc(C#N)cc3)n2)C1,6.925
CN[C@@H]1CCCN(C(=O)c2nc(-c3ccc(C#N)c(F)c3)n(-c3ccc4nn(C)c(Cl)c4c3)c2C)C1,8.55
CN[C@H]1CCN(C(=O)c2ccc(-c3ccc(C)cc3)c(-c3ccc(C#N)cc3)c2)C1,7.94
CN[C@H]1CCN(C(=O)c2ccc(-c3ccc(C4(CO)CC4)cc3)c(-c3ccc(C#N)cc3)c2)C1,7.87
CN[C@H]1CCN(C(=O)c2ccc(-c3ccc(CCO)cc3)c(-c3ccc(C#N)cc3)c2)C1,7.71
CN[C@H]1CCN(C(=O)c2ccc(-c3ccc(CCOC)cc3)c(-c3ccc(C#N)cc3)c2)C1,8.04
CN[C@H]1CCN(C(=O)c2nc(-c3ccc(C#N)c(F)c3)n(-c3cc4cn(C)nc4cc3F)c2C)C1,7.785
CN[C@H]1CCN(C(=O)c2nc(-c3ccc(C#N)c(F)c3)n(-c3ccc4nn(C)c(Cl)c4c3)c2C)C1,8.5
CN[C@H]1CC[C@@H](n2cc(-c3cccc(N)c3C)c3cc(C#N)c(C)cc32)CC1,8.4
CN[C@H]1CC[C@H](c2nc(C3(CN[C@@H]4C[C@H]4c4ccccc4)CC3)no2)CC1,7.12
CNc1ccc(Nc2c3ccccc3nc3ccccc23)cc1,7.23
COC(=O)/C=C/c1ccc(CN(C(=O)OC(C)(C)C)C2CC2c2ccc(F)cc2)cc1,7.3
COC(=O)/C=C/c1ccc(OCC(O)CN2CCC(N[C@@H]3C[C@H]3c3ccccc3)CC2)cc1,7.68
COC(=O)/C=C/c1ccc(OCCN2CCC(N[C@@H]3C[C@H]3c3ccccc3)CC2)cc1,7.96
COC(=O)C(C)N[C@H]1C[C@@H]1c1ccccc1,5.33
COC(=O)C1CCC(n2cc(-c3cncc(N)c3Cl)c3cc(C#N)c(C)cc32)C1,8.05
COC(=O)C1CCCC(n2cc(-c3cncc(N)c3Cl)c3cc(C#N)c(C)cc32)C1,6.98
COC(=O)CCN1CCC(F)(CNC2CC2c2ccccc2)CC1,6.7
COC(=O)CSCCCN1c2ccccc2Sc2ccccc21,5.34
COC(=O)Cc1ccc(OCCN2CCC(N[C@@H]3C[C@H]3c3ccccc3)CC2)cc1,7.96
COC(=O)Cc1ccc(OCCN2CCC(N[C@@H]3C[C@H]3c3ccccc3)CC2)cc1F,7.77
COC(=O)N(C)c1ccc(-c2c(-c3ccc(C#N)cc3)nc(N3CCC(N(C)C)CC3)n3ccnc23)cn1,6.56
COC(=O)N(C)c1ccc(-c2c(-c3ccc(C#N)cc3)nc(OC[C@@H]3CCCN(C)C3)c3cncn23)cc1,7.12
COC(=O)N(C)c1ccc(-c2c(-c3ccc(C#N)cc3)nc(OC[C@@H]3CCCN(C)C3)c3cncn23)cn1,6.52
COC(=O)N(C)c1ccc(-c2c(-c3ccc(C#N)cc3)nc(OC[C@@H]3CCCN(C)C3)c3nccn23)cc1,6.56
COC(=O)N(C)c1ccc(-c2c(-c3ccc(C#N)cc3)nc(OC[C@@H]3CCCN(C)C3)n3ccnc23)cc1F,6.56
COC(=O)N1CC(CC#N)(N2CCC(CNC3CC3c3ccccc3)CC2)C1,7.52
COC(=O)N1CC(CC#N)(N2CCC(NC3CC3c3ccccc3)CC2)C1,7.52
COC(=O)N1CC(CC(=O)N(C)C)(N2CCC(N[C@@H]3CC3c3ccccc3)CC2)C1,7.52
COC(=O)N1CCC(n2cc(-c3cncc(N)c3Cl)c3cc(C#N)c(C)cc32)C1,7.4
COC(=O)N1CCC(n2cc(-c3cncc(N)c3Cl)c3cc(C#N)c(C)cc32)CC1,7.85
COC(=O)Nc1ccc(-c2ncc3c(ccn3CC3CCNCC3)c2-c2ccc(C#N)cc2)cc1,7.27
COC(=O)[C@H]1CC[C@H](n2cc(-c3cncc(N)c3Cl)c3cc(C#N)c(C)cc32)CC1,8.4
COC(=O)c1cc(CN2CCN(C(=N)N)CC2)cc(C(=O)N2CCN(C(=O)c3ccc(C(=N)N)cc3)CC2)c1,5.28
COC(=O)c1cc(CN2CCN(C(=N)N)CC2)cc(C(=O)N2CCN(C(=O)c3ccc(C=N)cc3)CC2)c1,5.28
COC(=O)c1ccc(CN2CCC(CNC3CC34CCCc3ccccc34)CC2)cc1,6.925
COC(=O)c1ccc(CN2CCC(CNC3CC34CCc3ccccc34)CC2)cc1,7.87
COC(=O)c1ccc(CN2CCC(F)(CNC3CC3c3ccc(Br)s3)CC2)cc1,7.09
COC(=O)c1ccc(CN2CCC(F)(CNC3CC3c3ccccc3)CC2)cc1,6.79
COC(=O)c1ccc(CN2CCC(c3nc(C4(CN[C@H]5CC5c5ccccc5)CC4)no3)CC2)cc1,6.52
COC(=O)c1ccc(NS(=O)(=O)C2CC3OC2C(c2ccc(O)cc2)=C3c2ccc(O)cc2)cc1,4.88
COC(=O)c1cccc(NC(=O)c2cccc(CN[C@@H]3C[C@H]3c3ccc(F)c(F)c3)c2)c1,7.49
COC(=O)c1ccccc1NS(=O)(=O)C1CC2OC1C(c1ccc(O)cc1)=C2c1ccc(O)cc1,4.52
COC(C)(C)c1ccc(-c2ncc3c(ccn3CC3CCNCC3)c2-c2ccc(C#N)cc2)cc1,7.78
COC(COc1ccccc1)CN1CCC(N[C@H]2C[C@@H]2c2ccccc2)CC1,6.96
COC1(C)CCN(C(=O)[C@H](CCCNC2C[C@H]2c2ccc(F)cc2)NC(=O)c2ccc(C#N)cc2)CC1,4.47
COC1(C)CCN(C(=O)[C@H](CCCN[C@@H]2C[C@H]2c2ccc(F)cc2)NC(=O)c2ccc(C#N)cc2)CC1,4.47
COC1=CC(=O)OC(/C=C/c2ccccc2)C1,5.42
COC1CCN(C(=O)N2CC(CC#N)(N3CCC(N[C@@H]4CC4c4ccccc4)CC3)C2)CC1,7.52
COC1CCN(c2ccc(-n3nc(C(=O)N4CCC[C@@H](N)C4)cc3-c3ccc(C#N)c(F)c3)c(F)c2)C1,7.28
COCC1(CN[C@@H]2CC2c2ccccc2)CCN(C2(CC(=O)O)CCC2)CC1,7.52
COCC1(CN[C@@H]2C[C@H]2c2ccccc2)CCN(C2(C(=O)O)CCC2)CC1,7.75
COCC1(CN[C@@H]2C[C@H]2c2ccccc2)CCN(CC2(C(=O)O)CCC2)CC1,7.75
COCC1(c2ccc(-c3ccc(C(=O)N4CC[C@H](N)C4)cc3-c3ccc(C#N)cc3)cc2)CC1,8.16
COCCN1CCC(N[C@@H]2C[C@H]2c2ccccc2)CC1,7.42
COCCN1CCN(C(=O)CNC2CC2c2cc(F)cc(F)c2OCCc2ccc(F)cc2)CC1,5.73
COCCN1CCN(C(=O)CNC2CC2c2cc(F)cc(F)c2OCCc2ccccc2)CC1,5.835
COCCN1CCN(C(=O)CNC2CC2c2cc(F)cc(F)c2OCc2cc[nH]n2)CC1,5.57
COCCN1CCN(C(=O)CNC2CC2c2cc(F)cc(F)c2OCc2ccccc2)CC1,5.744999999999999
COCCN1CCN(C(=O)CNC2CC2c2cc(F)cc(F)c2OCc2cccnc2F)CC1,5.765
COCCN1CCN(C(=O)CNC2CC2c2cc(F)cc(F)c2OCc2ccnc(F)c2)CC1,5.529999999999999
COCCN1CCN(C(=O)CNC2CC2c2cc(F)cc(F)c2OCc2cnn(C)c2)CC1,4.949999999999999
COCCN1CCN(C(=O)CNC2CC2c2cc(F)cc(F)c2OCc2cscn2)CC1,4.9
COCCN1CCN(C(=O)[C@H](CCCN[C@@H]2C[C@H]2c2ccc(F)cc2)NC(=O)c2ccc(-n3ccnn3)cc2)CC1,4.64
COCCN1CCN(C(=O)[C@H](CCCN[C@@H]2C[C@H]2c2ccc(F)cc2)NC(=O)c2ccc(C#N)cc2)CC1,4.66
COCCNC(=O)c1cccc(CN[C@@H]2C[C@H]2c2ccc(F)c(F)c2)c1,6.64
COCCOc1cc2ncnc(N3CCN(C)CC3)c2cc1OCCOC,4.33
COCCOc1cc2ncnc(N3CCN(c4ccccc4)CC3)c2cc1OCCOC,4.38
COCCOc1cc2ncnc(N3CCOCC3)c2cc1OCCOC,4.37
COCCOc1cc2ncnc(Nc3ccc(N(C)C)cc3)c2cc1OCCOC,5.89
COCCOc1cc2ncnc(Oc3ccc4ccccc4c3)c2cc1OCCOC,4.41
COCCOc1cc2ncnc(Oc3cccc4ccccc34)c2cc1OCCOC,4.34
COCCOc1cc2ncnc(Sc3ccc(OC)cc3)c2cc1OCCOC,4.7
COCCOc1cc2ncnc(Sc3ccc4ccccc4c3)c2cc1OCCOC,4.71
COCCOc1cc2ncnc(Sc3cncn3C)c2cc1OCCOC,4.42
COCCOc1cc2ncnc(Sc3cncs3)c2cc1OCCOC,5.31
COCCOc1cc2ncnc(Sc3nc[nH]n3)c2cc1OCCOC,6.16
COCCOc1cc2ncnc(Sc3ncccn3)c2cc1OCCOC,5.72
COCCOc1cc2ncnc(Sc3nccs3)c2cc1OCCOC,5.31
COCCOc1cc2ncnc(Sc3nnc(C)s3)c2cc1OCCOC,5.04
COCCOc1cc2ncnc(Sc3nncs3)c2cc1OCCOC,4.38
COCCOc1cc2ncnc(Sc3nnnn3-c3ccc(Br)cc3)c2cc1OCCOC,5.63
COCCOc1cc2ncnc(Sc3nnnn3-c3ccc(Cl)cc3)c2cc1OCCOC,5.32
COCCOc1cc2ncnc(Sc3nnnn3-c3ccc(OC)cc3)c2cc1OCCOC,4.91
COCCOc1cc2ncnc(Sc3nnnn3-c3ncc(Br)cn3)c2cc1OCCOC,5.63
COCCOc1cc2ncnc(Sc3nnnn3-c3ncc(Cl)cn3)c2cc1OCCOC,5.32
COCCc1ccc(-c2ccc(C(=O)N3C4CCC3CC(N)C4)cc2-c2ccc(C#N)c(F)c2)c(F)c1,9.14
COCCc1ccc(-c2ccc(C(=O)N3C4CCC3CC(NC(C)C)C4)cc2-c2ccc(C#N)c(F)c2)c(F)c1,8.74
COCCc1ccc(-c2ccc(C(=O)N3C4CCC3CNC4)cc2-c2ccc(C#N)c(F)c2)c(F)c1,7.94
COCCc1ccc(-c2ccc(C(=O)N3C4CCCC3CC(N)C4)cc2-c2ccc(C#N)c(F)c2)c(F)c1,7.77
COCCc1ccc(-c2ccc(C(=O)N3C4CC[C@H]3CC(N)C4)cc2-c2ccc(C#N)c(F)c2)c(F)c1,7.89
COCCc1ccc(-c2ccc(C(=O)N3CC4(CCCNC4)C3)cc2-c2ccc(C#N)c(F)c2)c(F)c1,8.81
COCCc1ccc(-c2ccc(C(=O)N3CC4(CCNCC4)C3)cc2-c2ccc(C#N)c(F)c2)c(F)c1,8.03
COCCc1ccc(-c2ccc(C(=O)N3CC4(CNCCO4)C3)cc2-c2ccc(C#N)c(F)c2)c(F)c1,7.8
COCCc1ccc(-c2ccc(C(=O)N3CC4CNCC4C3)cc2-c2ccc(C#N)c(F)c2)c(F)c1,8.72
COCCc1ccc(-c2ccc(C(=O)N3CCC4(CCN4)C3)cc2-c2ccc(C#N)c(F)c2)c(F)c1,8.48
COCCc1ccc(-c2ccc(C(=O)N3CCC4(CCN4)CC3)cc2-c2ccc(C#N)c(F)c2)c(F)c1,8.03
COCCc1ccc(-c2ccc(C(=O)N3CCC4(CCNC4)CC3)cc2-c2ccc(C#N)c(F)c2)c(F)c1,8.02
COCCc1ccc(-c2ccc(C(=O)N3CCC4(CNC4)C3)cc2-c2ccc(C#N)c(F)c2)c(F)c1,8.81
COCCc1ccc(-c2ccc(C(=O)N3CCCC(N)CC3)cc2-c2ccc(C#N)c(F)c2)c(F)c1,7.95
COCCc1ccc(-c2ccc(C(=O)N3CCCC3)cc2-c2ccc(C#N)cc2)c(F)c1,8.52
COCCc1ccc(-c2ccc(C(=O)N3CCCC4(CNC4)C3)cc2-c2ccc(C#N)c(F)c2)c(F)c1,7.75
COCCc1ccc(-c2ccc(C(=O)N3CCCNCC3)cc2-c2ccc(C#N)c(F)c2)c(F)c1,7.89
COCCc1ccc(-c2ccc(C(=O)N3CCC[C@@H](N)C3)cc2-c2ccc(C#N)c(F)c2)c(F)c1,7.89
COCCc1ccc(-c2ccc(C(=O)N3CC[C@H](N)C3)cc2-c2ccc(C#N)c(F)c2)c(F)c1,8.88
COCCc1ccc(-c2ccc(C(=O)N3CC[C@H](N)C3)cc2-c2ccc(C#N)c(F)c2)cc1,7.96
COCCc1ccc(-c2ccc(C(=O)N3CC[C@H](N)C3)cc2-c2ccc(C#N)cc2)c(F)c1,8.52
COCCc1ccc(-c2ccc(C(=O)N3CC[C@H](N)C3)cc2-c2ccc(C#N)cc2)cc1,8.37
COCCc1ccc(-c2ccc(C(=O)N3CC[C@](C)(N)C3)cc2-c2ccc(C#N)c(F)c2)c(F)c1,8.74
COCCc1ccc(-c2ccc(C(=O)N3C[C@@H]4C[C@H]3CN4)cc2-c2ccc(C#N)c(F)c2)c(F)c1,8.52
COCCc1ccc(-c2ccc(C(=O)N3C[C@@H]4C[C@H]3CN4C)cc2-c2ccc(C#N)c(F)c2)c(F)c1,8.18
COCCc1ccc(-c2ccc(C(=O)N3C[C@H]4C[C@@H]3CN4)cc2-c2ccc(C#N)c(F)c2)c(F)c1,8.2
COCCc1ccc(-c2ccc(C(=O)N3C[C@H]4C[C@@H]3CN4C)cc2-c2ccc(C#N)c(F)c2)c(F)c1,8.29
COCCc1ccc(-c2ccc(C(=O)N3[C@H]4CC[C@@H]3[C@@H](N)C4)cc2-c2ccc(C#N)c(F)c2)c(F)c1,9.29
COCCc1ccc(-c2ccc(C(=O)N3[C@H]4CC[C@@H]3[C@H](N)C4)cc2-c2ccc(C#N)c(F)c2)c(F)c1,9.445
COCCc1ccc(-c2ccc(C(=S)N3CC[C@H](N)C3)cc2-c2ccc(C#N)c(F)c2)c(F)c1,8.29
COCCn1nnc2cc(-c3ccc(C(=O)N4CC[C@H](N)C4)cc3-c3ccc(C#N)c(F)c3)c(F)c(F)c21,9.05
COCc1cc(-c2c(-c3ccc(C#N)cc3)cc(OC[C@@H]3CCCN(C)C3)c3cncn23)cnc1C,7.12
COCc1cccc(NC(=O)/C=C/c2ccc(O)c(OC)c2)c1,5.23
COCc1cccc(NC(=O)c2cc3ccccc3n2C)c1COc1ccc(OC2CCNCC2)cc1,5.4
COCc1cccc(NC(=O)c2cc3ccccc3n2C)c1COc1ccc(OCC2CCNCC2)cc1,5.4
COCc1cccc(NC(=O)c2cc3sccc3n2C)c1,5.54
COCc1cccc(NC(=O)c2cc3sccc3n2C)c1CCOc1ccc(OC2CCNCC2)cc1,7.12
CONC(=O)C(C)N1CCC(N[C@@H]2C[C@H]2c2ccccc2)CC1,6.63
CONC(=O)Cc1ccc(OCCN2CCC(N[C@@H]3C[C@H]3c3ccccc3)CC2)cc1,8.335
CONC(=O)c1ccc(CN2CCC(N[C@@H]3C[C@H]3c3ccccc3)CC2)cc1,8.3
CO[C@@H]1CCN(c2ccc(-n3nc(C(=O)N4CCC[C@@H](N)C4)cc3-c3ccc(C#N)c(F)c3)c(F)c2)C1,7.58
CO[C@H]1CCN(c2ccc(-n3nc(C(=O)N4CCC[C@@H](N)C4)cc3-c3ccc(C#N)c(F)c3)c(F)c2)C1,7.39
COc1c(F)c(-c2ccc(C(=O)N3C4CCC3CC(N)C4)cc2-c2ccc(C#N)c(F)c2)cc2cnn(CC(C)(C)O)c12,9.37
COc1c(O)cc(O)c2c(=O)cc(-c3ccccc3)oc12,5.05
COc1c(O)cc2oc3cc(O)c(CC=C(C)C)c(O)c3c(=O)c2c1CC=C(C)C,5.55
COc1c(O[C@@H]2O[C@H](C(=O)O)[C@@H](O)[C@H](O)[C@H]2O)cc(O)c2c(=O)cc(-c3ccccc3)oc12,5.53
COc1c(O[C@H]2O[C@@H](C(=O)O)[C@H](O)[C@@H](O)[C@@H]2O)cc(O)c2c(=O)cc(-c3ccccc3)oc12,5.53
COc1cc(-c2c(-c3ccc(C#N)cc3)nc(N3CCC(N(C)C)CC3)c3nccn23)cnc1C,6.56
COc1cc(-c2ccc([C@H]3C[C@@H]3N)cn2)cc(C(F)(F)F)c1,6.26
COc1cc(-c2ccc([C@H]3C[C@@H]3N)cn2)cc(F)c1F,6.26
COc1cc(-c2ccc([C@H]3C[C@@H]3N)cn2)ccc1C,6.26
COc1cc(-c2ccc([C@H]3C[C@@H]3N)cn2)ccc1F,6.26
COc1cc(-c2cccc(O)c2)ccc1[C@H]1C[C@@H]1N,6.26
COc1cc(-c2nc(Nc3ccc(N(C)C)cc3)c3ccccc3n2)cc(OC)c1OC,6.07
COc1cc(-c2nc(SCc3ccc(Cl)c(Cl)c3)nc(NNC(N)=S)c2C#N)cc(OC)c1OC,4.01
COc1cc(/C=C/C(=O)CC(=O)/C=C/c2ccc(O)c(OC)c2)ccc1O,5.02
COc1cc(/C=C/C(=O)Nc2ccc(C(=O)NO)cc2)ccc1O,5.58
COc1cc(/C=C/C(=O)Nc2ccc(C(N)=O)cc2)ccc1O,4.92
COc1cc(/C=C/C(=O)Nc2ccc(CC(=O)NN)cc2)ccc1O,5.85
COc1cc(/C=C/C(=O)Nc2ccc(CC(=O)NO)cc2)ccc1O,5.24
COc1cc(/C=C/C(=O)Nc2ccc(CC(N)=O)cc2)ccc1O,4.99
COc1cc(/C=C/C(=O)Nc2ccc(CCC(=O)NN)cc2)ccc1O,5.11
COc1cc(/C=C/C(=O)Nc2ccc(CCC(=O)NO)cc2)ccc1O,5.21
COc1cc(/C=C/C(=O)Nc2ccc(CCC(=O)O)cc2)ccc1O,4.94
COc1cc(/C=C/C(=O)Nc2ccc(N)cc2)ccc1O,5.35
COc1cc(/C=C/C(=O)Nc2ccc(NC(=N)N)cc2)ccc1O,5.4
COc1cc(/C=C/C(=O)Nc2ccc(O)cc2)ccc1O,5.25
COc1cc(/C=C/C(=O)Nc2cccc(COc3ccc(OC4CCNCC4)cc3)c2)ccc1O.Cl,5.85
COc1cc(/C=C/C(=O)Nc2cccc(N)c2)ccc1O,5.22
COc1cc(/C=C/C(=O)Nc2cccc(OCC3CCNCC3)c2)ccc1O.Cl,5.75
COc1cc(/C=C/C(=O)Nc2ccccc2)ccc1O,4.52
COc1cc(/C=C/C(=O)Nc2ccccc2COc2ccc(OC3CCNCC3)cc2)ccc1O.Cl,5.55
COc1cc(/C=C/C(=O)Nc2ccccc2F)ccc1O,5.31
COc1cc(/C=C/C(=O)Nc2ccccc2O)ccc1O,5.21
COc1cc(Br)c(/C=C/c2ccc(C(=O)NO)cc2)cc1OC,6.16
COc1cc(C#N)cc(-c2ccc([C@H]3C[C@@H]3N)cn2)c1,6.26
COc1cc(C#N)cc(-c2ccc([C@H]3C[C@@H]3NC3CCC(N)CC3)cn2)c1,6.86
COc1cc(C(=O)Nc2nnc(C)s2)cc(C2CC2NCC2CC2)c1,5.77
COc1cc(C)c(CN[C@H]2CC2c2ccccc2)cc1C,7.16
COc1cc(C=C2C(=O)NC(=O)N(c3ccc(Br)cc3)C2=O)cc(OC)c1O,6.26
COc1cc(C=C2C(=O)NC(=O)N(c3ccc(Br)cc3)C2=O)ccc1O,6.06
COc1cc(CNC(=O)CCCC/C=C/C(C)C)ccc1O,6.22
COc1cc(CN[C@@H]2C[C@H]2c2ccccc2)cc(OC)c1OC,5.77
COc1cc(CN[C@H]2CC2c2ccccc2)cc(Cl)c1OC,6.83
COc1cc(Cl)cc(-c2ccc([C@H]3C[C@@H]3N)cn2)c1,6.26
COc1cc(Cn2cc(CSC(=S)N3CCN(C(=O)OC(C)(C)C)CC3)nn2)cc(OC)c1OC,4.72
COc1cc(Cn2cc(CSC(=S)N3CCN(C(=O)OCc4ccccc4)CC3)nn2)cc(OC)c1OC,4.36
COc1cc(F)c(/C=C/c2ccc(C(=O)NO)cc2)cc1OC,6.05
COc1cc(F)c(CN[C@H]2CC2c2ccccc2)c(F)c1,6.02
COc1cc(F)c(CN[C@H]2CC2c2ccccc2)cc1OC,6.68
COc1cc(F)cc(-c2ccc([C@H]3C[C@@H]3N)cn2)c1,6.26
COc1cc(F)ccc1-c1ccc([C@H]2C[C@@H]2NCC(=O)N2CCN(C)CC2)cc1,6.87
COc1cc(NS(=O)(=O)c2ccc3c(c2)CCN3C(C)=O)ccc1-n1nc(C)cc1C,5.8
COc1cc(NS(=O)(=O)c2ccc3c(c2)cc(C)c(=O)n3C)ccc1-n1nc(C)cc1C,6.37
COc1cc(NS(=O)(=O)c2ccccc2)ccc1-n1nc(C)cc1C,4.4
COc1cc(NS(C)(=O)=O)ccc1Nc1c2ccccc2nc2ccccc12,6.06
COc1cc(OC)cc(-n2cc(CN[C@@H]3C[C@H]3c3ccc(F)c(F)c3)nn2)c1,7.18
COc1cc(OC)cc(-n2cc(CN[C@@H]3C[C@H]3c3ccccc3)nn2)c1,6.96
COc1cc(OC)nc(-c2ccc(NC(=O)c3cccc(C4CC4NCC4CC4)c3)cc2)n1,6.85
COc1cc2[nH]ncc2cc1-n1cc(CN[C@@H]2C[C@H]2c2ccc(F)c(F)c2)nn1.Cl,8.46
COc1cc2c(NC3CCN(C(C)C)CC3)nc(C3CCCCC3)nc2cc1OCCCN1CCCC1,6.75
COc1cc2c(Sc3nc[nH]n3)ncnc2cc1OBr,5.9
COc1cc2c(Sc3nc[nH]n3)ncnc2cc1OCc1ccccc1,5.9
COc1cc2c(c(O)c1OC)c(=O)c1ccccc1n2C,6.4
COc1cc2c(cc1O)-c1cc3ccc(OC)c(OC)c3c[n+]1CC2,6.33
COc1cc2c(cc1O)CC[n+]1cc3c(OC)c(OC)ccc3cc1-2,5.81
COc1cc2c(cc1OC)-c1c(C)c3ccc(OC)c(OC)c3c[n+]1CC2,5.61
COc1cc2c(cc1OC)-c1cc3ccc(OC)c(OC)c3c[n+]1CC2,4.91
COc1cc2c(cc1OC)-c1cc3ccc4c(c3c[n+]1CC2)OCO4,6.85
COc1cc2c(cc1OC)C(N[C@H]1CC1c1ccc(OCc3ccccc3)cc1)CC2,6.26
COc1cc2nc(N3CCCN(C)CC3)nc(NC3CCN(Cc4ccccc4)CC3)c2cc1OC,6.75
COc1cc2nc(NCCCN(C)C)nc(NC3CCN(Cc4ccccc4)CC3)c2cc1OC,6.61
COc1cc2nc3c(C)c(C)ccc3c(Nc3ccc(N(C)C)cc3)c2cc1OC,7.449999999999999
COc1cc2ncnc(Sc3nc[nH]n3)c2cc1OC,5.07
COc1cc2ncnc(Sc3nc[nH]n3)c2cc1OCCCN1CCOCC1,6.09
COc1ccc(-c2c(-c3ccc(C#N)c(F)c3)nc(N(C)C3CCNCC3)n(C)c2=O)cc1,6.26
COc1ccc(-c2c(-c3ccc(C#N)c(F)c3)nc(N3CC(CN)C3)n(C)c2=O)cc1,6.26
COc1ccc(-c2c(-c3ccc(C#N)c(F)c3)nc(N3CC(N)C3)n(C)c2=O)cc1,6.26
COc1ccc(-c2c(-c3ccc(C#N)c(F)c3)nc(N3CCC(N)CC3)n(C)c2=O)cc1F,9.52
COc1ccc(-c2c(-c3ccc(C#N)c(F)c3)nc(N3CCC(N)CC3)n(C)c2=O)cc1F.O=S(=O)(O)c1ccccc1,8.46
COc1ccc(-c2c(-c3ccc(C#N)c(F)c3)nc(N3CCC(N)CC3)n(CC(=O)O)c2=O)cc1,4.26
COc1ccc(-c2c(-c3ccc(C#N)c(F)c3)nc(N3CCNCC3)n(C)c2=O)cc1F,6.26
COc1ccc(-c2c(-c3ccc(C#N)c(F)c3)nc(N3CC[C@H](N)C3)n(C)c2=O)cc1F,6.26
COc1ccc(-c2c(-c3ccc(C#N)c(F)c3)nc(NC3CCNCC3)n(C)c2=O)cc1,6.26
COc1ccc(-c2c(-c3ccc(C#N)c(F)c3)nc(NC[C@@H]3CCNC3)n(C)c2=O)cc1,6.26
COc1ccc(-c2c(-c3ccc(C#N)c(F)c3)nc(NC[C@H]3CCNC3)n(C)c2=O)cc1,6.26
COc1ccc(-c2c(-c3ccc(C#N)cc3)nc(N3CCC(N(C)C)CC3)n3ccnc23)cn1,6.56
COc1ccc(-c2c(-c3ccc(C#N)cc3)nc(N3CCC(N)CC3)n(C)c2=O)cc1,8.5
COc1ccc(-c2c(-c3ccc(C#N)cc3)nc(N3CCC(N)CC3)n(C)c2=O)cc1F,8.475
COc1ccc(-c2c(-c3ccc(C#N)cc3)nc(N3CCCNCC3)n(C)c2=O)cn1,6.26
COc1ccc(-c2c(-c3ccc(C#N)cc3)nc(NC3CCNCC3)n(C)c2=O)cc1F,6.26
COc1ccc(-c2c(-c3ccc(C#N)cc3)nc(NC[C@@H]3CCNC3)n(C)c2=O)cc1F,6.26
COc1ccc(-c2c(-c3ccc(C#N)cc3)nc(NC[C@H]3CCNC3)n(C)c2=O)cc1F,6.26
COc1ccc(-c2c(-c3ccc(Cl)c(F)c3)nc(N3CCC(N)CC3)n(C)c2=O)cc1,6.26
COc1ccc(-c2c(-c3ccncc3)nc(N3CCC(N)CC3)n(C)c2=O)cc1F,5.26
COc1ccc(-c2c(C#N)nc(N3CCC(N)CC3)n(C)c2=O)cc1F,5.26
COc1ccc(-c2cc(-c3ccn(Cc4ccc(C(=O)NO)cc4)n3)ccn2)cc1,5.55
COc1ccc(-c2cc(/C=C/c3ccc(C(=O)NO)cc3)ccn2)cc1,5.72
COc1ccc(-c2cc(=O)c3c(O)cc(O)cc3o2)cc1O,4.55
COc1ccc(-c2cc(=O)c3c(O)cc(O[C@@H]4O[C@H](CO)[C@@H](O)[C@H](O)[C@H]4O)cc3o2)cc1O,4.66
COc1ccc(-c2cc(=O)c3c(O)cc(O[C@@H]4O[C@H](CO[C@@H]5O[C@@H](C)[C@H](O)[C@@H](O)[C@H]5O)[C@@H](O)[C@H](O)[C@H]4O)cc3o2)cc1O,4.99
COc1ccc(-c2cc(C(=O)NCc3ccc(C(=O)NO)cc3)c(O)cn2)cc1,5.39
COc1ccc(-c2cc(C(=O)NCc3ccc(C(=O)NO)cc3)ccn2)cc1,5.87
COc1ccc(-c2cc(C(=O)NCc3ccc(C(=O)NO)cc3)ccn2)cc1Cl,5.58
COc1ccc(-c2cc(C(=O)NCc3ccc(C(=O)NO)cc3)cnc2-c2ccc(OC)cc2)cc1,5.32
COc1ccc(-c2cc3[nH]cc(C(=O)N4CCC(N)CC4)c3cc2-c2ccc(C#N)cc2)c(F)c1,6.68
COc1ccc(-c2ccc(C3CC3NCC3(F)CCN(C(=O)OCC4CCNCC4)CC3)cn2)cc1,6.91
COc1ccc(-c2ccc(CC(=O)N[C@@H](CCN[C@@H]3C[C@H]3c3ccc(F)cc3)C(=O)N3CCN(S(C)(=O)=O)CC3)cc2)cc1,6.0
COc1ccc(-c2ccc([C@H]3C[C@@H]3NCC(=O)N3CCN(C)CC3)cc2)cc1,7.52
COc1ccc(-c2ccc([C@H]3C[C@@H]3NCC(=O)N3CCN(C)CC3)cc2)cn1,6.87
COc1ccc(-c2cn(CC(=O)N3C4CCC3C(N)C4)nc2-c2ccc(C#N)c(F)c2)cc1F,6.54
COc1ccc(-c2cn(CC(=O)N3CC(N)C3)nc2-c2ccc(C#N)c(F)c2)cc1F,6.51
COc1ccc(-c2cn(CC(=O)N3CC4CNCC4C3)nc2-c2ccc(C#N)c(F)c2)cc1F,6.52
COc1ccc(-c2cn(CC(=O)N3CCCC[C@@H](C)C3)nc2-c2ccc(C#N)c(F)c2)cc1F,6.51
COc1ccc(-c2cn(CC(=O)N3CCCNCC3)nc2-c2ccc(C#N)c(F)c2)cc1F,6.73
COc1ccc(-c2cn(CC(=O)N3CCC[C@@H](N)C3)nc2-c2ccc(C#N)c(F)c2)cc1F,7.01
COc1ccc(-c2cn(CC(=O)N3CC[C@@H](N)C3)nc2-c2ccc(C#N)c(F)c2)cc1F,6.28
COc1ccc(-c2cn(CC(=O)NC3CC4CCC3N4)nc2-c2ccc(C#N)c(F)c2)cc1F,6.36
COc1ccc(-c2cn(CC3CCNC3)nc2-c2ccc(C#N)c(F)c2)cc1F,6.25
COc1ccc(-c2cncc(C(=O)NCc3ccc(C(=O)NO)cc3)c2)cc1,5.68
COc1ccc(-c2coc3cc(O)cc(O)c3c2=O)cc1,5.53
COc1ccc(-c2csc(NS(=O)(=O)c3cccc(Cl)c3)n2)cc1,4.58
COc1ccc(-c2nc(N3CCC(N)CC3)n(C)c(=O)c2-c2ccc3c(ccn3C)c2)cc1,5.26
COc1ccc(-c2nc(Nc3ccc(N(C)C)cc3)c3ccccc3n2)cc1,6.32
COc1ccc(-c2nc(Nc3ccc(N(C)C)cc3)c3ccccc3n2)cn1,6.37
COc1ccc(-c2ncc(OCC3CCNCC3)cc2-c2ccc(C#N)cc2)cc1,6.13
COc1ccc(-c2ncc3c(cc(CN4CC[C@H](N)C4)n3C)c2-c2ccc(C#N)c(F)c2)c(C)c1,6.95
COc1ccc(-c2ncc3c(cc(CN4CC[C@H](N)C4)n3C)c2-c2ccc(C#N)c(F)c2)c(F)c1,6.83
COc1ccc(-c2ncc3c(cc(CN4CC[C@H](N)C4)n3C)c2-c2ccc(C#N)c(F)c2)c(OC)c1,6.09
COc1ccc(-c2ncc3c(cc(CN4CC[C@H](N)C4)n3C)c2-c2ccc(C#N)c(F)c2)cc1,6.49
COc1ccc(-c2ncc3c(cc(CN4CC[C@H](N)C4)n3C)c2-c2ccc(C#N)c(F)c2)cc1F,6.63
COc1ccc(-c2ncc3c(cc(CN4CC[C@H](N)C4)n3C)c2-c2ccc(C#N)cc2)cc1,6.36
COc1ccc(-c2ncc3c(cc(CN4CC[C@H](N)C4)n3C)c2-c2ccc(C#N)cc2)cc1F,6.2
COc1ccc(-c2nn(C3CCNCC3)cc2-c2ccc(C#N)c(F)c2)cc1F,6.48
COc1ccc(-c2nn(N3CCC[C@@H](N)C3)cc2-c2ccc(C#N)c(F)c2)cc1F,6.64
COc1ccc(-c2nnn[nH]2)c(NS(=O)(=O)c2ccc(-c3ccc(Cl)cc3)cc2)c1,5.47
COc1ccc(-c2oc3c(CC=C(C)C)c(O)cc(O)c3c(=O)c2O)cc1,4.19
COc1ccc(-c2oc3c(CC=C(C)C)c(O)cc(O)c3c(=O)c2O[C@@H]2O[C@@H](C)[C@H](O)[C@@H](O)[C@H]2O)cc1,4.78
COc1ccc(-c2oc3c(CC=C(C)C)c(O[C@@H]4O[C@H](CO)[C@@H](O)[C@H](O)[C@H]4O)cc(O)c3c(=O)c2O[C@@H]2O[C@@H](C)[C@H](O)[C@@H](O)[C@H]2O)cc1,4.58
COc1ccc(-n2c(-c3ccc(C#N)c(F)c3)nc(C(=O)N3CC(CN)C3)c2C)cc1F,7.5
COc1ccc(-n2c(-c3ccc(C#N)c(F)c3)nc(C(=O)N3CCC[C@@H](N)C3)c2C)cc1,8.0
COc1ccc(-n2c(-c3ccc(C#N)c(F)c3)nc(C(=O)N3CCC[C@@H](N)C3)c2C)cc1F,7.665
COc1ccc(-n2c(-c3ccc(C#N)c(F)c3)nc(C(=O)N3CCC[C@@H](N)C3)c2C)cn1,7.12
COc1ccc(-n2c(-c3ccc(C#N)c(F)c3)nc(C(=O)N3CCC[C@H](N)C3)c2C)cc1F,7.395
COc1ccc(-n2c(-c3ccc(C#N)c(F)c3)nc(C(=O)N3CC[C@@H](N)C3)c2C)cc1F,7.31
COc1ccc(-n2c(-c3ccc(C#N)c(F)c3)nc(C(=O)N3CC[C@H](N)C3)c2C)cc1F,7.9350000000000005
COc1ccc(-n2c(-c3ccc(C#N)c(F)c3)nc(C(=O)NC3CCNCC3)c2C)cc1F,7.404999999999999
COc1ccc(-n2c(-c3ccc(C#N)c(F)c3)nc(C(=O)N[C@@H]3CCCNC3)c2C)cc1F,7.98
COc1ccc(-n2c(-c3ccc(C#N)c(F)c3)nc(C(=O)N[C@@H]3CCNC3)c2C)cc1F,7.324999999999999
COc1ccc(-n2c(-c3ccc(C#N)c(F)c3)nc(C(=O)N[C@H]3CCCNC3)c2C)cc1F,7.615
COc1ccc(-n2c(-c3ccc(C#N)c(F)c3)nc(C(=O)N[C@H]3CCNC3)c2C)cc1F,7.21
COc1ccc(-n2cc(-c3cccc(N)c3C)c3cc(C#N)ccc32)cc1,7.4350000000000005
COc1ccc(-n2cc(-c3cncc(N)c3C)c3cc(C#N)ccc32)cc1,8.05
COc1ccc(-n2cc(CN[C@@H]3C[C@H]3c3ccc(F)c(F)c3)nn2)cc1,7.77
COc1ccc(-n2cc(CN[C@@H]3C[C@H]3c3ccccc3)nn2)cc1,7.39
COc1ccc(-n2nc(C(=O)N3CCC[C@@H](N)C3)cc2-c2ccc(C#N)cc2)cc1F,6.44
COc1ccc(/C=N/NC(=O)CN[C@@H]2C[C@H]2c2ccc(F)c(F)c2)c(O)c1,6.77
COc1ccc(/C=N/NC2NC(SCC(C)C)=NC(c3ccc(OC)cc3)=C2C#N)cc1,6.02
COc1ccc(Br)cc1CNC1CC12CCc1ccccc12,8.02
COc1ccc(C#N)cc1-c1ccc([C@H]2C[C@@H]2N)cc1,6.3
COc1ccc(C#N)cc1-c1ccc([C@H]2C[C@@H]2N)cn1,6.26
COc1ccc(C(=O)Nc2nnc(C)s2)cc1C1CC1NCC1CC1,6.66
COc1ccc(C(C)N[C@H]2CC2c2ccccc2)cc1,6.58
COc1ccc(C(C)N[C@H]2CC2c2ccccc2)cc1OC,6.68
COc1ccc(C2CC2N)cc1C(=O)NC1CCCC1,5.46
COc1ccc(C2CC2NC2CCC(F)(F)CC2)cc1C(=O)Nc1cnn(C)c1,5.85
COc1ccc(C2CC2NC2CCC(F)(F)CC2)cc1C(=O)Nc1nnc(C)s1,6.0
COc1ccc(C2CC2NC2CCC(N)CC2)cc1,7.44
COc1ccc(C2CC2NC2CCC2)cc1C(=O)Nc1cnn(C)c1,5.96
COc1ccc(C2CC2NC2CCN(c3ncc(C(=O)NO)cn3)CC2)cc1,6.51
COc1ccc(C2CC2NC2CCNCC2)cc1,6.96
COc1ccc(C2CC2NC2CCOCC2)cc1C(=O)NC1CCCC1,6.46
COc1ccc(C2CC2NC2CCOCC2)cc1C(=O)Nc1nnc(C)s1,5.64
COc1ccc(C2CC2NCC2CC2)cc1C(=O)NC1CCOCC1,5.64
COc1ccc(C2CC2NCC2CC2)cc1C(=O)Nc1cnn(C)c1,5.82
COc1ccc(C2CC2NCC2CC2)cc1C(=O)Nc1nnc(C)s1,5.96
COc1ccc(C2CC2NCC2CCN(CCCc3ccc(C(=O)NO)cc3)CC2)cc1,8.22
COc1ccc(C2CC2NCC2CCN(CCCc3ccc(C(=O)Nc4ccccc4N)cc3)CC2)cc1,8.15
COc1ccc(C2CC2NCC2CCN(c3ncc(C(=O)NO)cn3)CC2)cc1,6.82
COc1ccc(C2CC2NCc2cn3c(n2)CN(CCCc2ccc(C(=O)NO)cc2)CC3)cc1,5.96
COc1ccc(C2CC2NCc2cn3c(n2)CN(c2ncc(C(=O)NO)cn2)CC3)cc1,5.94
COc1ccc(C2NCCc3cc(O)c(O)cc32)cc1.O=C(O)C(F)(F)F,5.39
COc1ccc(C=C2C(=O)NC(=O)N(c3ccc(Br)cc3)C2=O)c(OC)c1OC,5.44
COc1ccc(C=C2C(=O)NC(=O)N(c3ccc(Br)cc3)C2=O)cc1O,5.44
COc1ccc(C=C2C(=O)NC(=O)N(c3ccc(Br)cc3)C2=O)cc1OC,5.55
COc1ccc(CC(C)N[C@H]2CC2c2ccccc2)cc1OC,6.55
COc1ccc(CCCN[C@@H]2CCCC2CN[C@H]2CCC[C@@H]2CNCCCCN[C@@H]2CCC[C@H]2CN)cc1,5.66
COc1ccc(CN(C(=O)CSC(=S)N2CCN(C(=O)OC(C)(C)C)CC2)c2cc(OC)c(OC)c(OC)c2)cc1O,5.57
COc1ccc(CN(C(=O)CSC(=S)N2CCN(c3ccc(N)cc3)CC2)c2cc(OC)c(OC)c(OC)c2)cc1O,5.55
COc1ccc(CN(CC(=O)N2CCC(CN)CC2)c2ccc(C#N)cc2)cc1F,6.68
COc1ccc(CN(CC(=O)N2CCC(F)(CN)CC2)c2ccc(C#N)cc2)cc1F,6.32
COc1ccc(CN(CC(=O)N2CCC(N)CC2)c2ccc(C#N)cc2)cc1F,6.404999999999999
COc1ccc(CN(CC(=O)N2CCC3(CC2)CNC3)c2ccc(C#N)cc2)cc1F,7.08
COc1ccc(CNC2CC23CCc2ccccc23)c(Cl)c1OC,5.08
COc1ccc(CNC2CC23CCc2ccccc23)cc1OC,8.52
COc1ccc(CN[C@H]2CC2c2ccc(Oc3ccccc3)cc2)cc1,5.34
COc1ccc(CN[C@H]2CC2c2ccccc2)c(C)c1,7.1
COc1ccc(CN[C@H]2CC2c2ccccc2)c(C)c1C,7.16
COc1ccc(CN[C@H]2CC2c2ccccc2)c(Cl)c1OC,7.22
COc1ccc(CN[C@H]2CC2c2ccccc2)c(F)c1,6.44
COc1ccc(CN[C@H]2CC2c2ccccc2)c2ccccc12,5.71
COc1ccc(CN[C@H]2CC2c2ccccc2)cc1C,6.35
COc1ccc(CN[C@H]2CC2c2ccccc2)cc1Cl,6.29
COc1ccc(CN[C@H]2CC2c2ccccc2)cc1F,6.29
COc1ccc(CN[C@H]2CC2c2ccccc2)cc1OC,7.22
COc1ccc(CN[C@H]2CC2c2ccccc2)cn1,6.75
COc1ccc(CN[C@H]2C[C@@H]2c2ccccc2)cc1,7.0
COc1ccc(CN[C@H]2C[C@@H]2c2ccccc2)cc1OC,6.96
COc1ccc(CSc2nc3nc(C)cc(NN)n3n2)cc1,4.81
COc1ccc(CSc2nc3nc(C)cc(Nc4ccc(N5CCN(C)CC5)cc4)n3n2)cc1,4.76
COc1ccc(Cl)c(-c2ccc([C@H]3C[C@@H]3N)cn2)c1,6.26
COc1ccc(Cn2cc(CSC(=S)N3CCN(C(=O)OC(C)(C)C)CC3)nn2)cc1,4.74
COc1ccc(Cn2cc(CSC(=S)N3CCN(C(=O)OCc4ccccc4)CC3)nn2)cc1,4.46
COc1ccc(Cn2cc(CSC(=S)N3CCNCC3)nn2)cc1,4.71
COc1ccc(F)c(-c2ccc([C@H]3C[C@@H]3N)cn2)c1,6.26
COc1ccc(F)cc1-c1cncc(/C=C/c2ccc(C(=O)NO)cc2)c1,5.8
COc1ccc(F)cc1CN[C@H]1CC1c1ccccc1,6.52
COc1ccc(N2C(=O)NC(=O)/C(=C\c3ccc(N4CCOCC4)c(F)c3)C2=O)cc1,4.74
COc1ccc(N2C(=O)NC(=O)C(=Cc3ccc(O)c(O)c3)C2=O)cc1,5.51
COc1ccc(NS(=O)(=O)c2ccc(C3CCCCC3)cc2)c(-c2nnn[nH]2)c1,5.85
COc1ccc(NS(C)(=O)=O)cc1-c1ccc(C2CC2N[C@H]2CC[C@H](N)CC2)cc1,7.57
COc1ccc(NS(C)(=O)=O)cc1-c1ccc([C@H]2C[C@@H]2N)cc1,7.3
COc1ccc(NS(C)(=O)=O)cc1-c1ccc([C@H]2C[C@@H]2N)cn1,6.26
COc1ccc(NS(C)(=O)=O)cc1-c1ccc([C@H]2C[C@@H]2NC2CCC(N)CC2)cc1,7.57
COc1ccc(NS(C)(=O)=O)cc1-c1ccc([C@H]2C[C@@H]2NC2CCNCC2)cc1,7.64
COc1ccc(Nc2c3ccccc3nc3ccccc23)cc1,5.94
COc1ccc(OC)c(-n2cc(CN[C@@H]3C[C@H]3c3ccc(F)c(F)c3)nn2)c1,7.96
COc1ccc(OC)c(-n2cc(CN[C@@H]3C[C@H]3c3ccccc3)nn2)c1,7.46
COc1ccc(S(=O)(=O)N(CCSC(=S)N2CCN(C)CC2)c2cc(OC)c(OC)c(OC)c2)cc1,7.2
COc1ccc(S(=O)(=O)Nc2nc(-c3ccc(Cl)cc3)cs2)cc1,4.12
COc1ccc([C@@H]2C(=O)N([C@H]3CC[C@H](N)CC3)[C@H]2c2ccc(C#N)cc2)cc1,4.28
COc1ccc([C@@H]2CC(=O)c3c(O)cc(O)cc3O2)cc1O,4.1
COc1ccc([C@@H]2CC(=O)c3c(O)cc(O[C@@H]4O[C@H](CO)[C@@H](O)[C@H](O)[C@H]4O)cc3O2)cc1O,5.32
COc1ccc([C@@H]2CC(=O)c3c(O)cc(O[C@@H]4O[C@H](CO[C@@H]5O[C@@H](C)[C@H](O)[C@@H](O)[C@H]5O)[C@@H](O)[C@H](O)[C@H]4O)cc3O2)cc1O,4.72
COc1ccc([C@@H]2CN(C(=O)CC3CCCNC3)C[C@H]2c2ccc(C#N)cc2)cn1,5.41
COc1ccc([C@@H]2CN(C(=O)C[C@H]3CC[C@@H](N)CC3)C[C@H]2c2ccc(C#N)cc2)cn1,5.63
COc1ccc([C@@H]2C[C@H]2N)cc1.Cl,4.38
COc1ccc([C@@H]2C[C@H]2NCC[C@H](NC(=O)c2ccc(-c3ccccc3)cc2)C(=O)N2CCN(S(C)(=O)=O)CC2)cc1,5.0
COc1ccc([C@@H]2C[C@H]2NCC[C@H](NC(=O)c2ccc(-c3ccccc3)cc2)C(=O)N2CCS(=O)(=O)CC2)cc1,5.52
COc1ccc([C@@H]2OC[C@H]3[C@@H]2CO[C@@H]3c2ccc(O[C@H]3O[C@H](CO)[C@@H](O)[C@H](O)[C@H]3O)c(OC)c2)cc1OC,5.26
COc1ccc([C@H]2C[C@@H]2N)cc1F,4.5
COc1ccc([C@H]2C[C@@H]2NCC2CCN(CCCc3ccc(C(=O)NO)cc3)CC2)cc1,8.22
COc1ccc([C@H]2C[C@@H]2NCCC[C@H](NC(=O)c2ccc(-n3ccnn3)cc2)C(=O)N2CCN(C)CC2)cc1,4.29
COc1ccc([C@H]2C[C@@H]2NCc2cn3c(n2)CN(CCCc2ccc(C(=O)NO)cc2)CC3)cc1,5.96
COc1ccc([C@H]2C[C@H]2N)cc1F,4.46
COc1ccc2c(Cn3cc(CSC(=S)N4CCN(C(=O)OC(C)(C)C)CC4)nn3)cc(=O)oc2c1,6.09
COc1ccc2c(Nc3ccc(N(C)C)cc3)c3ccccc3nc2c1,6.92
COc1ccc2c(Nc3ccc(N4CCN(C)CC4)cc3)c3ccccc3nc2c1,6.85
COc1ccc2c(OC)ccc(CN[C@H]3CC3c3ccccc3)c2c1,7.3
COc1ccc2c(c1)C(CCN[C@H]1CC1c1ccc(OCc3ccccc3)cc1)CCC2,6.26
COc1ccc2c(c1)C(N[C@H]1CC1c1ccc(-c3ccc(Cl)cc3)cc1)CC2,7.3
COc1ccc2c(c1)C(N[C@H]1CC1c1ccc(-c3cccc(Cl)c3)cc1)CC2,6.26
COc1ccc2c(c1)C(N[C@H]1CC1c1ccc(OCc3cccc(Br)c3)cc1)CC2,6.26
COc1ccc2c(c1)C(N[C@H]1CC1c1ccc(OCc3ccccc3)cc1)CC2,6.26
COc1ccc2c(c1)C(N[C@H]1CC1c1ccccc1)CC2,6.26
COc1ccc2c(c1)C(N[C@H]1CC1c1ccccc1)CCC2,6.26
COc1ccc2c(c1)CCCC21CC1N,5.375
COc1ccc2c(c1)N(CCN1CCOCC1)c1ccccc1S2,5.85
COc1ccc2c(c1OC)CCC2N[C@H]1CC1c1ccc(OCc2ccccc2)cc1,6.26
COc1ccc2cc(C(=O)N[C@@H](CCCN[C@@H]3C[C@H]3c3ccc(F)cc3)C(=O)N3CCN(C)CC3)ccc2c1,4.89
COc1ccc2cc(C(=O)N[C@@H](CCN[C@H]3C[C@@H]3c3ccc(F)cc3)C(=O)N3CCN(S(C)(=O)=O)CC3)ccc2c1,5.0
COc1ccc2cc3[n+](cc2c1OC)CCc1cc2c(cc1-3)OCO2,5.16
COc1ccc2ccccc2c1CN[C@H]1CC1c1ccccc1,7.22
COc1ccc2nc3ccccc3c(Nc3ccc(N(C)C)cc3)c2c1,7.19
COc1ccc2nc3ccccc3c(Nc3ccc(N4CCN(C)CC4)cc3)c2c1,6.64
COc1cccc(-c2cc(F)c([C@H]3C[C@@H]3N)cc2F)c1,7.06
COc1cccc(-c2cc(F)c([C@H]3C[C@H]3N)cc2F)c1,6.75
COc1cccc(-c2ccc(C3C[C@@H]3NC3CCc4ccc(OC)cc43)cc2)c1,7.3
COc1cccc(-c2ccc([C@@H]3C[C@H]3NCC(=O)N3CCN(C)CC3)cc2)c1,7.6
COc1cccc(-c2ccc([C@H]3C[C@@H]3N)cn2)c1,6.26
COc1cccc(-c2ccc([C@H]3C[C@@H]3N)cn2)c1F,6.26
COc1cccc(-c2ccc([C@H]3C[C@@H]3NCC(=O)N3CCN(C)CC3)cc2)c1,7.6
COc1cccc(-c2csc(NS(=O)(=O)c3cccc(Cl)c3)n2)c1,4.72
COc1cccc(-n2cc(CN[C@@H]3C[C@H]3c3ccc(F)c(F)c3)nn2)c1,7.38
COc1cccc(-n2cc(CN[C@@H]3C[C@H]3c3ccccc3)nn2)c1,6.97
COc1cccc(CN[C@H]2CC2c2ccccc2)c1,6.4
COc1cccc(CN[C@H]2CC2c2ccccc2)n1,6.13
COc1cccc(CN[C@H]2C[C@@H]2c2ccccc2)c1,6.8
COc1cccc(F)c1CN[C@H]1CC1c1ccccc1,6.66
COc1cccc(S(=O)(=O)N2CCc3cc(C4CC4NCC4CCNCC4)ccc32)c1,4.42
COc1cccc(S(=O)(=O)Nc2nc(-c3ccc(Cl)cc3)cs2)c1,4.36
COc1cccc([C@@]2(F)C[C@@H]2N)c1,5.92
COc1cccc2c(Nc3ccc(N(C)C)cc3)c3ccccc3nc12,7.07
COc1cccc2c(Nc3ccc(N4CCN(C)CC4)cc3)c3ccccc3nc12,6.89
COc1ccccc1-c1cc(/C=C/c2ccc(C(=O)NO)cc2)ccn1,5.97
COc1ccccc1-c1cc(C(=O)NCc2ccc(C(=O)NO)cc2)c(O)cn1,5.27
COc1ccccc1-c1cc(C(=O)NCc2ccc(C(=O)NO)cc2)ccn1,5.41
COc1ccccc1-c1csc(NS(=O)(=O)c2cccc(Cl)c2)n1,4.63
COc1ccccc1-n1cc(CN[C@@H]2C[C@H]2c2ccc(F)c(F)c2)nn1,7.68
COc1ccccc1-n1cc(CN[C@@H]2C[C@H]2c2ccccc2)nn1,6.92
COc1ccccc1CNC1CC12CCc1ccccc12,8.66
COc1ccccc1CN[C@H]1CC1c1ccc(OCc2ccccc2)cc1,7.3
COc1ccccc1CN[C@H]1CC1c1ccccc1,6.41
COc1ccccc1CN[C@H]1C[C@@H]1c1ccccc1,7.18
COc1cncc(CN[C@H]2CC2c2ccccc2)c1,6.6
COc1ncc(-c2c(-c3ccc(C#N)cc3)cc(OC[C@@H]3CCCN(C)C3)c3cncn23)cc1N,7.12
COc1ncc(-c2c(-c3ccc(C#N)cc3)nc(N3CCC(N(C)C)CC3)c3cncn23)cn1,6.52
COc1ncc(-c2c(-c3ccc(C#N)cc3)nc(OC[C@@H]3CCCN(C)C3)c3nccn23)cc1F,6.56
COc1ncc(-c2c(-c3ccc(C#N)cc3)nc(OC[C@@H]3CCCN(CCC#N)C3)n3ccnc23)cc1F,6.56
COc1ncccc1-c1ccc([C@H]2C[C@@H]2NCC(=O)N2CCN(C)CC2)cc1,7.33
COc1ncccc1CNC1CC1c1ccccc1,7.43
COc1ncccc1CN[C@@H]1[C@H]2Cc3ccccc3[C@H]21.Cl,5.89
COc1ncccc1CN[C@H]1CC1c1ccccc1,6.6
COc1ncccc1CN[C@H]1C[C@@H]1c1ccccc1,7.095
COc1ncccc1CN[C@H]1[C@H]2Cc3ccccc3[C@H]21.Cl,6.31
CS(=O)(=O)C1CCN(C(=O)[C@H](CCCN[C@@H]2C[C@H]2c2ccc(F)cc2)NC(=O)c2ccc(-n3ccnn3)cc2)CC1,4.7
CS(=O)(=O)CCN1CCN(C(=O)[C@H](CCCN[C@@H]2C[C@H]2c2ccc(F)cc2)NC(=O)c2ccc(C#N)cc2)CC1,4.75
CS(=O)(=O)CCn1cc(-c2ccc3c(c2)C2(CC3)CC2N)cn1,4.1
CS(=O)(=O)N1CC(CC#N)(N2CCC(NC3CC3c3ccccc3)CC2)C1,7.52
CS(=O)(=O)N1CC(CC#N)(N2CCC(N[C@@H]3CC3c3ccc(F)cc3)CC2)C1,7.52
CS(=O)(=O)N1CC(CC#N)(N2CCC(N[C@@H]3CC3c3ccccc3)CC2)C1,7.52
CS(=O)(=O)N1CC(CCO)(C2CCC(N[C@@H]3CC3c3ccccc3)CC2)C1,7.52
CS(=O)(=O)N1CCC(CC#N)(N2CC(CNC3CC3c3ccccc3)C2)CC1,7.52
CS(=O)(=O)N1CCC(F)(CNC2CC2c2ccccc2)CC1,6.25
CS(=O)(=O)N1CCC(N[C@H]2C[C@@H]2c2ccccc2)CC1,5.78
CS(=O)(=O)N1CCN(C(=O)[C@H](CCCCN[C@@H]2C[C@H]2c2ccc(F)cc2)NC(=O)c2ccc(-c3ccccc3)cc2)CC1,5.22
CS(=O)(=O)N1CCN(C(=O)[C@H](CCCCN[C@H]2C[C@@H]2c2ccc(F)cc2)NC(=O)c2ccc(-c3ccc(F)cc3)cc2)CC1,5.4
CS(=O)(=O)N1CCN(C(=O)[C@H](CCCCN[C@H]2C[C@@H]2c2ccc(F)cc2)NC(=O)c2ccc(S(=O)(=O)c3ccccc3)cc2)CC1,5.05
CS(=O)(=O)N1CCN(C(=O)[C@H](CCCN[C@@H]2C[C@H]2c2ccc(F)cc2)NC(=O)c2ccc(-c3ccccc3)cc2)CC1,5.7
CS(=O)(=O)N1CCN(C(=O)[C@H](CCCN[C@@H]2C[C@H]2c2ccc(F)cc2)NC(=O)c2ccc(-n3cccn3)cc2)CC1,6.1
CS(=O)(=O)N1CCN(C(=O)[C@H](CCCN[C@@H]2C[C@H]2c2ccc(F)cc2)NC(=O)c2ccc(-n3ccnn3)cc2)CC1,4.96
CS(=O)(=O)N1CCN(C(=O)[C@H](CCCN[C@H]2C[C@@H]2c2ccc(F)cc2)NC(=O)c2ccc(-c3ccc(F)cc3)cc2)CC1,4.38
CS(=O)(=O)N1CCN(C(=O)[C@H](CCN[C@@H]2C[C@H]2c2ccc(F)cc2)NC(=O)Cc2ccc(-c3ccccc3)cc2)CC1,5.22
CS(=O)(=O)N1CCN(C(=O)[C@H](CCN[C@@H]2C[C@H]2c2ccc(F)cc2)NC(=O)Cc2ccc3ccccc3c2)CC1,4.47
CS(=O)(=O)N1CCN(C(=O)[C@H](CCN[C@@H]2C[C@H]2c2ccc(F)cc2)NC(=O)c2ccc(-c3ccc(F)cc3)cc2)CC1,5.3
CS(=O)(=O)N1CCN(C(=O)[C@H](CCN[C@@H]2C[C@H]2c2ccc(F)cc2)NC(=O)c2ccc(-c3ccccc3)cc2)CC1,4.75
CS(=O)(=O)N1CCN(C(=O)[C@H](CCN[C@@H]2C[C@H]2c2ccc(F)cc2)NC(=O)c2ccc(C(F)(F)F)cc2)CC1,4.01
CS(=O)(=O)N1CCN(C(=O)[C@H](CCN[C@@H]2C[C@H]2c2ccc(F)cc2)NC(=O)c2ccc(Cl)c(Cl)c2)CC1,4.9
CS(=O)(=O)N1CCN(C(=O)[C@H](CCN[C@@H]2C[C@H]2c2ccc(F)cc2)NC(=O)c2ccc3ccccc3c2)CC1,4.3
CS(=O)(=O)N1CCN(C(=O)[C@H](CCN[C@@H]2C[C@H]2c2ccc(F)cc2)NC(=O)c2cccc(-c3ccccc3)c2)CC1,4.89
CS(=O)(=O)N1CCN(C(=O)[C@H](CCN[C@@H]2C[C@H]2c2ccc(F)cc2)NC(=O)c2cccc3ccccc23)CC1,4.57
CS(=O)(=O)N1CCN(C(=S)SCc2cn(Cc3ccc(F)cc3)nn2)CC1,4.26
CS(=O)(=O)N1CCN(C(=S)SCc2cn(Cc3ccccc3F)nn2)CC1,4.34
CS(=O)(=O)N1CCN(CCN2c3ccccc3Sc3ccccc32)CC1,5.89
CS(=O)(=O)N1CCc2cc(C3CC3NCC3CCNCC3)ccc21,4.37
CS(=O)(=O)NC(=O)/C=C/c1ccc(OCC(O)CN2CCC(N[C@@H]3C[C@H]3c3ccccc3)CC2)cc1,7.48
CS(=O)(=O)NC(=O)/C=C/c1ccc(OCCCN2CCC(N[C@@H]3C[C@H]3c3ccccc3)CC2)cc1,7.7
CS(=O)(=O)NC(=O)CCCN1CCC(N[C@@H]2C[C@H]2c2ccccc2)CC1,6.64
CS(=O)(=O)NC(=O)CCN1CCC(N[C@@H]2C[C@H]2c2ccccc2)CC1,6.66
CS(=O)(=O)NC(=O)c1ccc(OCCN2CCC(N[C@@H]3C[C@H]3c3ccccc3)CC2)cc1,7.66
CS(=O)(=O)NC1CCC(N[C@H]2C[C@@H]2c2ccc(-c3cccc(C(F)(F)F)c3)nc2)CC1,6.55
CS(=O)(=O)NCCN1CC(CN[C@@H]2C[C@H]2c2ccccc2)C1,7.51
CS(=O)(=O)NCCN1CCC(N[C@@H]2C[C@H]2c2ccccc2)CC1,8.1
CS(=O)(=O)Nc1cc(-c2ccc([C@H]3C[C@@H]3N)cc2)ccc1F,7.3
CS(=O)(=O)Nc1cc(-c2ccc([C@H]3C[C@@H]3N)cn2)ccc1F,6.26
CS(=O)(=O)Nc1cc(Cl)cc(-c2ccc([C@H]3C[C@@H]3N)cc2)c1,7.3
CS(=O)(=O)Nc1cc(Cl)cc(-c2ccc([C@H]3C[C@@H]3N)cn2)c1,7.3
CS(=O)(=O)Nc1ccc(Nc2c3ccccc3nc3ccccc23)cc1,6.18
CS(=O)(=O)Nc1ccc(O)c(-c2ccc([C@H]3C[C@@H]3N)cc2)c1,7.3
CS(=O)(=O)Nc1ccc(O)c(-c2ccc([C@H]3C[C@@H]3N)cn2)c1,7.3
CS(=O)(=O)Nc1cccc(-c2ccc([C@H]3C[C@@H]3N)cc2)c1,7.3
CS(=O)(=O)Nc1cccc(-c2ccc([C@H]3C[C@@H]3N)cn2)c1,7.3
CS(=O)(=O)Nc1ccccc1-c1ccc([C@H]2C[C@@H]2N)cc1,6.3
CS(=O)(=O)Nc1ccccc1-c1ccc([C@H]2C[C@@H]2N)cn1,6.26
CS(=O)(=O)c1ccc(-c2ccc(C(=O)N[C@@H](CCCN[C@@H]3C[C@H]3c3ccc(F)cc3)C(=O)N3CCS(=O)(=O)CC3)cc2)cc1,5.4
CS(=O)(=O)c1ccc(-c2ccc(C(=O)N[C@@H](CCN[C@@H]3C[C@H]3c3ccc(F)cc3)C(=O)N3CCN(S(C)(=O)=O)CC3)cc2)cc1,5.3
CS(=O)(=O)c1ccc(-c2ccc(C(=O)N[C@@H](CCN[C@@H]3C[C@H]3c3ccc(F)cc3)C(=O)N3CCS(=O)(=O)CC3)cc2)cc1,5.52
CS(=O)(=O)c1ccc(-c2nc(Nc3ccc(N)cc3)c3ccccc3n2)cc1,6.29
CS(=O)(=O)c1ccc(-c2nc(Nc3ccccc3)c3ccccc3n2)cc1,5.59
CS(=O)(=O)c1ccc(-c2ncc3c(ccn3CC3CCNCC3)c2-c2ccc(C#N)cc2)cc1,6.84
CS(=O)(=O)c1ccc(CN2CCC(CNC3CC34CCc3ccccc34)CC2)cc1,7.275
CS(=O)(=O)c1ccc(CN2CCC(F)(CNC3CC3c3ccccc3)CC2)cc1,7.25
CS(=O)(=O)c1ccc2c(c1)C1(CC2)CC1N,5.745
CS(=O)(=O)n1cc2c(n1)CN(C(=O)[C@H](CCCN[C@@H]1C[C@H]1c1ccc(F)cc1)NC(=O)c1ccc(C#N)cc1)C2,4.77
CS(=O)(=O)n1cc2c(n1)CN(CC1(CN[C@H]3CC3c3ccccc3)CC1)C2,6.52
CS(=O)(=O)n1ncc2cc(-n3cc(CN[C@@H]4C[C@H]4c4ccc(F)c(F)c4)nn3)ccc21.Cl,7.84
CSCC[C@@H]1NC(=O)[C@@H](NC(=O)[C@H](CCCNC(=N)N)NC(=O)[C@H](C)N)CCCCNC(=O)CC[C@@H](C(=O)N[C@@H](CCC(=O)O)C(=O)N[C@@H](C)C(=O)N[C@@H](CCCNC(=N)N)C(=O)N[C@@H](CCCCN)C(=O)N[C@@H](CO)C(=O)N[C@H](C(=O)O)[C@@H](C)O)NC1=O,5.64
CSCC[C@H](NC(=O)[C@@H](NC(=O)[C@H](CC(C)C)NC(=O)[C@H](Cc1ccccc1)NC(=O)[C@H](CS)NC(=O)[C@H](CCCNC(=N)N)NC(=O)[C@@H]1CCCN1C(C)=O)C(C)C)C(=O)N[C@@H](CCCCN)C(=O)N1CCC[C@H]1C(=O)N[C@@H](CCCNC(=N)N)C(=O)N[C@@H](CCCNC(=N)N)C(=O)N[C@@H](CCCNC(=N)N)C(=O)N[C@@H](CCCNC(=N)N)C(=O)N[C@@H](Cc1c[nH]c2ccccc12)C(N)=O,4.65
CSCC[C@H](NC(=O)[C@@H](NC(=O)[C@H](CCCNC(=N)N)NC(=O)[C@@H](C)N)[C@H](C)O)C(=O)N[C@@H](CCC(N)=O)C(=O)N[C@H](C(=O)N[C@@H](C)C(=O)N[C@@H](CCCNC(=N)N)C(=O)N[C@@H](CCCCN)C(=O)N[C@@H](CO)C(=O)N[C@H](C(=O)NCC(=O)NCC(=O)N[C@@H](CCCCN)C(=O)N[C@@H](C)C(=O)N1CCC[C@H]1C(=O)N[C@@H](CCCNC(=N)N)C(=O)N[C@@H](CCCCN)C(=O)N[C@@H](CCC(N)=O)C(=O)N[C@@H](CC(C)C)C(=O)N[C@@H](C)C(N)=O)[C@H](C)O)[C@H](C)O,7.4
CSCC[C@H](NC(=O)[C@@H](NC(=O)[C@H](CCCNC(=N)N)NC(=O)[C@@H](N)CCO)[C@@H](C)O)C(=O)N[C@@H](CCC(N)=O)C(=O)N[C@H](C(=O)N[C@@H](C)C(=O)N[C@@H](CCCNC(=N)N)C(=O)N[C@@H](CCCCN)C(=O)N[C@@H](CO)C(=O)N[C@H](C(=O)NCC(=O)NCC(=O)N[C@@H](CCCCN)C(=O)N[C@@H](C)C(=O)N1CCC[C@H]1C(=O)N[C@@H](CCCNC(=N)N)C(=O)N[C@@H](CCCCN)C(=O)N[C@@H](CCC(N)=O)C(=O)N[C@@H](CC(C)C)C(=O)N[C@@H](CCCCNC(=O)[C@@H](N)CCO)C(N)=O)[C@@H](C)O)[C@@H](C)O,5.2
CSCC[C@H](NC(=O)[C@@H](NC(=O)[C@H](CCCNC(=N)N)NC(=O)[C@@H](N)CO)[C@@H](C)O)C(=O)N[C@@H](CCC(N)=O)C(=O)N[C@H](C(=O)N[C@@H](C)C(=O)N[C@@H](CCCNC(=N)N)C(=O)N[C@@H](CCCCN)C(=O)N[C@@H](CO)C(=O)N[C@H](C(=O)NCC(=O)NCC(=O)N[C@@H](CCCCN)C(=O)N[C@@H](C)C(=O)N1CCC[C@H]1C(=O)N[C@@H](CCCNC(=N)N)C(=O)N[C@@H](CCCCN)C(=O)N[C@@H](CCC(N)=O)C(=O)N[C@@H](CC(C)C)C(=O)N[C@@H](C)C(=O)N[C@H](C(=O)N[C@@H](CCCCNC(=O)[C@@H](N)CO)C(N)=O)[C@@H](C)O)[C@@H](C)O)[C@@H](C)O,6.54
CSCC[C@H](NC(=O)[C@@H](NC(=O)[C@H](CCCNC(=N)N)NC(=O)[C@@H](N)CO)[C@@H](C)O)C(=O)N[C@@H](CCC(N)=O)C(=O)N[C@H](C(=O)N[C@@H](C)C(=O)N[C@@H](CCCNC(=N)N)C(=O)N[C@@H](CCCCN)C(=O)N[C@@H](CO)C(=O)N[C@H](C(=O)NCC(=O)NCC(=O)N[C@@H](CCCCN)C(=O)N[C@@H](C)C(=O)N1CCC[C@H]1C(=O)N[C@@H](CCCNC(=N)N)C(=O)N[C@@H](CCCCN)C(=O)N[C@@H](CCC(N)=O)C(=O)N[C@@H](CC(C)C)C(=O)N[C@@H](CCCCNC(=O)[C@@H](N)CO)C(N)=O)[C@@H](C)O)[C@@H](C)O,7.22
CSCC[C@H](NC(=O)[C@@H](NC(=O)[C@H](CCCNC(=N)N)NC(=O)[C@@H](N)CO)[C@@H](C)O)C(=O)N[C@@H](CCC(N)=O)C(=O)N[C@H](C(=O)N[C@@H](C)C(=O)N[C@@H](CCCNC(=N)N)C(=O)N[C@@H](CCCCN)C(=O)N[C@@H](CO)C(=O)N[C@H](C(=O)NCC(=O)NCC(=O)N[C@@H](CCCCN)C(=O)N[C@@H](C)C(=O)N1CCC[C@H]1C(=O)N[C@@H](CCCNC(=N)N)C(=O)N[C@@H](CCCCN)C(=O)N[C@@H](CCC(N)=O)C(=O)N[C@@H](CC(C)C)C(N)=O)[C@@H](C)O)[C@@H](C)O,7.52
CSCC[C@H](NC(=O)[C@@H](NC(=O)[C@H](CCCNC(=N)N)NC(=O)[C@@H](N)CO)[C@@H](C)O)C(=O)N[C@@H](CCC(N)=O)C(=O)N[C@H](C(=O)N[C@@H](C)C(=O)N[C@@H](CCCNC(=N)N)C(=O)N[C@@H](CCCCN)C(=O)N[C@@H](CO)C(=O)N[C@H](C(=O)NCC(=O)NCC(=O)N[C@@H](CCCCN)C(=O)N[C@@H](C)C(=O)N1CCC[C@H]1C(=O)N[C@@H](CCCNC(=N)N)C(=O)N[C@@H](CCCCNC(=O)[C@@H](N)CO)C(=O)N[C@@H](CCC(N)=O)C(=O)N[C@@H](CC(C)C)C(N)=O)[C@@H](C)O)[C@@H](C)O,6.42
CSCC[C@H](NC(=O)[C@@H](NC(=O)[C@H](CCCNC(=N)N)NC(=O)[C@H](C)N)[C@@H](C)O)C(=O)N[C@@H](CCC(N)=O)C(=O)N[C@H](C(=O)N[C@@H](C)C(=O)N[C@@H](CCCNC(=N)N)C(=O)N[C@@H](CCCCN)C(=O)N[C@@H](CO)C(=O)N[C@H](C(=O)NCC(=O)NCC(=O)N[C@@H](CCCCN)C(=O)N[C@@H](C)C(=O)N1CCC[C@H]1C(=O)N[C@@H](CCCNC(=N)N)C(=O)N[C@@H](CCCCN)C(=O)N[C@@H](CCC(N)=O)C(=O)N[C@@H](CC(C)C)C(=O)N[C@@H](C)C(=O)O)[C@@H](C)O)[C@@H](C)O,7.4
CSCC[C@H](NC(=O)[C@@H](NC(=O)[C@H](CCCNC(=N)N)NC(=O)[C@H](C)N)[C@@H](C)O)C(=O)N[C@@H](CCC(N)=O)C(=O)N[C@H](C(=O)N[C@@H](C)C(=O)N[C@@H](CCCNC(=N)N)C(=O)N[C@@H](CCCCN)C(=O)N[C@@H](CO)C(=O)N[C@H](C(=O)NCC(=O)NCC(=O)N[C@@H](CCCCN)C(=O)N[C@@H](C)C(=O)N1CCC[C@H]1C(=O)N[C@@H](CCCNC(=N)N)C(=O)N[C@@H](CCCCN)C(=O)N[C@@H](CCC(N)=O)C(=O)N[C@@H](CC(C)C)C(N)=O)[C@@H](C)O)[C@@H](C)O,7.01
CSCC[C@H](NC(=O)[C@@H](NC(=O)[C@H](CCCNC(=N)N)NC(=O)[C@H](C)N)[C@@H](C)O)C(=O)N[C@@H](CCC(N)=O)C(=O)N[C@H](C(=O)N[C@@H](C)C(=O)N[C@@H](CCCNC(=N)N)C(=O)N[C@@H](CCCCN)C(=O)N[C@@H](CO)C(=O)N[C@H](C(=O)NCC(=O)NCC(=O)N[C@@H](CCCCN)C(=O)N[C@@H](C)C(=O)N1CCC[C@H]1C(=O)N[C@@H](CCCNC(=N)N)C(=O)N[C@@H](CCCCNC(=O)CO)C(=O)N[C@@H](CCC(N)=O)C(=O)N[C@@H](CC(C)C)C(N)=O)[C@@H](C)O)[C@@H](C)O,5.85
CSCC[C@H](NC(=O)[C@@H](NC(=O)[C@H](CCCNC(=N)N)NC(=O)[C@H](C)N)[C@@H](C)O)C(=O)N[C@@H](CCC(N)=O)C(=O)N[C@H](C(=O)N[C@@H](C)C(=O)N[C@@H](CCCNC(=N)N)C(=O)N[C@@H](CCCCN)C(=O)N[C@@H](CO)C(=O)N[C@H](C(=O)NCC(=O)NCC(=O)N[C@@H](CCCCNC(=O)CO)C(=O)N[C@@H](C)C(=O)N1CCC[C@H]1C(=O)N[C@@H](CCCNC(=N)N)C(=O)N[C@@H](CCCCN)C(=O)N[C@@H](CCC(N)=O)C(=O)N[C@@H](CC(C)C)C(N)=O)[C@@H](C)O)[C@@H](C)O,5.01
CSCC[C@H](NC(=O)[C@@H](NC(=O)[C@H](CCCNC(=N)N)NC(=O)[C@H](C)N)[C@@H](C)O)C(=O)N[C@H]1CCCCNC(=O)CC[C@@H](C(=O)N[C@@H](C)C(=O)NCC(=O)NCC(=O)N[C@@H](CCCCN)C(=O)N[C@@H](C)C(=O)N2CCC[C@H]2C(=O)N[C@@H](CCCNC(=N)N)C(=O)N[C@@H](CCCCN)C(=O)N[C@@H](CCC(N)=O)C(=O)N[C@@H](CC(C)C)C(=O)N[C@@H](C)C(N)=O)NC(=O)[C@H](CCCCN)NC(=O)[C@H](CCCNC(=N)N)NC(=O)[C@H](C)NC(=O)[C@H]([C@@H](C)O)NC1=O,6.97
CSCC[C@H](NC(=O)[C@@H](NC(=O)[C@H](CCCNC(=N)N)NC(=O)[C@H](C)N)[C@@H](C)O)C(=O)N[C@H]1CCCCNC(=O)CC[C@@H](C(=O)N[C@H](C(=O)NCC(=O)NCC(=O)N[C@@H](CCCCN)C(=O)N[C@@H](C)C(=O)N2CCC[C@H]2C(=O)N[C@@H](CCCNC(=N)N)C(=O)N[C@@H](CCCCN)C(=O)N[C@@H](CCC(N)=O)C(=O)N[C@@H](CC(C)C)C(=O)N[C@@H](C)C(N)=O)[C@@H](C)O)NC(=O)[C@H](CCCCN)NC(=O)[C@H](CCCNC(=N)N)NC(=O)[C@H](C)NC(=O)[C@H]([C@@H](C)O)NC1=O,6.05
CSCC[C@H](NC(=O)[C@H](CCCCN)NC(=O)[C@H](CCCNC(=N)N)NC(=O)[C@@H](NC(=O)[C@H](CS)NC(=O)[C@H](Cc1ccccc1)NC(=O)[C@H](CO)NC(=O)[C@H](CCCNC(=N)N)NC(=O)[C@@H]1CCCN1C(C)=O)C(C)C)C(=O)N[C@@H](CCCNC(=N)N)C(=O)N[C@@H](CCCNC(=N)N)C(=O)N[C@@H](CCCNC(=N)N)C(=O)N[C@@H](CCCNC(=N)N)C(=O)N[C@@H](Cc1c[nH]c2ccccc12)C(N)=O,5.0
CSCC[C@H](NC(=O)[C@H](CCCNC(=N)N)NC(=O)[C@@H]1CCCN1C(C)=O)C(=O)N[C@@H](Cc1ccccc1)C(=O)N[C@@H](CC(C)C)C(=O)N[C@H](C(=O)N[C@@H](CS)C(=O)N[C@@H](CCCCN)C(=O)N1CCC[C@H]1C(=O)N[C@@H](CCCNC(=N)N)C(=O)N[C@@H](CCCNC(=N)N)C(=O)N[C@@H](CCCNC(=N)N)C(=O)N[C@@H](CCCNC(=N)N)C(=O)N[C@@H](Cc1c[nH]c2ccccc12)C(N)=O)C(C)C,4.66
CSCC[C@H](NC(=O)[C@H](CO)NC(=O)[C@H](CCCNC(=N)N)NC(=O)[C@@H]1CCCN1)C(=O)N[C@@H](CC(C)C)C(=O)N[C@H](C(N)=O)C(C)C,5.58
CSCCc1nc(-c2cc(N)ccc2Cl)oc1C,5.0
CSCCc1nc(-c2cccc(N)c2)oc1C,4.79
CSCCc1nc(-c2cccc(NC(=N)N)c2)oc1C,5.02
CSc1ccc(-c2nc(Nc3ccc(N(C)C)cc3)c3ccccc3n2)cc1,5.79
CSc1ccc(Nc2c3ccccc3nc3ccccc23)cc1,6.13
CSc1ccc2c(c1)N(CCN1CCOCC1)c1ccccc1S2,6.16
CSc1cccc2c(Nc3ccc(N(C)C)cc3)c3ccccc3nc12,7.12
C[C@@H](O)CN1CCC[C@@H](COc2nc(-c3ccc(C#N)cc3)c(-c3ccc4c(c3)oc(=O)n4C)c3nccn23)C1,6.56
C[C@@H](O)CN1CCC[C@@H](COc2nc(-c3ccc(C#N)cc3)c(-c3cnc4c(cnn4C)c3)c3nccn23)C1,6.56
C[C@@H]1CN(C(=O)CCN2CCC(N[C@@H]3C[C@H]3c3ccccc3)CC2)C[C@H](C)O1,7.77
C[C@@H]1CN(C(=O)[C@H](CCCN[C@@H]2C[C@H]2c2ccc(F)cc2)NC(=O)c2ccc(-n3ccnn3)cc2)C[C@H](C)N1,5.3
C[C@@H]1CN(C(=O)[C@H](CCCN[C@@H]2C[C@H]2c2ccc(F)cc2)NC(=O)c2ccc(-n3ccnn3)cc2)C[C@H](C)N1C,4.96
C[C@@H]1CN(C(=O)[C@H](CCCN[C@@H]2C[C@H]2c2ccc(F)cc2)NC(=O)c2ccc(-n3ccnn3)cc2)C[C@H](C)O1,4.3
C[C@@H]1CN(CC2(CN[C@H]3CC3c3ccccc3)CC2)C[C@H](C)N1,6.52
C[C@@H]1CN(CC2(CN[C@H]3CC3c3ccccc3)CC2)C[C@H](C)O1,6.52
C[C@@H]1CN(CC2(CN[C@H]3CC3c3ccccc3)CC2)[C@@H](C)CN1C,6.52
C[C@@H]1C[C@@H](N)CN(C(=O)c2cc(-c3ccc(C#N)c(F)c3)n(-c3ccc(C4CC4)cc3F)n2)C1,6.63
C[C@@H]1O[C@@H](OC[C@H]2O[C@@H](OCCc3ccc(O)c(O)c3)[C@H](O)[C@@H](O)[C@@H]2OC(=O)/C=C/c2ccc(O)c(O)c2)[C@H](O)[C@H](O)[C@H]1O,5.09
C[C@@H]1O[C@@H](OC[C@H]2O[C@@H](Oc3c(-c4ccc(O)c(O)c4)oc4cc(O)cc(O)c4c3=O)[C@H](O)[C@@H](O)[C@@H]2O)[C@H](O)[C@H](O)[C@H]1O,5.67
C[C@@H]1O[C@@H](O[C@@H]2[C@@H](O)[C@H](OCCc3ccc(O)c(O)c3)O[C@H](CO)[C@H]2OC(=O)/C=C/c2ccc(O)c(O)c2)[C@H](O)[C@H](O)[C@H]1O,5.44
C[C@@H]1O[C@H](OC[C@H]2O[C@@H](OCCc3ccc(O)c(O)c3)[C@H](O)[C@@H](OC(=O)/C=C/c3ccc(O)c(O)c3)[C@@H]2O)[C@H](O)[C@H](O)[C@H]1O,5.545
C[C@@]1(N)C[C@H]1c1ccccc1.Cl,5.76
C[C@H](N)C(=O)N[C@@H](CCCNC(=N)N)C(=O)NC1(C(=O)N[C@@H](CCCCN(C)[C@@H]2C[C@H]2c2ccccc2)C(=O)NC2(C(=O)N[C@H](C(=O)N[C@@H](C)C(=O)N[C@@H](CCCNC(=N)N)C(=O)N[C@@H](CCCCN)C(=O)N[C@@H](CO)C(=O)N[C@H](C(=O)O)[C@@H](C)O)[C@@H](C)O)CCCCC2)CCCCC1,7.23
C[C@H](N)C(=O)N[C@@H](CCCNC(=N)N)C(=O)N[C@H](C(=O)N[C@@H](CCCCN[C@@H]1C[C@H]1c1ccccc1)C(=O)N[C@@H](CCC(N)=O)C(=O)N[C@H](C(=O)N[C@@H](C)C(=O)N[C@@H](CCCNC(=N)N)C(=O)N[C@@H](CCCCN)C(=O)N[C@@H](CO)C(=O)N[C@H](C(=O)O)[C@@H](C)O)[C@@H](C)O)[C@@H](C)O,6.81
C[C@H](N)C(=O)N[C@@H](CCCNC(=N)N)C(=O)N[C@H](C(=O)N[C@@H](CCCN[C@@H]1C[C@H]1c1ccccc1)C(=O)N[C@@H](CCC(N)=O)C(=O)N[C@H](C(=O)N[C@@H](C)C(=O)N[C@@H](CCCNC(=N)N)C(=O)N[C@@H](CCCCN)C(=O)N[C@@H](CO)C(=O)N[C@H](C(=O)O)[C@@H](C)O)[C@@H](C)O)[C@@H](C)O,6.75
C[C@H](NC(=O)[C@@H](NC(=O)[C@H](CCC(N)=O)NC(=O)[C@H](CCCCNC1CC1c1ccccc1)NC(=O)[C@@H](NC(=O)[C@H](CCCNC(=N)N)NC(=O)[C@@H](C)N)[C@H](C)O)[C@H](C)O)C(=O)N[C@@H](CCCNC(=N)N)C(=O)N[C@@H](CCCCN)C(=O)N[C@@H](CO)C(=O)N[C@H](C(=O)NCC(=O)NCC(=O)N[C@@H](CCCCN)C(=O)N[C@@H](C)C(=O)N1CCC[C@H]1C(=O)N[C@@H](CCCNC(=N)N)C(=O)O)[C@H](C)O,6.8
C[C@H](NC(=O)[C@@H](NC(=O)[C@H](CCC(N)=O)NC(=O)[C@H](CCCCNC1CC1c1ccccc1)NC(=O)[C@@H](NC(=O)[C@H](CCCNC(=N)N)NC(=O)[C@@H](C)N)[C@H](C)O)[C@H](C)O)C(=O)N[C@@H](CCCNC(=N)N)C(=O)N[C@@H](CCCCN)C(=O)N[C@@H](CO)C(=O)N[C@H](C(=O)NCC(=O)NCC(=O)O)[C@H](C)O,6.45
C[C@H](NC(=O)[C@@H](NC(=O)[C@H](CCC(N)=O)NC(=O)[C@H](CCCCNC1CC1c1ccccc1)NC(=O)[C@@H](NC(=O)[C@H](CCCNC(=N)N)NC(=O)[C@@H](C)N)[C@H](C)O)[C@H](C)O)C(=O)N[C@@H](CCCNC(=N)N)C(=O)N[C@@H](CCCCN)C(=O)O,6.35
C[C@H](NC(=O)c1cc(F)c(N2CC(CC#N)(N3CC(CNC4CC4c4ccccc4)C3)C2)cc1F)C(F)(F)F,7.52
C[C@H](O)c1nc2cc(-c3c(-c4ccc(C#N)cc4)nc(N4CCC(N(C)C)CC4)c4nccn34)ccc2n1C,6.56
C[C@H]1CCCN1CC1(CN[C@H]2CC2c2ccccc2)CC1,6.52
C[C@H]1COC2=C1C(=O)C(=O)c1c2ccc2c1CCCC2(C)C,5.04
C[C@]1(N)C[C@@H]1c1ccccc1.Cl,5.75
C[C@]1(N)C[C@@H]1c1ccccc1.O=C(O)C(F)(F)F,5.49
C[C@]12CC[C@H](OC(=O)Cn3cc(CN4C(=O)C(=O)c5c(Cl)ccc(Cl)c54)nn3)CC1=CC[C@@H]1[C@@H]2CC[C@]2(C)C(=O)CC[C@@H]12,5.5
Cc1c(C(=O)N/N=C\c2c(O)cccc2Cl)oc2cccc(O)c12,7.59
Cc1c(C(=O)N/N=C\c2c(O)cccc2F)oc2cccc(O)c12,7.83
Cc1c(C(=O)N/N=C\c2cc(Cl)cc(Cl)c2O)oc2cccc(O)c12,7.23
Cc1c(C(=O)N/N=C\c2cc(Cl)ccc2O)oc2cccc(O)c12,7.5
Cc1c(C(=O)N/N=C\c2cc(F)ccc2O)oc2cccc(O)c12,7.24
Cc1c(C(=O)N/N=C\c2cc(O)ccc2O)oc2cccc(O)c12,7.26
Cc1c(C(=O)N/N=C\c2ccc(Br)cc2O)oc2cccc(O)c12,7.57
Cc1c(C(=O)N/N=C\c2ccc(O)c(O)c2O)oc2cccc(O)c12,8.14
Cc1c(C(=O)N/N=C\c2ccc(O)cc2O)oc2cccc(O)c12,7.84
Cc1c(C(=O)N/N=C\c2cccc(Br)c2O)oc2cccc(O)c12,7.28
Cc1c(C(=O)N/N=C\c2cccc(F)c2O)oc2cccc(O)c12,7.5
Cc1c(C(=O)N/N=C\c2cccc(O)c2O)oc2cccc(O)c12,7.55
Cc1c(C(=O)N/N=C\c2ccccc2O)oc2cccc(O)c12,7.16
Cc1c(C(=O)N2CCC[C@@H](N)C2)nc(-c2ccc(C#N)c(F)c2)n1-c1ccc(C2CC2)nc1,7.25
Cc1c(C(=O)N2CCC[C@@H](N)C2)nc(-c2ccc(C#N)c(F)c2)n1-c1ccc2c(cnn2C)c1,8.045
Cc1c(C(=O)N2CCC[C@@H](N)C2)nc(-c2ccc(C#N)c(F)c2)n1-c1ccc2nn(C)c(Cl)c2c1,8.295
Cc1c(C(=O)N2CCC[C@@H](N)C2)nc(-c2ccc(C#N)c(F)c2)n1-c1ccc2nn(C)cc2c1,7.69
Cc1c(C(=O)N2CC[C@H](N(C)C)C2)nc(-c2ccc(C#N)c(F)c2)n1-c1cc(F)c2nn(C)cc2c1,7.635
Cc1c(C(=O)N2CC[C@H](N(C)C)C2)nc(-c2ccc(C#N)c(F)c2)n1-c1cc2cn(C)nc2cc1F,7.65
Cc1c(C(=O)N2CC[C@H](N(C)C)C2)nc(-c2ccc(C#N)c(F)c2)n1-c1ccc2nn(C)cc2c1,7.76
Cc1c(C(=O)N2CC[C@H](N)C2)nc(-c2ccc(C#N)c(F)c2)n1-c1ccc2nn(C)cc2c1,8.05
Cc1c(F)c(-c2ccc(C(=O)N3C4CCC3CC(N)C4)cc2-c2ccc(C#N)c(F)c2)cc2nnn(CC(C)(C)O)c12,9.47
Cc1c(F)c(-c2ccc(C(=O)N3C4CCC3CC(N)C4)cc2-c2ccc(C#N)c(F)c2)cc2nnn(CC3(O)CCC3)c12,9.49
Cc1c(F)c(-c2ccc(C(=O)N3CC[C@H](N)C3)cc2-c2ccc(C#N)c(F)c2)cc2nnn(CC(C)(C)O)c12,9.23
Cc1c(F)c(-c2ccc(C(=O)N3CC[C@H](N)C3)cc2-c2ccc(C#N)c(F)c2)cc2nnn(CC3(O)CCC3)c12,9.64
Cc1c(F)c(-c2ccc(C(=O)N3[C@@H]4CC[C@H]3[C@@H](N)C4)cc2-c2ccc(C#N)c(F)c2)cc2nnn(CC(C)(C)O)c12,9.75
Cc1c(F)c(-c2ccc(C(=O)N3[C@@H]4CC[C@H]3[C@@H](N)C4)cc2-c2ccc(C#N)c(F)c2)cc2nnn(CC3(O)CCC3)c12,9.615
Cc1c(F)cc(-c2ncc3c(cc(CN4CC[C@H](N)C4)n3C)c2-c2ccc(C#N)c(F)c2)cc1F,7.58
Cc1c(F)cc(OCCN2CCC(N[C@@H]3C[C@H]3c3ccccc3)CC2)cc1F,7.72
Cc1c(N)cccc1-c1cc2cc(C#N)ccc2n1CCCCCCN,6.72
Cc1c(N)cccc1-c1cn(-c2ccc(NC(=O)CCCC(=O)NO)cc2)c2ccc(C#N)cc12,7.37
Cc1c(N)cccc1-c1cn(-c2ccc(NC(=O)CCCCC(=O)NO)cc2)c2ccc(C#N)cc12,7.42
Cc1c(N)cccc1-c1cn(-c2ccc(NC(=O)CCCCCCC(=O)NO)cc2)c2ccc(C#N)cc12,7.71
Cc1c(N)cccc1-c1cn(-c2ccc(NC(=O)CCc3ccc(C(=O)NO)cc3)cc2)c2ccc(C#N)cc12,6.83
Cc1c(N)cccc1-c1cn(-c2ccc(NC(=O)Cc3ccc(C(=O)NO)cc3)cc2)c2ccc(C#N)cc12,7.85
Cc1c(N)cccc1-c1cn(-c2ccc(OCCCC(=O)NO)cc2)c2ccc(C#N)cc12,7.76
Cc1c(N)cccc1-c1cn(-c2ccc(OCCCCC(=O)NO)cc2)c2ccc(C#N)cc12,7.5
Cc1c(N)cccc1-c1cn(-c2ccc(OCCCCCC(=O)NO)cc2)c2ccc(C#N)cc12,7.75
Cc1c(N)cccc1-c1cn(-c2ccc(OCCCCCCC(=O)NO)cc2)c2ccc(C#N)cc12,7.38
Cc1c(N)cccc1-c1cn(-c2ccc(OCCCCCCCC(=O)NO)cc2)c2ccc(C#N)cc12,6.81
Cc1c(N)cccc1-c1cn(CC(=O)NCc2ccc(C(=O)NO)cc2)c2ccc(C#N)cc12,6.57
Cc1c(N)cccc1-c1cn(CCCCC(=O)NO)c2ccc(C#N)cc12,7.37
Cc1c(N)cccc1-c1cn(CCCCCC(=O)NO)c2ccc(C#N)cc12,7.23
Cc1c(N)cccc1-c1cn(CCCCCCC(=O)NO)c2ccc(C#N)cc12,7.41
Cc1c(N)cccc1-c1cn(Cc2ccc(/C=C/C(=O)NO)cc2)c2ccc(C#N)cc12,6.42
Cc1c(N)cccc1-c1cn(Cc2ccc(C(=O)NO)cc2)c2ccc(C#N)cc12,6.32
Cc1c(N)cccc1-c1cn([C@H]2CC[C@H](O)CC2)c2cc(F)c(C#N)cc12,6.74
Cc1c(NC(=O)c2cccc(C3CC3NCC(C)(C)C)c2)cnn1C,6.85
Cc1cc(-c2c(-c3ccc(C#N)cc3)nc(OC[C@@H]3CCCN(C)C3)c3nccn23)ccc1C(C)O,6.56
Cc1cc(-c2c(-c3ccc4c(cnn4C)c3)ncc3c2ccn3CC2CCNCC2)ccc1C#N,6.635
Cc1cc(-c2ncc3[nH]c(CN4CC[C@H](N)C4)cc3c2-c2ccc(C#N)c(F)c2)cc(C)c1C,8.7
Cc1cc(-c2ncc3c(cc(CN4CC[C@H](N)C4)n3C(C)C)c2-c2ccc(C#N)c(F)c2)cc(C)c1C,8.74
Cc1cc(-c2ncc3c(cc(CN4CC[C@H](N)C4)n3C)c2-c2ccc(C#N)c(F)c2)cc(C)c1C,8.44
Cc1cc(-c2ncc3c(cc(CN4CC[C@H](N)C4)n3C)c2-c2ccc(C#N)c(F)c2)cc(C)c1F,8.04
Cc1cc(-c2ncc3c(cc(CN4CC[C@H](N)C4)n3CC3CC3)c2-c2ccc(C#N)c(F)c2)cc(C)c1C,7.69
Cc1cc(-c2ncc3c(cc(CN4CC[C@H](N)C4)n3CC3CCOCC3)c2-c2ccc(C#N)c(F)c2)cc(C)c1C,7.58
Cc1cc(=O)oc2cc(OS(=O)(=O)C3CC4OC3C(c3ccc(O)cc3)=C4c3ccc(O)cc3)ccc12,4.86
Cc1cc(Br)c(F)cc1[C@H]1C[C@@H]1N,6.5
Cc1cc(Br)c(F)cc1[C@H]1C[C@H]1N,6.25
Cc1cc(C#N)ccc1-c1c(-c2ccc3c(cnn3C)c2)ncc2c1ccn2CC1CCNCC1,6.585
Cc1cc(C(=O)N2CCC(Cc3cccc(C(N)=O)c3)C2)nc2[nH][nH]c(=O)c12,4.76
Cc1cc(C)c(-c2ncc3[nH]c(CN4CC[C@H](N)C4)cc3c2-c2ccc(C#N)c(F)c2)cc1C,9.15
Cc1cc(C)c(-c2ncc3c(cc(CN4CC[C@H](N)C4)n3C(C)C)c2-c2ccc(C#N)c(F)c2)cc1C,8.92
Cc1cc(C)c(-c2ncc3c(cc(CN4CC[C@H](N)C4)n3C)c2-c2ccc(C#N)c(F)c2)cc1C,8.55
Cc1cc(C)c(-c2ncc3c(cc(CN4CC[C@H](N)C4)n3CC(F)(F)F)c2-c2ccc(C#N)c(F)c2)cc1C,8.92
Cc1cc(C)c(-c2ncc3c(cc(CN4CC[C@H](N)C4)n3CC(F)F)c2-c2ccc(C#N)c(F)c2)cc1C,9.0
Cc1cc(C)c(-c2ncc3c(cc(CN4CC[C@H](N)C4)n3CC3CC3)c2-c2ccc(C#N)c(F)c2)cc1C,8.48
Cc1cc(C)c(-c2ncc3c(cc(CN4CC[C@H](N)C4)n3CC3CCOCC3)c2-c2ccc(C#N)c(F)c2)cc1C,7.94
Cc1cc(C)c2nc3ccccc3c(Nc3ccc(N(C)C)cc3)c2c1,6.75
Cc1cc(C)cc(-c2cc3[nH]cc(C(=O)N4CCC(N)CC4)c3cc2-c2ccc(C#N)cc2)c1,7.21
Cc1cc(C)cc(-c2cc3occ(CNC4CCNC4)c3cc2-c2ccc(C#N)cc2)c1,7.19
Cc1cc(C)cc(-c2ncc3c(cc(CN4CC[C@H](N)C4)n3C)c2-c2ccc(C#N)c(F)c2)c1,7.55
Cc1cc(C)n(-c2ccc(-c3ncc4c(ccn4C[C@@H]4CCNC4)c3-c3ccc(C#N)c(F)c3)cc2)n1,7.4
Cc1cc(CC(=O)O)ccc1OCCN1CCC(N[C@@H]2C[C@H]2c2ccccc2)CC1,7.7
Cc1cc(COc2cc(C(=O)N3CCC(CN)CC3)nn2-c2ccc(C#N)cc2)on1,6.385
Cc1cc(COc2cc(C(=O)N3CCC(N)CC3)nn2-c2ccc(C#N)cc2)on1,6.65
Cc1cc(COc2cc(C(=O)N3CCCC(N(C)C)C3)nn2-c2ccc(C#N)cc2)on1,6.625
Cc1cc(COc2cc(C(=O)N3CCCC(N4CCCC4)C3)nn2-c2ccc(C#N)cc2)on1,6.279999999999999
Cc1cc(COc2cc(C(=O)N3CCC[C@@H](N)C3)nn2-c2ccc(C#N)cc2)n(C)n1,6.785
Cc1cc(COc2cc(C(=O)N3CCC[C@@H](N)C3)nn2-c2ccc(C#N)cc2)on1,6.82
Cc1cc(COc2cc(C(=O)N3CCC[C@H](N)C3)nn2-c2ccc(C#N)cc2)on1,7.1
Cc1cc(COc2cc(C(=O)N3CCOC(CN)C3)nn2-c2ccc(C#N)cc2)on1,7.045
Cc1cc(COc2cc(C(=O)N3CC[C@@H](F)[C@@H](N)C3)nn2-c2ccc(C#N)cc2)on1,6.27
Cc1cc(COc2cc(C(=O)N3CC[C@@H](N)C3)nn2-c2ccc(C#N)cc2)on1,6.31
Cc1cc(COc2cc(C(=O)N3CC[C@H](N)C3)nn2-c2ccc(C#N)cc2)on1,7.33
Cc1cc(COc2cc(C(=O)N3C[C@@H]4CCCN[C@@H]4C3)nn2-c2ccc(C#N)cc2)on1,6.494999999999999
Cc1cc(COc2cc(C(=O)N3C[C@H]4CCCN[C@H]4C3)nn2-c2ccc(C#N)cc2)on1,6.585
Cc1cc(N(C)CCN2CCC(N[C@@H]3C[C@H]3c3ccccc3)CC2)ccn1,8.05
Cc1cc(NC(=O)c2cccc(C3CC3N)c2)n(C)n1,5.47
Cc1cc(NC(=O)c2cccc(C3CC3NC3CCC(F)(F)CC3)c2)n(C)n1,6.58
Cc1cc(NC(=O)c2cccc(C3CC3NC3CCC3)c2)n(C)n1,6.5
Cc1cc(NC(=O)c2cccc(C3CC3NC3CCC3)c2)no1,6.85
Cc1cc(NC(=O)c2cccc(C3CC3NC3CCOCC3)c2)on1,6.89
Cc1cc(NC(=O)c2cccc(C3CC3NCC3CC3)c2)n(C)n1,6.57
Cc1cc(NC(=O)c2cccc(C3CC3NCC3CC3)c2)no1,6.7
Cc1cc(NN)n2nc(SCC(=O)c3ccccc3)nc2n1,4.75
Cc1cc(NN)n2nc(SCC3CC3)nc2n1,4.72
Cc1cc(NN)n2nc(SCCCc3ccccc3)nc2n1,4.6
Cc1cc(NN)n2nc(SCCc3ccccc3)nc2n1,4.81
Cc1cc(NN)n2nc(SCc3c(Cl)cccc3Cl)nc2n1,4.71
Cc1cc(NN)n2nc(SCc3ccc(C(F)(F)F)cc3)nc2n1,5.63
Cc1cc(NN)n2nc(SCc3ccc(Cl)cc3)nc2n1,5.23
Cc1cc(NN)n2nc(SCc3ccc(F)cc3)nc2n1,5.09
Cc1cc(NN)n2nc(SCc3ccc([N+](=O)[O-])cc3)nc2n1,4.91
Cc1cc(NN)n2nc(SCc3cccc(C(F)(F)F)c3)nc2n1,4.67
Cc1cc(NN)n2nc(SCc3ccccc3)nc2n1,6.05
Cc1cc(NN)n2nc(SCc3ccccc3Br)nc2n1,4.95
Cc1cc(NN)n2nc(SCc3ccccc3C(F)(F)F)nc2n1,4.88
Cc1cc(NN)n2nc(SCc3csc4ccc(Cl)cc34)nc2n1,5.79
Cc1cc(NNC(=O)c2cnccn2)n2nc(SCc3ccccc3)nc2n1,5.92
Cc1cc(NNC(=O)c2cnccn2)n2nc(SCc3nc4ccccc4[nH]3)nc2n1,6.25
Cc1cc(NNC(N)=S)n2nc(SCc3ccccc3)nc2n1,6.81
Cc1cc(Nc2ccc(N3CCN(C)CC3)cc2)n2nc(SCC3CCCCC3)nc2n1,4.61
Cc1cc(Nc2ccc(N3CCN(C)CC3)cc2)n2nc(SCCc3ccccc3)nc2n1,4.55
Cc1cc(Nc2ccc(N3CCN(C)CC3)cc2)n2nc(SCc3c(Cl)cccc3Cl)nc2n1,4.7
Cc1cc(Nc2ccc(N3CCN(C)CC3)cc2)n2nc(SCc3ccc(Br)cc3)nc2n1,4.64
Cc1cc(Nc2ccc(N3CCN(C)CC3)cc2)n2nc(SCc3ccc(C(F)(F)F)cc3)nc2n1,4.85
Cc1cc(Nc2ccc(N3CCN(C)CC3)cc2)n2nc(SCc3ccc(Cl)c(F)c3)nc2n1,4.67
Cc1cc(Nc2ccc(N3CCN(C)CC3)cc2)n2nc(SCc3ccc(Cl)cc3)nc2n1,4.64
Cc1cc(Nc2ccc(N3CCN(C)CC3)cc2)n2nc(SCc3ccc(F)c(Cl)c3)nc2n1,4.59
Cc1cc(Nc2ccc(N3CCN(C)CC3)cc2)n2nc(SCc3ccc(F)cc3)nc2n1,4.73
Cc1cc(Nc2ccc(N3CCN(C)CC3)cc2)n2nc(SCc3ccc([N+](=O)[O-])cc3)nc2n1,4.49
Cc1cc(Nc2ccc(N3CCN(C)CC3)cc2)n2nc(SCc3cccc(Br)c3)nc2n1,4.53
Cc1cc(Nc2ccc(N3CCN(C)CC3)cc2)n2nc(SCc3ccccc3)nc2n1,4.91
Cc1cc(Nc2ccc(N3CCN(C)CC3)cc2)n2nc(SCc3ccccc3Br)nc2n1,4.68
Cc1cc(Nc2ccc(N3CCN(C)CC3)cc2)n2nc(SCc3csc4ccc(Cl)cc34)nc2n1,4.79
Cc1cc(Nc2ccc(N3CCN(C)CC3)cc2)n2nc(SCc3nc4ccccc4[nH]3)nc2n1,5.76
Cc1cc(Nc2ccc(N3CCN(C)CC3)cc2)n2ncnc2n1,4.5
Cc1cc(OCCN2CCC(N[C@@H]3C[C@H]3c3ccccc3)CC2)n(C)n1,7.75
Cc1cc(Sc2nnnn2CCN(C)C)n2nc(SCc3ccc(Cl)cc3)nc2n1,6.54
Cc1cc(Sc2nnnn2CCN(C)C)n2nc(SCc3ccc(Cl)cc3)nc2n1.Cl,6.54
Cc1cc2[nH]ncc2cc1-n1cc(CN[C@@H]2C[C@H]2c2ccc(F)c(F)c2)nn1.Cl,7.96
Cc1cc2c(cc1C#N)c(-c1c(F)ccc(N)c1C)cn2[C@H]1CC[C@@H](O)CC1,8.7
Cc1cc2c(cc1C#N)c(-c1c(F)ccc(N)c1C)cn2[C@H]1CC[C@H](O)CC1,7.85
Cc1cc2c(cc1C#N)c(-c1c(F)ccc(N)c1F)cn2CCCO,6.79
Cc1cc2c(cc1C#N)c(-c1c(F)ccc(N)c1F)cn2[C@H]1CC[C@@H](O)CC1,7.92
Cc1cc2c(cc1C#N)c(-c1c(F)ccc(N)c1F)cn2[C@H]1CC[C@H](O)CC1,7.54
Cc1cc2c(cc1C#N)c(-c1cc(N)cc(C#N)c1)cn2[C@H]1CC[C@H](O)CC1,7.8
Cc1cc2c(cc1C#N)c(-c1ccc(Br)c(N)c1C)cn2[C@H]1CC[C@H](O)CC1,7.17
Cc1cc2c(cc1C#N)c(-c1ccc(F)c(N)c1Cl)cn2[C@H]1CC[C@@H](O)CC1,6.69
Cc1cc2c(cc1C#N)c(-c1ccc(F)c(N)c1Cl)cn2[C@H]1CC[C@H](O)CC1,6.61
Cc1cc2c(cc1C#N)c(-c1ccc3c(c1C)NCC3)cn2[C@H]1CC[C@H](O)CC1,5.71
Cc1cc2c(cc1C#N)c(-c1cccc(N)c1C#N)cn2CCCO,6.44
Cc1cc2c(cc1C#N)c(-c1cccc(N)c1C)c(C)n2CCCO,8.3
Cc1cc2c(cc1C#N)c(-c1cccc(N)c1C)cn2-c1ccc(NC(=O)CCCCC(=O)NO)cc1,8.11
Cc1cc2c(cc1C#N)c(-c1cccc(N)c1C)cn2-c1ccc(NC(=O)CCCCCCC(=O)NO)cc1,8.19
Cc1cc2c(cc1C#N)c(-c1cccc(N)c1C)cn2-c1ccc(OCCCCC(=O)NO)cc1,8.24
Cc1cc2c(cc1C#N)c(-c1cccc(N)c1C)cn2-c1ccc(OCCCCCC(=O)NO)cc1,8.26
Cc1cc2c(cc1C#N)c(-c1cccc(N)c1C)cn2-c1ccc(OCCCCCCC(=O)NO)cc1,8.18
Cc1cc2c(cc1C#N)c(-c1cccc(N)c1C)cn2CCCCCCC(=O)NO,8.0
Cc1cc2c(cc1C#N)c(-c1cccc(N)c1C)cn2[C@@H]1CC[C@@H](O)C1,8.52
Cc1cc2c(cc1C#N)c(-c1cccc(N)c1C)cn2[C@H]1CC[C@H](O)CC1,8.52
Cc1cc2c(cc1C#N)c(-c1cccc(N)c1C)cn2[C@H]1C[C@@H](O)C1,8.4
Cc1cc2c(cc1C#N)c(-c1cccc(N)c1Cl)cn2CCCO,7.47
Cc1cc2c(cc1C#N)c(-c1cccc(N)c1F)cn2CCCO,7.14
Cc1cc2c(cc1C#N)c(-c1cccc(N)c1F)cn2CCCOCCCO,6.67
Cc1cc2c(cc1C#N)c(-c1cccc(NC(C)C)c1C)cn2[C@H]1CC[C@H](O)CC1,6.82
Cc1cc2c(cc1C#N)c(-c1cccc3c1C=CC(C)(C)N3)cn2[C@H]1CC[C@@H](O)CC1,8.05
Cc1cc2c(cc1C#N)c(-c1cccc3c1C=CC(C)(C)N3)cn2[C@H]1CC[C@H](O)CC1,8.3
Cc1cc2c(cc1C#N)c(-c1cccc3c1CC(C)(C)CN3)cn2[C@H]1CC[C@@H](O)CC1,6.81
Cc1cc2c(cc1C#N)c(-c1cccc3c1CC(C)(C)CN3)cn2[C@H]1CC[C@H](O)CC1,6.73
Cc1cc2c(cc1C#N)c(-c1cccc3c1CCC(=O)N3)cn2[C@H]1CC[C@H](O)CC1,6.29
Cc1cc2c(cc1C#N)c(-c1cccc3c1CCC(C)(C)N3)cn2C1CNC1,6.59
Cc1cc2c(cc1C#N)c(-c1cccc3c1CCC(C)(C)N3)cn2CC(O)CO,7.6
Cc1cc2c(cc1C#N)c(-c1cccc3c1CCC(C)(C)N3)cn2CCC(O)CO,6.8
Cc1cc2c(cc1C#N)c(-c1cccc3c1CCC(C)(C)N3)cn2CCCO,8.4
Cc1cc2c(cc1C#N)c(-c1cccc3c1CCC(C)(C)N3)cn2[C@H]1CC[C@H](O)CC1,8.52
Cc1cc2c(cc1C#N)c(-c1cccc3c1CCCN3)cn2[C@@H]1CC[C@@H](O)C1,7.36
Cc1cc2c(cc1C#N)c(-c1cccc3c1CCCN3)cn2[C@H]1CC[C@H](O)CC1,7.6
Cc1cc2c(cc1C#N)c(-c1cccc3c1CCN3)cn2[C@@H]1CC[C@@H](O)C1,6.81
Cc1cc2c(cc1C#N)c(-c1cccc3c1CCN3)cn2[C@H]1CC[C@H](O)CC1,6.11
Cc1cc2c(cc1C#N)c(-c1cnc(Br)c(N)c1Cl)cn2[C@H]1CC[C@H](O)CC1,5.02
Cc1cc2c(cc1C#N)c(-c1cnc3c(c1)NC(C)(C)C=C3)cn2[C@H]1CC[C@@H](O)CC1,4.66
Cc1cc2c(cc1C#N)c(-c1cnc3c(c1)NC(C)(C)C=C3)cn2[C@H]1CC[C@H](O)CC1,4.2
Cc1cc2c(cc1C#N)c(-c1cnc3c(c1)NC(C)(C)CC3)cn2[C@H]1CC[C@@H](O)CC1,4.55
Cc1cc2c(cc1C#N)c(-c1cnc3c(c1)NC(C)(C)CC3)cn2[C@H]1CC[C@H](O)CC1,5.04
Cc1cc2c(cc1C#N)c(-c1cncc(N)c1)c(C)n2CCCO,5.8
Cc1cc2c(cc1C#N)c(-c1cncc(N)c1C(F)F)cn2CCCO,7.03
Cc1cc2c(cc1C#N)c(-c1cncc(N)c1C(F)F)cn2[C@H]1CC[C@@H](O)CC1,7.575
Cc1cc2c(cc1C#N)c(-c1cncc(N)c1C(F)F)cn2[C@H]1CC[C@H](O)CC1,8.3
Cc1cc2c(cc1C#N)c(-c1cncc(N)c1C)cn2CCCO,7.15
Cc1cc2c(cc1C#N)c(-c1cncc(N)c1Cl)c(C)n2CCCO,7.51
Cc1cc2c(cc1C#N)c(-c1cncc(N)c1Cl)c(C)n2CCCS(C)(=O)=O,6.45
Cc1cc2c(cc1C#N)c(-c1cncc(N)c1Cl)cn2-c1ccc(=O)n(C)c1,7.31
Cc1cc2c(cc1C#N)c(-c1cncc(N)c1Cl)cn2-c1ccc(C(N)=O)cc1,7.92
Cc1cc2c(cc1C#N)c(-c1cncc(N)c1Cl)cn2-c1ccc(S(C)(=O)=O)cc1,8.7
Cc1cc2c(cc1C#N)c(-c1cncc(N)c1Cl)cn2-c1ccc(S(C)(=O)=O)cn1,8.0
Cc1cc2c(cc1C#N)c(-c1cncc(N)c1Cl)cn2-c1ccc(S(C)(=O)=O)nc1,8.3
Cc1cc2c(cc1C#N)c(-c1cncc(N)c1Cl)cn2-c1ccc(S(N)(=O)=O)cc1,8.22
Cc1cc2c(cc1C#N)c(-c1cncc(N)c1Cl)cn2-c1ccc2cncn2c1,7.92
Cc1cc2c(cc1C#N)c(-c1cncc(N)c1Cl)cn2-c1ccc2nncn2c1,6.73
Cc1cc2c(cc1C#N)c(-c1cncc(N)c1Cl)cn2-c1ccn(C)c(=O)c1,7.16
Cc1cc2c(cc1C#N)c(-c1cncc(N)c1Cl)cn2-c1ccn2cncc2c1,7.55
Cc1cc2c(cc1C#N)c(-c1cncc(N)c1Cl)cn2-c1ccn2cnnc2c1,7.82
Cc1cc2c(cc1C#N)c(-c1cncc(N)c1Cl)cn2C1CC(C(N)=O)C1,7.11
Cc1cc2c(cc1C#N)c(-c1cncc(N)c1Cl)cn2C1CC2(COC2)C1,7.16
Cc1cc2c(cc1C#N)c(-c1cncc(N)c1Cl)cn2C1CCC(=O)N(C)C1,7.43
Cc1cc2c(cc1C#N)c(-c1cncc(N)c1Cl)cn2C1CCC(C(N)=O)C1,7.8
Cc1cc2c(cc1C#N)c(-c1cncc(N)c1Cl)cn2C1CCC(C)(O)CC1,7.43
Cc1cc2c(cc1C#N)c(-c1cncc(N)c1Cl)cn2C1CCC(N)CC1,7.64
Cc1cc2c(cc1C#N)c(-c1cncc(N)c1Cl)cn2C1CCCC(C(N)=O)C1,7.47
Cc1cc2c(cc1C#N)c(-c1cncc(N)c1Cl)cn2C1CCN(S(C)(=O)=O)C1,6.9
Cc1cc2c(cc1C#N)c(-c1cncc(N)c1Cl)cn2C1CCN(S(C)(=O)=O)CC1,7.48
Cc1cc2c(cc1C#N)c(-c1cncc(N)c1Cl)cn2C1CCS(=O)(=O)CC1,6.8
Cc1cc2c(cc1C#N)c(-c1cncc(N)c1Cl)cn2C1CS(=O)(=O)C1,6.23
Cc1cc2c(cc1C#N)c(-c1cncc(N)c1Cl)cn2[C@@H]1CCC[C@@H](O)C1,8.22
Cc1cc2c(cc1C#N)c(-c1cncc(N)c1Cl)cn2[C@@H]1CCC[C@H](O)C1,7.77
Cc1cc2c(cc1C#N)c(-c1cncc(N)c1Cl)cn2[C@@H]1CC[C@@H](NS(C)(=O)=O)C1,7.64
Cc1cc2c(cc1C#N)c(-c1cncc(N)c1Cl)cn2[C@@H]1CC[C@@H](O)C1,7.55
Cc1cc2c(cc1C#N)c(-c1cncc(N)c1Cl)cn2[C@@H]1CC[C@@H](S(C)(=O)=O)C1,7.28
Cc1cc2c(cc1C#N)c(-c1cncc(N)c1Cl)cn2[C@@H]1CC[C@H](NS(C)(=O)=O)C1,7.11
Cc1cc2c(cc1C#N)c(-c1cncc(N)c1Cl)cn2[C@@H]1CC[C@H](O)C1,8.22
Cc1cc2c(cc1C#N)c(-c1cncc(N)c1Cl)cn2[C@@H]1CC[C@H](S(C)(=O)=O)C1,6.69
Cc1cc2c(cc1C#N)c(-c1cncc(N)c1Cl)cn2[C@H]1CC[C@@H](C(C)=O)CC1,8.1
Cc1cc2c(cc1C#N)c(-c1cncc(N)c1Cl)cn2[C@H]1CC[C@@H](NS(C)(=O)=O)C1,7.89
Cc1cc2c(cc1C#N)c(-c1cncc(N)c1Cl)cn2[C@H]1CC[C@@H](O)CC1,8.7
Cc1cc2c(cc1C#N)c(-c1cncc(N)c1Cl)cn2[C@H]1CC[C@@H](S(C)(=O)=O)CC1,6.03
Cc1cc2c(cc1C#N)c(-c1cncc(N)c1Cl)cn2[C@H]1CC[C@H](C#N)CC1,8.1
Cc1cc2c(cc1C#N)c(-c1cncc(N)c1Cl)cn2[C@H]1CC[C@H](C(=O)O)CC1,6.32
Cc1cc2c(cc1C#N)c(-c1cncc(N)c1Cl)cn2[C@H]1CC[C@H](C(C)=O)CC1,8.22
Cc1cc2c(cc1C#N)c(-c1cncc(N)c1Cl)cn2[C@H]1CC[C@H](C(N)=O)CC1,7.58
Cc1cc2c(cc1C#N)c(-c1cncc(N)c1Cl)cn2[C@H]1CC[C@H](NS(C)(=O)=O)C1,7.5
Cc1cc2c(cc1C#N)c(-c1cncc(N)c1Cl)cn2[C@H]1CC[C@H](O)CC1,8.0
Cc1cc2c(cc1C#N)c(-c1cncc(N)c1Cl)cn2[C@H]1CC[C@H](S(=O)(=O)N(C)C)CC1,9.0
Cc1cc2c(cc1C#N)c(-c1cncc(N)c1Cl)cn2[C@H]1CC[C@H](S(C)(=O)=O)CC1,8.22
Cc1cc2c(cc1C#N)c(-c1cncc(N)c1Cl)cn2[C@H]1CC[C@H](S(N)(=O)=O)CC1,8.3
Cc1cc2c(cc1C#N)c(-c1cncc(N)c1Cl)cn2[C@H]1C[C@@H](O)C1,7.62
Cc1cc2c(cc1C#N)c(-c1cncc(N)c1Cl)cn2[C@H]1C[C@@H](S(C)(=O)=O)C1,7.7
Cc1cc2c(cc1C#N)c(-c1cncc(N)c1Cl)cn2[C@H]1C[C@H](C#N)C1,6.58
Cc1cc2c(cc1C#N)c(-c1cncc(N)c1Cl)cn2[C@H]1C[C@H](O)C1,7.52
Cc1cc2c(cc1C#N)c(-c1cncc(N)c1Cl)cn2[C@H]1C[C@H](S(C)(=O)=O)C1,6.42
Cc1cc2c(cc1C#N)c(-c1cncc(N)c1F)cn2[C@H]1CC[C@@H](O)CC1,6.69
Cc1cc2c(cc1C#N)c(-c1cncc(N)c1F)cn2[C@H]1CC[C@H](O)CC1,6.87
Cc1cc2c(cc1C#N)c(-c1cncc3c1C=CC(C)(C)N3)cn2[C@H]1CC[C@H](O)CC1,9.0
Cc1cc2c(cc1C#N)c(-c1cncc3c1CCC(C)(C)N3)cn2[C@H]1CC[C@H](O)CC1,8.4
Cc1cc2c(cc1C#N)c(-c1cncc3c1OCCN3)cn2[C@H]1CC[C@H](O)CC1,6.02
Cc1cc2nc3ccccc3c(Nc3ccc(N(C)C)cc3)c2cc1C,6.66
Cc1cc2nc3ccccc3c(Nc3ccc(N4CCN(C)CC4)cc3)c2cc1C,7.07
Cc1ccc(-c2c(-c3ccc(C#N)c(F)c3)nc(N3CCC(N(C)C)CC3)n(C)c2=O)cn1,6.26
Cc1ccc(-c2c(-c3ccc(C#N)c(F)c3)nc(N3CCC(N)CC3)c(=O)n2C)cc1,8.525
Cc1ccc(-c2c(-c3ccc(C#N)cc3)cc(-c3cccc(CN4CCC(N)C4)c3)c3ncnn23)cc1,7.12
Cc1ccc(-c2c(-c3ccc(C#N)cc3)cc(-c3cccc(CN4CCNCC4)c3)c3ncnn23)cc1,6.52
Cc1ccc(-c2c(-c3ccc(C#N)cc3)cc(CCC3CCN(C)C3)c3ncnn23)cc1,7.12
Cc1ccc(-c2c(-c3ccc(C#N)cc3)cc(CN3CCN(C)CC3)c3ncnn23)cc1,6.52
Cc1ccc(-c2c(-c3ccc(C#N)cc3)cc(CN3CCNCC3)c3ncnn23)cc1,6.52
Cc1ccc(-c2c(-c3ccc(C#N)cc3)cc(CN3CC[C@@H](N(C)C)C3)c3ncnn23)cc1,7.12
Cc1ccc(-c2c(-c3ccc(C#N)cc3)cc(OC[C@@H]3CCNC3)c3nn(C)c(=O)n23)cc1,6.52
Cc1ccc(-c2c(-c3ccc(C#N)cc3)cc(OC[C@@H]3CCNC3)c3nn(CC(N)=O)c(=O)n23)cc1,7.12
Cc1ccc(-c2c(-c3ccc(C#N)cc3)cc(OC[C@@H]3CCNC3)c3nn(CC(O)C(F)(F)F)c(=O)n23)cc1,7.12
Cc1ccc(-c2c(-c3ccc(C#N)cc3)cc(OC[C@@H]3CCNC3)c3nn(CC4CCCO4)c(=O)n23)cc1,7.12
Cc1ccc(-c2c(-c3ccc(C#N)cc3)cc(OC[C@@H]3CCNC3)c3nn(CCN4CCOCC4)c(=O)n23)cc1,7.12
Cc1ccc(-c2c(-c3ccc(C#N)cc3)cc(OC[C@@H]3CCNC3)c3nn(CCO)c(=O)n23)cc1,7.12
Cc1ccc(-c2c(-c3ccc(C#N)cc3)cc(OC[C@@H]3CCNC3)c3nn(Cc4ccn(C)n4)c(=O)n23)cc1,7.12
Cc1ccc(-c2c(-c3ccc(C#N)cc3)nc(C(=O)NC3CN(C)C3)c3nccn23)cc1,6.56
Cc1ccc(-c2c(-c3ccc(C#N)cc3)nc(C(=O)NCC3CNC3)c3nccn23)cc1,6.56
Cc1ccc(-c2c(-c3ccc(C#N)cc3)nc(CCN3CC[C@@H](N(C)C)C3)c3nccn23)cc1,6.12
Cc1ccc(-c2c(-c3ccc(C#N)cc3)nc(CO[C@@H]3CCNC3)c3nccn23)cc1,6.56
Cc1ccc(-c2c(-c3ccc(C#N)cc3)nc(N(C)C(=O)N3CC[C@@H](N(C)C)C3)c3nccn23)cc1,6.56
Cc1ccc(-c2c(-c3ccc(C#N)cc3)nc(N(C)C(=O)N3CC[C@H](N(C)C)C3)c3nccn23)cc1,6.12
Cc1ccc(-c2c(-c3ccc(C#N)cc3)nc(N(C)CCC3CCCN3C)c3nccn23)cc1,6.56
Cc1ccc(-c2c(-c3ccc(C#N)cc3)nc(N(C)CCCN(C)C)c3nccn23)cc1,6.56
Cc1ccc(-c2c(-c3ccc(C#N)cc3)nc(N3CCC(N(C)C)CC3)n3ccnc23)cn1,6.56
Cc1ccc(-c2c(-c3ccc(C#N)cc3)nc(N3CCC(N)CC3)c(=O)n2C)cc1,8.09
Cc1ccc(-c2c(-c3ccc(C#N)cc3)nc(N3CCC(N)CC3)n(C)c2=O)cc1,8.35
Cc1ccc(-c2c(-c3ccc(C#N)cc3)nc(NC3CCN(C)CC3)c3nccn23)cc1,6.56
Cc1ccc(-c2c(-c3ccc(C#N)cc3)nc(NCCC3CCCN3C)c3nccn23)cc1,6.56
Cc1ccc(-c2c(-c3ccc(C#N)cc3)nc(NCCc3csc(N)n3)c3nccn23)cc1,6.56
Cc1ccc(-c2c(-c3ccc(C#N)cc3)nc(OCCCN(C)C)c3nccn23)cc1,6.56
Cc1ccc(-c2c(-c3ccc(C#N)cc3)nc(OC[C@@H]3CCCN(C)C3)c3nccn23)cc1CN1CCN(S(C)(=O)=O)CC1,6.56
Cc1ccc(-c2c(-c3ccc(C#N)cc3)nc(OC[C@@H]3CCCN(C)C3)n3ccnc23)cn1,6.56
Cc1ccc(-c2c(-c3ccc(C#N)cc3)nc(OC[C@@H]3CCN(C)C3)c3ncnn23)cc1,6.52
Cc1ccc(-c2c(-c3ccc(C#N)cc3)nc(OC[C@@H]3CCN(C)C3)n3ccnc23)cc1,6.56
Cc1ccc(-c2c(-c3ccc(C#N)cc3)nc(OC[C@@H]3CCNC3)c3n[nH]c(=O)n23)cc1,7.12
Cc1ccc(-c2c(-c3ccc(C#N)cc3)nc(OC[C@@H]3CCNC3)c3nc(C(F)(F)F)cn23)cc1,6.56
Cc1ccc(-c2c(-c3ccc(C#N)cc3)nc(OC[C@@H]3CCNC3)c3nncn23)cc1,7.12
Cc1ccc(-c2c(-c3ccc(C#N)cc3F)nc(N3CCC(N)CC3)c(=O)n2C)cc1,7.4399999999999995
Cc1ccc(-c2c(-c3ccc(C(F)(F)F)cc3)nc(N3CCC(N)CC3)c(=O)n2C)cc1,6.26
Cc1ccc(-c2c(-c3ccc(C(F)F)cc3)nc(N3CCC(N)CC3)c(=O)n2C)cc1,6.26
Cc1ccc(-c2c(-c3ccc(C(N)=O)cc3)nc(N3CCC(N)CC3)c(=O)n2C)cc1,5.26
Cc1ccc(-c2c(-c3ccc(CO)cc3)nc(N3CCC(N)CC3)c(=O)n2C)cc1,5.26
Cc1ccc(-c2c(-c3ccc(F)cc3)cc(OC[C@@H]3CCNC3)c3cncn23)cc1,6.12
Cc1ccc(-c2cc(-c3ccn(Cc4ccc(C(=O)NO)cc4)n3)ccn2)c(F)c1,5.08
Cc1ccc(-c2cc(-c3ccn(Cc4ccc(C(=O)NO)cc4)n3)ccn2)cc1,5.37
Cc1ccc(-c2cc(/C=C/c3ccc(C(=O)NO)cc3)ccn2)c(F)c1,5.79
Cc1ccc(-c2cc(/C=C/c3ccc(C(=O)NO)cc3)ccn2)cc1,5.57
Cc1ccc(-c2cc(C(=O)NCc3ccc(C(=O)NO)cc3)c(O)cn2)cc1,5.5
Cc1ccc(-c2cc(C(=O)NCc3ccc(C(=O)NO)cc3)ccn2)c(C)c1,5.28
Cc1ccc(-c2cc(C(=O)NCc3ccc(C(=O)NO)cc3)ccn2)c(F)c1,5.3
Cc1ccc(-c2cc(C(=O)NCc3ccc(C(=O)NO)cc3)ccn2)cc1,5.19
Cc1ccc(-c2cc3[nH]cc(C(=O)N4CCC(CN)CC4)c3cc2-c2ccc(C#N)cc2)cc1,6.87
Cc1ccc(-c2cc3[nH]cc(C(=O)N4CCC(N)CC4)c3cc2-c2ccc(C#N)c(F)c2)cc1,7.06
Cc1ccc(-c2cc3[nH]cc(C(=O)N4CCC(N)CC4)c3cc2-c2ccc(C#N)cc2)c(C)c1,6.93
Cc1ccc(-c2cc3[nH]cc(C(=O)N4CCC(N)CC4)c3cc2-c2ccc(C#N)cc2)c(F)c1,7.2
Cc1ccc(-c2cc3[nH]cc(C(=O)N4CCC(N)CC4)c3cc2-c2ccc(C#N)cc2)cc1,7.28
Cc1ccc(-c2cc3[nH]cc(C(=O)N4CCC(N)CC4)c3cc2-c2ccc(C#N)cc2)cc1C,7.3
Cc1ccc(-c2cc3[nH]cc(C(=O)N4CCC(N)CC4)c3cc2-c2ccc(C#N)cc2)cc1F,6.99
Cc1ccc(-c2cc3[nH]cc(C(=O)N4CCC(N)CC4)c3cc2-c2ccc(C#N)cc2C)cc1,6.22
Cc1ccc(-c2cc3[nH]cc(C(=O)N4CCC(N)CC4)c3cc2-c2ccc(C#N)nc2)cc1,6.94
Cc1ccc(-c2cc3[nH]cc(C(=O)N4CCC(N)CC4)c3cc2-c2ccc(C(N)=O)cc2)cc1,4.66
Cc1ccc(-c2cc3[nH]cc(C(=O)N4CCC(N)CC4)c3cc2-c2ccc(O)cc2)cc1,5.3
Cc1ccc(-c2cc3[nH]cc(C(=O)N4CCC(N)CC4)c3cc2-c2ccc(S(N)(=O)=O)cc2)cc1,4.64
Cc1ccc(-c2cc3[nH]cc(C(=O)N4CCC(N)CC4)c3cc2-c2ccc([N+](=O)[O-])cc2)cc1,4.7
Cc1ccc(-c2cc3[nH]cc(C(=O)N4CCC[C@@H](N)C4)c3cc2-c2ccc(C#N)cc2)cc1,6.47
Cc1ccc(-c2cc3[nH]cc(C(=O)N4CCC[C@H](N)C4)c3cc2-c2ccc(C#N)cc2)cc1,7.07
Cc1ccc(-c2cc3[nH]cc(C(=O)N4CCNCC4)c3cc2-c2ccc(C#N)cc2)cc1,7.21
Cc1ccc(-c2cc3[nH]cc(C(=O)NC4CCCNC4)c3cc2-c2ccc(C#N)cc2)cc1,6.4
Cc1ccc(-c2cc3[nH]cc(C(=O)NC4CCNC4)c3cc2-c2ccc(C#N)cc2)cc1,6.43
Cc1ccc(-c2cc3[nH]cc(C(=O)NC4CCNC4)c3cc2-c2ccc(C(N)=O)cc2)cc1,4.62
Cc1ccc(-c2cc3[nH]cc(C(=O)NC4CCNCC4)c3cc2-c2ccc(C#N)cc2)cc1,6.47
Cc1ccc(-c2cc3[nH]cc(C(=O)NCC4CCNC4)c3cc2-c2ccc(C#N)cc2)cc1,6.68
Cc1ccc(-c2cc3[nH]cc(C(=O)NCC4CCNCC4)c3cc2-c2ccc(C#N)cc2)cc1,7.22
Cc1ccc(-c2cc3[nH]cc(C(=O)NCCCN)c3cc2-c2ccc(C#N)cc2)cc1,6.82
Cc1ccc(-c2cc3[nH]cc(C(=O)NCCN)c3cc2-c2ccc(C#N)cc2)cc1,6.75
Cc1ccc(-c2cc3[nH]cc(C(=O)N[C@H]4CC[C@H](N)CC4)c3cc2-c2ccc(C#N)cc2)cc1,6.19
Cc1ccc(-c2cc3c(cc2-c2ccc(C#N)cc2)c(C(=O)N2CCC(N)CC2)cn3C(C)C)cc1,7.82
Cc1ccc(-c2cc3c(cc2-c2ccc(C#N)cc2)c(C(=O)N2CCC(N)CC2)cn3C)cc1,7.92
Cc1ccc(-c2cc3c(cc2-c2ccc(C#N)cc2)c(C(=O)N2CCC(N)CC2)cn3C2CC2)cc1,7.75
Cc1ccc(-c2cc3c(cc2-c2ccc(C#N)cc2)c(C(=O)N2CCC(N)CC2)cn3Cc2ccc(Br)cc2)cc1,6.0
Cc1ccc(-c2cc3c(cc2-c2ccc(C#N)cc2)c(C(=O)N2CCC(N)CC2)cn3Cc2ccc(Cl)cc2)cc1,6.16
Cc1ccc(-c2cc3c(cc2-c2ccc(C#N)cc2)c(C(=O)N2CCC(N)CC2)cn3Cc2cccc(Br)c2)cc1,6.26
Cc1ccc(-c2cc3c(cc2-c2ccc(C#N)cc2)c(C(=O)N2CCC(N)CC2)cn3Cc2cccc(C#N)c2)cc1,6.79
Cc1ccc(-c2cc3c(cc2-c2ccc(C#N)cc2)c(C(=O)N2CCC(N)CC2)cn3S(=O)(=O)c2ccc(C#N)cc2)cc1,6.96
Cc1ccc(-c2cc3c(cc2-c2ccc(C#N)cc2)c(C(=O)N2CCC(N)CC2)cn3S(=O)(=O)c2ccc(F)cc2)cc1,7.055
Cc1ccc(-c2cc3c(cc2-c2ccc(C(N)=O)cc2)c(C(=O)NC2CCNCC2)cn3C)cc1,4.7
Cc1ccc(-c2cc3occ(CN4CCC(N)C4)c3cc2-c2ccc(C#N)cc2)cc1,6.81
Cc1ccc(-c2cc3occ(CN4CCC(N)CC4)c3cc2-c2ccc(C#N)cc2)cc1,6.94
Cc1ccc(-c2cc3occ(CN4CCC[C@@H](N)C4)c3cc2-c2ccc(C#N)cc2)cc1,6.89
Cc1ccc(-c2cc3occ(CN4CCC[C@H](N)C4)c3cc2-c2ccc(C#N)cc2)cc1,7.19
Cc1ccc(-c2cc3occ(CN4CCN(C)CC4)c3cc2-c2ccc(C#N)cc2)cc1,6.38
Cc1ccc(-c2cc3occ(CN4CCNCC4)c3cc2-c2ccc(C#N)cc2)cc1,6.87
Cc1ccc(-c2cc3occ(CNC4CCC(N)CC4)c3cc2-c2ccc(C#N)cc2)cc1,6.87
Cc1ccc(-c2cc3occ(CNC4CCCNC4)c3cc2-c2ccc(C#N)cc2)cc1,6.8
Cc1ccc(-c2cc3occ(CNC4CCNC4)c3cc2-c2ccc(C#N)cc2)c(F)c1,6.84
Cc1ccc(-c2cc3occ(CNC4CCNC4)c3cc2-c2ccc(C#N)cc2)cc1,7.28
Cc1ccc(-c2cc3occ(CNC4CCNCC4)c3cc2-c2ccc(C#N)cc2)cc1,6.38
Cc1ccc(-c2cc3occ(CNCCCCCCN)c3cc2-c2ccc(C#N)cc2)cc1,5.58
Cc1ccc(-c2cc3occ(CNCCCCCN)c3cc2-c2ccc(C#N)cc2)cc1,6.14
Cc1ccc(-c2cc3occ(CNCCCCN)c3cc2-c2ccc(C#N)cc2)cc1,6.57
Cc1ccc(-c2cc3occ(CNCCCN)c3cc2-c2ccc(C#N)cc2)cc1,6.77
Cc1ccc(-c2cc3occ(CNCCN)c3cc2-c2ccc(C#N)cc2)cc1,7.12
Cc1ccc(-c2cc3occ(CN[C@H]4CC[C@H](N)CC4)c3cc2-c2ccc(C#N)cc2)cc1,6.17
Cc1ccc(-c2ccc(C(=O)N3C4CCC3CC(N)C4)cc2-c2ccc(C#N)c(F)c2)c(F)c1,9.06
Cc1ccc(-c2ccc(C(=O)N3C4CCC3CC(N)C4)cc2-c2ccc(C#N)c(F)c2)c(F)c1F,9.29
Cc1ccc(-c2ccc(C(=O)N3C4CCC3CC(N)C4)cc2-c2ccc(C#N)c(F)c2)cc1,8.46
Cc1ccc(-c2ccc(C(=O)N3C4CCC3CC(N)C4)cc2-c2ccc(C#N)cc2)cc1,9.11
Cc1ccc(-c2ccc(C(=O)N3CC4(CCCNC4)C3)cc2-c2ccc(C#N)cc2)cc1,8.31
Cc1ccc(-c2ccc(C(=O)N3CCC(N)CC3)cc2-c2ccc(C#N)cc2)cc1,7.97
Cc1ccc(-c2ccc(C(=O)N3CCC4(CCNC4)C3)cc2-c2ccc(C#N)cc2)cc1,7.97
Cc1ccc(-c2ccc(C(=O)N3CCC4(CNC4)C3)cc2-c2ccc(C#N)cc2)cc1,8.8
Cc1ccc(-c2ccc(C(=O)N3CCCC3)cc2-c2ccc(C(F)(F)F)cc2)cc1,6.1
Cc1ccc(-c2ccc(C(=O)N3CC[C@H](N)C3)cc2-c2cc(F)c(C#N)c(F)c2)cc1,8.57
Cc1ccc(-c2ccc(C(=O)N3CC[C@H](N)C3)cc2-c2ccc(C#N)c(F)c2)c(F)c1,8.98
Cc1ccc(-c2ccc(C(=O)N3CC[C@H](N)C3)cc2-c2ccc(C#N)c(F)c2)cc1,8.71
Cc1ccc(-c2ccc(C(=O)N3CC[C@H](N)C3)cc2-c2ccc(C#N)cc2)c(Cl)c1,8.35
Cc1ccc(-c2ccc(C(=O)N3CC[C@H](N)C3)cc2-c2ccc(C#N)cc2)c(F)c1,8.62
Cc1ccc(-c2ccc(C(=O)N3CC[C@H](N)C3)cc2-c2ccc(C#N)cc2)c([N+](=O)[O-])c1,8.23
Cc1ccc(-c2ccc(C(=O)N3CC[C@H](N)C3)cc2-c2ccc(C#N)cc2)cc1,8.15
Cc1ccc(-c2ccc(C(=O)N3CC[C@H](N)C3)cc2-c2ccc(C#N)cc2)cc1Cl,8.43
Cc1ccc(-c2ccc(C(=O)N3CC[C@H](N)C3)cc2-c2ccc(C#N)cc2)cc1F,8.26
Cc1ccc(-c2ccc(C(=O)N3CC[C@](C)(N)C3)cc2-c2ccc(C#N)cc2)cc1,8.23
Cc1ccc(-c2ccc(C(=O)N3C[C@@H]4C[C@H]3CN4)cc2-c2ccc(C#N)cc2)cc1,8.08
Cc1ccc(-c2ccc(C(=O)N3[C@H]4CC[C@H]3CC(N)C4)cc2-c2ccc(C#N)cc2)cc1,9.11
Cc1ccc(-c2ccc(C(C)N3[C@@H]4CC[C@H]3[C@@H](N)C4)cc2-c2ccc(C#N)c(F)c2)c(F)c1,9.44
Cc1ccc(-c2ccc(CN3CC[C@H](N)C3)cc2-c2ccc(C#N)cc2)cc1,8.46
Cc1ccc(-c2ccc(CN3CC[C@](C)(N)C3)cc2-c2ccc(C#N)c(F)c2)c(F)c1,9.13
Cc1ccc(-c2ccc(CN3[C@@H]4CC[C@H]3[C@@H](N)C4)cc2-c2ccc(C#N)c(F)c2)c(F)c1,10.21
Cc1ccc(-c2ccc(OCC3CCNCC3)cc2-c2ccc(C#N)cc2)cc1,5.31
Cc1ccc(-c2ccc([C@H]3C[C@@H]3N)cn2)cc1,6.26
Cc1ccc(-c2ccc([C@H]3C[C@@H]3N)cn2)cc1O,7.3
Cc1ccc(-c2ccc([C@H]3C[C@@H]3NC3CCC(N)CC3)cn2)cc1O,7.08
Cc1ccc(-c2cn(CC(=O)N3CCC[C@@H](N)C3)nc2-c2ccc(C#N)c(F)c2)cc1,6.56
Cc1ccc(-c2cn3c(-c4ccc(C)cc4)c(-c4ccc(C#N)cc4)nc(OC[C@@H]4CCNC4)c3n2)cc1,6.56
Cc1ccc(-c2cnc(C[C@H]3CCNC3)nc2-c2ccc(C#N)cc2)cc1,8.125
Cc1ccc(-c2cnc(N3CC4CNCC(C3)O4)nc2-c2ccc(C#N)cc2)cc1,6.26
Cc1ccc(-c2cnc(N3CCC(N)CC3)nc2-c2ccc(C#N)cc2)cc1,8.035
Cc1ccc(-c2cnc(N3CC[C@@H]4NCC[C@@H]4C3)nc2-c2ccc(C#N)cc2)cc1,7.994999999999999
Cc1ccc(-c2cnc(N[C@@H]3C[C@H]4CNC[C@H]4C3)nc2-c2ccc(C#N)cc2)cc1,6.26
Cc1ccc(-c2cnc3c(ccn3C[C@@H]3CCNC3)c2-c2ccc(C#N)cc2)cc1,6.53
Cc1ccc(-c2cncc(/C=C/c3ccc(C(=O)NO)cc3)c2)c(F)c1,5.51
Cc1ccc(-c2cncc(C(=O)NCc3ccc(C(=O)NO)cc3)c2)c(C)c1,5.37
Cc1ccc(-c2cncc(C(=O)NCc3ccc(C(=O)NO)cc3)c2)c(F)c1,5.32
Cc1ccc(-c2nc(SCc3cn(CC(=O)NC(=O)Nc4ccccn4)nn3)nc(Nc3cccc(C(F)(F)F)c3)c2C#N)cc1,6.74
Cc1ccc(-c2nc3cnn(C4CCNCC4)c3cc2-c2ccc(C#N)cc2)cc1,6.26
Cc1ccc(-c2ncc(NCC3CCCNC3)cc2-c2ccc(C#N)cc2)cc1,5.92
Cc1ccc(-c2ncc(OCC3CCCNC3)cc2-c2ccc(C#N)cc2)cc1,6.19
Cc1ccc(-c2ncc(OCC3CCNC3)cc2-c2ccc(C#N)cc2)cc1,7.05
Cc1ccc(-c2ncc(OCC3CCNCC3)cc2-c2ccc(C#N)c(F)c2)cc1,6.82
Cc1ccc(-c2ncc(OCC3CCNCC3)cc2-c2ccc(C#N)cc2)cc1,7.205
Cc1ccc(-c2ncc(OCC3CCNCC3)cc2-c2ccc(C#N)cc2)cn1,6.42
Cc1ccc(-c2ncc(OCC3CCNCC3)cc2-c2ccc(C#N)cc2F)cc1,6.66
Cc1ccc(-c2ncc(OCC3CCNCC3)cc2-c2ccc(CN3CCNCC3)cc2)cc1,5.12
Cc1ccc(-c2ncc(OCC3CCNCC3)cc2-c2ccc(CN3CCOCC3)cc2)cc1,4.36
Cc1ccc(-c2ncc(OCC3CCNCC3)nc2-c2ccc(C)cc2)cc1,4.49
Cc1ccc(-c2ncc(OC[C@@H]3CCNC3)cc2-c2ccc(C#N)cc2)cc1,7.39
Cc1ccc(-c2ncc(OC[C@H]3CCNC3)cc2-c2ccc(C#N)cc2)cc1,7.43
Cc1ccc(-c2ncc3[nH]c(CN4CC[C@H](N)C4)cc3c2-c2ccc(C#N)c(F)c2)cc1C,8.26
Cc1ccc(-c2ncc3c(c(Cl)cn3C[C@@H]3CCNC3)c2-c2ccc(C#N)cc2)cc1,5.3
Cc1ccc(-c2ncc3c(c2-c2ccc(C#N)cc2)CC(=O)N3C[C@@H]2CCNC2)cc1,5.0
Cc1ccc(-c2ncc3c(cc(CN4CCC(N)CC4)n3C)c2-c2ccc(C#N)cc2)cc1,6.46
Cc1ccc(-c2ncc3c(cc(CN4CCC[C@@H](N)C4)n3C)c2-c2ccc(C#N)cc2)cc1,6.35
Cc1ccc(-c2ncc3c(cc(CN4CCC[C@H](N)C4)n3C)c2-c2ccc(C#N)cc2)cc1,6.61
Cc1ccc(-c2ncc3c(cc(CN4CCNCC4)n3C)c2-c2ccc(C#N)cc2)cc1,6.04
Cc1ccc(-c2ncc3c(cc(CN4CC[C@@H](N)C4)n3C)c2-c2ccc(C#N)cc2)cc1,6.77
Cc1ccc(-c2ncc3c(cc(CN4CC[C@H](N)C4)n3C(C)C)c2-c2ccc(C#N)c(F)c2)cc1C,8.82
Cc1ccc(-c2ncc3c(cc(CN4CC[C@H](N)C4)n3C)c2-c2ccc(C#N)c(F)c2)c(C)c1,7.58
Cc1ccc(-c2ncc3c(cc(CN4CC[C@H](N)C4)n3C)c2-c2ccc(C#N)c(F)c2)c(F)c1,7.6
Cc1ccc(-c2ncc3c(cc(CN4CC[C@H](N)C4)n3C)c2-c2ccc(C#N)c(F)c2)c(F)c1F,7.77
Cc1ccc(-c2ncc3c(cc(CN4CC[C@H](N)C4)n3C)c2-c2ccc(C#N)c(F)c2)cc1,7.4
Cc1ccc(-c2ncc3c(cc(CN4CC[C@H](N)C4)n3C)c2-c2ccc(C#N)c(F)c2)cc1C,8.22
Cc1ccc(-c2ncc3c(cc(CN4CC[C@H](N)C4)n3C)c2-c2ccc(C#N)c(F)c2)cc1F,7.41
Cc1ccc(-c2ncc3c(cc(CN4CC[C@H](N)C4)n3C)c2-c2ccc(C#N)c(F)c2)cn1,6.15
Cc1ccc(-c2ncc3c(cc(CN4CC[C@H](N)C4)n3C)c2-c2ccc(C#N)cc2)cc1,7.26
Cc1ccc(-c2ncc3c(cc(CN4CC[C@H](N)C4)n3CC(F)(F)F)c2-c2ccc(C#N)c(F)c2)cc1C,8.47
Cc1ccc(-c2ncc3c(cc(CN4CC[C@H](N)C4)n3CC(F)F)c2-c2ccc(C#N)c(F)c2)cc1C,8.77
Cc1ccc(-c2ncc3c(cc(CN4CC[C@H](N)C4)n3CC3CC3)c2-c2ccc(C#N)c(F)c2)cc1C,7.81
Cc1ccc(-c2ncc3c(cc(CN4CC[C@H](N)C4)n3CC3CCOCC3)c2-c2ccc(C#N)c(F)c2)cc1C,7.3
Cc1ccc(-c2ncc3c(cc(CNCCCN)n3C)c2-c2ccc(C#N)cc2)cc1,6.16
Cc1ccc(-c2ncc3c(cc(CNCCN)n3C)c2-c2ccc(C#N)cc2)cc1,5.73
Cc1ccc(-c2ncc3c(ccn3CC3CCNCC3)c2-c2ccc(C#N)cc2)cc1,7.46
Cc1ccc(-c2ncc3c(ccn3CC3CCNCC3)c2-c2ccc(C#N)cc2)cc1C,7.61
Cc1ccc(-c2ncc3c(ccn3CC3CCNCC3)c2-c2ccc(C#N)cc2)cn1,7.16
Cc1ccc(-c2ncc3c(ccn3C[C@@H]3CCNC3)c2-c2ccc(C#N)cc2)cc1,6.994999999999999
Cc1ccc(-c2ncc3c(ccn3C[C@@H]3CCNC3)c2-c2ccc3[nH]ncc3c2)cc1,5.0
Cc1ccc(-c2ncc3c(ccn3C[C@@H]3CCNC3)c2-c2ccc3c(c2)CC(=O)N3)cc1,5.0
Cc1ccc(-c2nnc(NS(=O)(=O)c3cccc(Cl)c3)s2)cc1,4.53
Cc1ccc(-n2c(-c3ccc(C#N)cc3)nc(C(=O)N3CCC[C@@H](N)C3)c2C)cc1,7.665
Cc1ccc(-n2nc(C(=O)N3CCC4(CC3)CNC4)cc2-c2ccc(C#N)cc2)cc1,6.79
Cc1ccc(-n2nc(C(=O)N3CCC4(CCNC4)CC3)cc2-c2ccc(C#N)cc2)cc1,6.37
Cc1ccc(-n2nc(C(=O)N3CCCC(CN)C3)cc2-c2ccc(C#N)cc2)cc1,6.28
Cc1ccc(-n2nc(C(=O)N3CCC[C@@H](N(C)C)C3)cc2-c2ccc(C#N)cc2)cc1,6.43
Cc1ccc(-n2nc(C(=O)N3CCC[C@@H](N)C3)cc2-c2ccc(C#N)cc2)c(F)c1,6.83
Cc1ccc(-n2nc(C(=O)N3CC[C@H](N)C3)cc2-c2ccc(C#N)cc2)cc1,6.02
Cc1ccc(C(=O)NC2CCOCC2)cc1C1CC1NCC1CC1,6.1
Cc1ccc(C(=O)Nc2cccc(C(F)(F)F)c2)cc1Nc1nc(-c2cccnc2)nc2c1cnn2C,9.405000000000001
Cc1ccc(C(=O)Nc2cnn(C)c2)cc1C1CC1NC1CCC1,6.43
Cc1ccc(C(=O)Nc2cnn(C)c2)cc1C1CC1NC1CCCC1,6.26
Cc1ccc(C(=O)Nc2cnn(C)c2)cc1C1CC1NCC1CC1,6.19
Cc1ccc(C(c2c(C)[nH]c3ccccc23)c2c(C)[nH]c3ccccc23)o1,4.72
Cc1ccc(C)n1-c1ccc(C(=O)N[C@@H](CCN[C@@H]2C[C@H]2c2ccc(F)cc2)C(=O)N2CCS(=O)(=O)CC2)cc1,5.3
Cc1ccc(C2NCCc3cc(O)c(O)cc32)cc1.O=C(O)C(F)(F)F,5.67
Cc1ccc(CN(CC(=O)N2CCC(CN)CC2)c2ccc(C#N)cc2)cc1,6.75
Cc1ccc(CN(CC(=O)N2CCC(N)CC2)c2ccc(C#N)cc2)cc1,6.13
Cc1ccc(CN[C@H]2C[C@@H]2c2ccccc2)cc1Cl,7.19
Cc1ccc(CS(=O)(=O)n2cc(C(=O)N3CCC(N)CC3)c3cc(-c4ccc(C#N)cc4)c(-c4ccc(C)cc4)cc32)cc1,5.76
Cc1ccc(CSc2nc3nc(C)cc(NN)n3n2)cc1,5.21
Cc1ccc(CSc2nc3nc(C)cc(Nc4ccc(N5CCN(C)CC5)cc4)n3n2)cc1,4.59
Cc1ccc(Cn2cc(C(=O)N3CCC(N)CC3)c3cc(-c4ccc(C#N)cc4)c(-c4ccc(C)cc4)cc32)cc1,6.07
Cc1ccc(Cn2cc(CSC(=S)N3CCN(C(=O)OC(C)(C)C)CC3)nn2)cc1,5.68
Cc1ccc(Cn2cc(CSC(=S)N3CCN(C(=O)OC(C)C)CC3)nn2)cc1,4.82
Cc1ccc(Cn2cc(CSC(=S)N3CCN(C(=O)OCc4ccccc4)CC3)nn2)cc1,4.65
Cc1ccc(Cn2cc(CSC(=S)N3CCN(CCO)CC3)nn2)cc1,4.08
Cc1ccc(Cn2cc(CSC(=S)N3CCN(S(C)(=O)=O)CC3)nn2)cc1,4.45
Cc1ccc(Cn2cc(CSC(=S)N3CCN(c4ccccc4)CC3)nn2)cc1,4.39
Cc1ccc(Cn2cc(CSC(=S)N3CCN(c4ncccn4)CC3)nn2)cc1,4.56
Cc1ccc(Cn2cc(CSC(=S)N3CCNCC3)nn2)cc1,4.54
Cc1ccc(N(C)CCN2CCC(N[C@@H]3C[C@H]3c3ccccc3)CC2)cn1,7.12
Cc1ccc(N2C(=O)NC(=O)C(=Cc3cc4ccccc4[nH]3)C2=O)cc1,5.96
Cc1ccc(N2C(=O)NC(=O)C(=Cc3cccc(O)c3)C2=O)cc1,4.64
Cc1ccc(NC(=O)CCC(=O)OCC(=O)c2ccc(-c3ccccc3)cc2)cc1Cl,5.62
Cc1ccc(NC(=O)CCC(=O)c2c[nH]c3ccccc23)cc1,4.11
Cc1ccc(NC(=O)c2cccc(CN[C@@H]3C[C@H]3c3ccc(F)c(F)c3)c2)cc1,7.44
Cc1ccc(Nc2c3ccccc3nc3ccccc23)cc1,5.44
Cc1ccc(O)c(/C=N\NC(=O)c2oc3cccc(O)c3c2C)c1,7.62
Cc1ccc(OCCN2CC(CN[C@@H]3C[C@H]3c3ccccc3)C2)cc1,8.1
Cc1ccc(OCCN2CC(CN[C@@H]3C[C@H]3c3ccccc3)C2)cn1,6.5
Cc1ccc(OCCN2CCC(N(C)[C@@H]3C[C@H]3c3ccccc3)CC2)cn1,6.46
Cc1ccc(OCCN2CCC(N[C@@H]3C[C@H]3c3ccccc3)CC2)cc1,8.3
Cc1ccc(OCCN2CCC(N[C@@H]3C[C@H]3c3ccccc3)CC2)cc1F,7.85
Cc1ccc(OCCN2CCC(N[C@@H]3C[C@H]3c3ccccc3)CC2)cn1,8.22
Cc1ccc(OCCN2CCC(N[C@@H]3C[C@H]3c3ccccc3)CC2)nc1,7.72
Cc1ccc(OCCN2CCC(N[C@@H]3C[C@H]3c3ccccc3)CC2)nn1,7.46
Cc1ccc(S(=O)(=O)N(CC(=O)N2CCC(C)(N)CC2)c2ccc(C#N)cc2)cc1,5.4399999999999995
Cc1ccc(S(=O)(=O)N(CC(=O)N2CCC(N(C)C)CC2)c2ccc(C#N)cc2)cc1,5.220000000000001
Cc1ccc(S(=O)(=O)N(CC(=O)N2CCC(N)CC2)c2ccc(C#N)cc2)cc1,5.35
Cc1ccc(S(=O)(=O)N(CC(=O)N2CCC[C@@H](N)C2)c2ccc(C#N)cc2)cc1,5.105
Cc1ccc(S(=O)(=O)N(CC(=O)N2CCC[C@H](N)C2)c2ccc(C#N)cc2)cc1,4.800000000000001
Cc1ccc(S(=O)(=O)N(CC(=O)N2CC[C@@H](N)C2)c2ccc(C#N)cc2)cc1,5.145
Cc1ccc(S(=O)(=O)N(CC(=O)N2CC[C@H](N)C2)c2ccc(C#N)cc2)cc1,4.984999999999999
Cc1ccc(S(=O)(=O)N(CC(=O)N2C[C@@H]3C[C@H]2CN3)c2ccc(C#N)cc2)cc1,5.25
Cc1ccc(S(=O)(=O)N(CC(=O)NC2CCNCC2)c2ccc(C#N)cc2)cc1,5.0
Cc1ccc(S(=O)(=O)N(CC(=O)N[C@@H]2CN3CCC2CC3)c2ccc(C#N)cc2)cc1,5.154999999999999
Cc1ccc(S(=O)(=O)N(CC(=O)N[C@H]2CN3CCC2CC3)c2ccc(C#N)cc2)cc1,5.18
Cc1ccc(S(=O)(=O)N(CC(=O)Nc2cccnc2)c2ccc(C#N)cc2)cc1,4.05
Cc1ccc(S(=O)(=O)NC(=O)c2ccc(CN3CCC(N[C@@H]4C[C@H]4c4ccccc4)CC3)cc2)cc1,6.91
Cc1ccc(S(=O)(=O)Nc2cccc(C(=O)NCCc3ccc(O)cc3)c2)cc1,5.0
Cc1ccc(S(=O)(=O)Nc2cccc(C(=O)NCCc3ccc([N+](=O)[O-])cc3)c2)cc1,5.12
Cc1ccc(S(=O)(=O)Nc2nc(-c3ccc(Cl)cc3)cs2)cc1,4.3
Cc1ccc([C@@H]2C(=O)N([C@H]3CC[C@H](N)CC3)[C@H]2c2ccc(C#N)cc2)cc1,4.42
Cc1ccc([C@@H]2CN(C(=O)C3CCNCC3)C[C@H]2c2ccc(C#N)cc2)cc1,5.795
Cc1ccc([C@@H]2CN(C(=O)CC3CCCNC3)C[C@H]2c2ccc(C#N)cc2)cc1,6.6
Cc1ccc([C@@H]2CN(C(=O)CC3CCNCC3)C[C@H]2c2ccc(C#N)cc2)cc1,6.369999999999999
Cc1ccc([C@@H]2CN(C(=O)C[C@H]3CC[C@@H](N)CC3)C[C@H]2c2ccc(C#N)cc2)cc1,6.6899999999999995
Cc1ccc([C@@H]2CN(C(=O)C[C@H]3CC[C@H](N)CC3)C[C@H]2c2ccc(C#N)cc2)cc1,6.505
Cc1ccc([C@@H]2CN(C(=O)[C@@H]3CCC[C@@H](N)C3)C[C@H]2c2ccc(C#N)cc2)cc1,5.945
Cc1ccc([C@@H]2CN(C(=O)[C@H]3CC[C@H](CN)CC3)C[C@H]2c2ccc(C#N)cc2)cc1,7.45
Cc1ccc2c(Cn3cc(CSC(=S)N4CCN(C(=O)OC(C)(C)C)CC4)nn3)cc(=O)oc2c1,6.15
Cc1ccc2c(Nc3ccc(N(C)C)cc3)c3c(C)cccc3nc2c1C,6.52
Cc1ccc2c(Nc3ccc(N(C)C)cc3)c3cc(C(F)(F)F)ccc3nc2c1C,7.6
Cc1ccc2c(Nc3ccc(N(C)C)cc3)c3cc(F)c(F)cc3nc2c1C,6.38
Cc1ccc2c(Nc3ccc(N(C)C)cc3)c3cc(F)ccc3nc2c1C,7.7
Cc1ccc2c(Nc3ccc(N(C)C)cc3)c3ccc(C)c(C)c3nc2c1,7.46
Cc1ccc2c(Nc3ccc(N(C)C)cc3)c3cccc(C)c3nc2c1C,6.14
Cc1ccc2c(Nc3ccc(N(C)C)cc3)c3ccccc3nc2c1C,7.37
Cc1ccc2c(c1)C1(CC2)CC1NCC1CCNCC1,7.45
Cc1ccc2cc(Nc3c4ccccc4nc4ccccc34)ccc2n1,5.41
Cc1ccc2nc3c(C)c(C)ccc3c(Nc3ccc(N(C)C)cc3)c2c1,7.89
Cc1ccc2nc3c(C)c(C)ccc3c(Nc3ccc(N4CCN(C)CC4)cc3)c2c1,7.0
Cc1ccc2nc3ccccc3c(Nc3ccc(N(C)C)cc3)c2c1,6.72
Cc1cccc(-c2ccc([C@H]3C[C@@H]3N)cn2)c1,6.26
Cc1cccc(-c2ncc(OCC3CCNCC3)cc2-c2ccc(C#N)cc2)c1,6.1
Cc1cccc(-c2ncc3c(cc(CN4CC[C@H](N)C4)n3C)c2-c2ccc(C#N)c(F)c2)c1,6.96
Cc1cccc(CN[C@H]2CC2c2ccccc2)n1,6.16
Cc1cccc(CNc2ccc([C@H]3C[C@@H]3NC3CCC(N)CC3)cn2)c1,7.38
Cc1cccc(Cn2cc(CSC(=S)N3CCN(C(=O)OC(C)(C)C)CC3)nn2)c1,4.36
Cc1cccc(OCCN2CCC(N[C@@H]3C[C@H]3c3ccccc3)CC2)n1,7.92
Cc1cccc(S(=O)(=O)Nc2nc(-c3ccc(Cl)cc3)cs2)c1,4.76
Cc1cccc(S(=O)(=O)Nc2nnc(-c3ccc(Cl)cc3)s2)c1,4.79
Cc1cccc2c(Nc3ccc(N(C)C)cc3)c3ccccc3nc12,7.34
Cc1cccc2c3c(ccc12)C1=C(C(=O)C3=O)[C@@H](C)CO1,4.8
Cc1ccccc1-n1nc(C(=O)N2CCC[C@@H](N)C2)cc1-c1ccc(C#N)cc1,6.15
Cc1ccccc1C1CC1NC1CCC(N)CC1,7.57
Cc1ccccc1C1CC1NC1CCNCC1,6.98
Cc1ccccc1N1C(=O)NC(=O)C(=Cc2cc3ccccc3[nH]2)C1=O,5.36
Cc1ccccc1S(=O)(=O)Nc1nc(-c2ccc(Cl)cc2)cs1,4.37
Cc1ccnc(CN[C@H]2CC2c2ccccc2)c1,6.3
Cc1ccncc1C(=O)Nc1cccc2c1N(Cc1ccc(OC3CCNCC3)cc1)CCC2,8.81
Cc1cnc(OCCN2CCC(N[C@@H]3C[C@H]3c3ccccc3)CC2)s1,7.75
Cc1cnn2cc(-c3ccc(C(=O)N4C5CCC4CC(N)C5)cc3-c3ccc(C#N)c(F)c3)cnc12,8.2
Cc1coc2c1C(=O)C(=O)c1c-2ccc2c(C)cccc12,4.78
Cc1cscc1-c1ccc([C@H]2C[C@@H]2N)cn1,6.26
Cc1nc(-c2cccc(C(F)(F)F)c2)ccc1[C@H]1C[C@@H]1N,6.26
Cc1nc(-c2cccc(NC(=O)c3cccc(C4CC4NCC4CC4)c3)c2)cs1,6.89
Cc1nc(COc2cc(C(=O)N3CCC[C@@H](N)C3)nn2-c2ccc(C#N)cc2)no1,6.72
Cc1nc2cc(-c3ccc(C(=O)N4CC[C@H](N)C4)cc3-c3ccc(C#N)c(F)c3)ccc2n1C,8.02
Cc1nc2cc(-n3nc(C(=O)N4CCC[C@@H](N)C4)cc3-c3ccc(C#N)cc3)ccc2s1,6.65
Cc1ncc(-c2c(-c3ccc(C#N)cc3)nc(N3CCC(N(C)C)CC3)c3cncn23)cc1C(F)F,7.12
Cc1ncc(-c2c(-c3ccc(C#N)cc3)nc(N3CCC(N(C)C)CC3)n3ccnc23)cc1C#N,6.56
Cc1ncc(-c2c(-c3ccc(C#N)cc3)nc(N3CCC(N(C)C)CC3)n3ccnc23)cc1C(F)F,6.56
Cc1ncc(-c2c(-c3ccc(C#N)cc3)nc(OC[C@@H]3CCCN(C)C3)c3cncn23)cc1F,7.12
Cc1ncc(-c2c(-c3ccc(C#N)cc3)nc(OC[C@@H]3CCCN(C)C3)c3nccn23)cc1C#N,6.56
Cc1ncc(-c2c(-c3ccc(C#N)cc3)nc(OC[C@@H]3CCCN(C)C3)n3ccnc23)cc1F,6.56
Cc1ncc(C(=O)NC2CCC(F)(F)CC2)cc1C1CC1N,4.92
Cc1ncc(C(=O)NC2CCC(F)(F)CC2)cc1C1CC1NCC1CC1,5.62
Cc1ncc(OCCN2CCC(N[C@@H]3C[C@H]3c3ccccc3)CC2)cn1,7.85
Cc1nccc(-c2cncc(S(=O)(=O)Nc3nc(-c4ccc(Cl)cc4)cs3)c2)n1,4.58
Cc1nn(C)c2ccc(-c3c(-c4ccc(C#N)cc4)nc(OC[C@@H]4CCCN(C)C4)c4cncn34)cc12,7.12
Cc1nn(C)c2ccc(-c3ncc4c(ccn4C[C@@H]4CCNC4)c3-c3ccc(C#N)c(F)c3)cc12,7.21
Cc1nn(C)cc1NC(=O)c1cccc(C2CC2NC2CCC(F)(F)CC2)c1,6.42
Cc1nn(C)cc1NC(=O)c1cccc(C2CC2NCC(C)(C)C)c1,6.77
Cc1nn(CC(C)(C)O)c2cc(F)c(-c3ccc(C(=O)N4C5CCC4CC(N)C5)cc3-c3ccc(C#N)c(F)c3)cc12,8.57
Cc1nnc(COc2cc(C(=O)N3CCC[C@@H](N)C3)nn2-c2ccc(C#N)cc2)o1,6.2
Cc1nnc(NC(=O)c2cc(C3CC3N)c(C)s2)s1,5.89
Cc1nnc(NC(=O)c2cc(C3CC3N)c3ccccc3c2)s1,5.34
Cc1nnc(NC(=O)c2cc(C3CC3N)cc3ccccc23)s1,6.14
Cc1nnc(NC(=O)c2cc(C3CC3NC3CCC(F)(F)CC3)ccc2F)s1,6.35
Cc1nnc(NC(=O)c2cc(C3CC3NC3CCC3)c(C)s2)s1,6.66
Cc1nnc(NC(=O)c2cc(C3CC3NC3CCC3)ccc2F)s1,6.09
Cc1nnc(NC(=O)c2cc(C3CC3NC3CCC3)cs2)s1,6.36
Cc1nnc(NC(=O)c2cc(C3CC3NCC3CC3)c(C)s2)s1,6.390000000000001
Cc1nnc(NC(=O)c2cc(C3CC3NCC3CC3)c3ccccc3c2)s1,6.58
Cc1nnc(NC(=O)c2cc(C3CC3NCC3CC3)ccc2F)s1,6.42
Cc1nnc(NC(=O)c2cc(C3CC3NCC3CC3)cs2)s1,6.48
Cc1nnc(NC(=O)c2cc(C3CC3NCC3CCOCC3)c3ccccc3c2)s1,6.96
Cc1nnc(NC(=O)c2cc(F)ccc2C2CC2NC2CCN(C3CC3)CC2)s1,5.42
Cc1nnc(NC(=O)c2cc([C@@H]3C[C@H]3N)cs2)s1,5.72
Cc1nnc(NC(=O)c2cc([C@@H]3C[C@H]3NC3CCC3)cs2)s1,6.62
Cc1nnc(NC(=O)c2cc([C@@H]3C[C@H]3NCC3CC3)c(C)s2)s1,6.75
Cc1nnc(NC(=O)c2cc([C@@H]3C[C@H]3NCC3CC3)cs2)s1,6.62
Cc1nnc(NC(=O)c2cc([C@H]3C[C@@H]3NC3CCC3)c(C)s2)s1,6.09
Cc1nnc(NC(=O)c2cc([C@H]3C[C@@H]3NC3CCC3)cs2)s1,6.09
Cc1nnc(NC(=O)c2cc([C@H]3C[C@@H]3NC3CCN(C4CC4)CC3)cs2)s1,6.57
Cc1nnc(NC(=O)c2cc([C@H]3C[C@@H]3NCC3CC3)c(C)s2)s1,6.23
Cc1nnc(NC(=O)c2cc([C@H]3C[C@@H]3NCC3CC3)cs2)s1,6.55
Cc1nnc(NC(=O)c2cc([C@H]3C[C@@H]3NCC3CCOCC3)c(C)s2)s1,6.57
Cc1nnc(NC(=O)c2cc3c(c(C4CC4N)c2)OCC3)s1,5.52
Cc1nnc(NC(=O)c2cc3c(c(C4CC4NCC4CC4)c2)OCC3)s1,6.64
Cc1nnc(NC(=O)c2ccc(C)c(C3CC3NC3CCOCC3)c2)s1,6.6899999999999995
Cc1nnc(NC(=O)c2ccc(C)c(C3CC3NCC3CC3)c2)s1,6.77
Cc1nnc(NC(=O)c2ccc(C3CC3NCC3CC3)s2)s1,4.0
Cc1nnc(NC(=O)c2ccc(F)c(C3CC3NC3CCOCC3)c2)s1,5.34
Cc1nnc(NC(=O)c2cccc(C3CC3N)c2)s1,5.89
Cc1nnc(NC(=O)c2cccc(C3CC3NC3CCC(F)(F)CC3)c2)s1,6.6850000000000005
Cc1nnc(NC(=O)c2cccc(C3CC3NC3CCC3)c2)s1,6.605
Cc1nnc(NC(=O)c2cccc(C3CC3NC3CCN(C4CC4)CC3)c2)s1,6.34
Cc1nnc(NC(=O)c2cccc(C3CC3NC3CCOCC3)c2)s1,6.535
Cc1nnc(NC(=O)c2cccc(C3CC3NCC3CC3)c2)s1,6.734999999999999
Cc1nnc(NC(=O)c2cccc(C3CC3NCC3CCOCC3)c2)s1,7.0
Cc1nnc(NC(=O)c2cccc([C@@H]3C[C@H]3NC3CCC3)c2)s1,7.66
Cc1nnc(NC(=O)c2csc(C3CC3NC3CCC3)c2)s1,6.36
Cc1nnc(OCCN2CCC(N[C@@H]3C[C@H]3c3ccccc3)CC2)s1,7.72
Cc1noc(C)c1-c1ccc(C2CC2NCC2CCN(C(=O)/C=C/c3ccc(C(=O)NO)cc3)CC2)cc1,7.16
Cc1noc(C)c1-c1ccc(C2CC2NCC2CCN(Cc3ccc(C(=O)NO)cc3)CC2)cc1,7.37
Cc1noc(C)c1-c1ccc(C2CC2NCC2CCN(Cc3ccc(C(=O)NO)cn3)CC2)cc1,7.47
Cc1noc(C)c1-c1ccc(C2CC2NCC2CCN(Cc3ccc(C(=O)Nc4ccccc4N)cc3)CC2)cc1,7.43
Cc1noc(C)c1-c1ccc(C2CC2NCC2CCN(c3ncc(C(=O)NO)cn3)CC2)cc1,7.05
Cc1noc(C)c1-c1ccc(C2CC2NCC2CN(CCCc3ccc(C(=O)NO)cc3)C2)cc1,7.23
Cc1noc(C)c1-c1ccc(C2CC2NCc2ccc(/C=C/C(=O)NO)cc2)cc1,7.31
Cc1noc(C)c1-c1ccc([C@H]2C[C@@H]2NCC2CCN(CCCc3ccc(C(=O)NO)cc3)CC2)cc1,7.23
Cc1noc(C)c1NC(=O)c1cccc(C2CC2NCC2CC2)c1,6.38
Cc1noc(CN[C@H]2CC2c2ccccc2)n1,7.85
Cc1noc2cc(-c3ccc(C(=O)N4C5CCC4CC(N)C5)cc3-c3ccc(C#N)c(F)c3)c(F)cc12,9.16
Cc1noc2cc(-c3ccc(C(=O)N4CC[C@H](N)C4)cc3-c3ccc(C#N)c(F)c3)c(F)cc12,9.06
Cc1noc2cc(-c3ccc(C(=O)N4[C@@H]5CC[C@H]4[C@@H](N)C5)cc3-c3ccc(C#N)c(F)c3)c(F)cc12,10.05
Cc1oc(C2(CN[C@H]3CC3c3ccccc3)CCC2)nc1C(=O)O,6.52
Cc1sc(C(=O)NC2CCC(F)(F)CC2)cc1C1CC1NC1CCOCC1,6.64
Cc1sc(C(=O)NC2CCC(F)(F)CC2)cc1C1CC1NCC1CC1,6.58
Cc1sc(C(=O)NC2CCC(F)(F)CC2)cc1C1CC1NCC1CCOCC1,6.6
Cc1sc(C(=O)NC2CCC(F)(F)CC2)cc1[C@@H]1C[C@H]1NC1CCOCC1,6.8
Cc1sc(C(=O)NC2CCC(F)(F)CC2)cc1[C@H]1C[C@@H]1NC1CCOCC1,6.68
Cc1sc(C(=O)NC2CCOCC2)cc1C1CC1NCC1CC1,6.19
Cc1sc(C(=O)NC2CCOCC2)cc1[C@@H]1C[C@H]1NC1CCC1,6.47
Cc1sc(C(=O)NC2CCOCC2)cc1[C@@H]1C[C@H]1NCC1CC1,6.36
Cc1sc(C(=O)NC2CCOCC2)cc1[C@@H]1C[C@H]1NCC1CCC1,6.77
Cc1sc(C(=O)NC2CCOCC2)cc1[C@H]1C[C@@H]1NC1CCC1,5.64
Cc1sc(C(=O)NC2CCOCC2)cc1[C@H]1C[C@@H]1NCC1CC1,5.85
Cc1sc(C(=O)Nc2ccn(C)c2)cc1[C@@H]1C[C@H]1NCC1CC1,6.68
Cc1sc(C(=O)Nc2cnn(C)c2)cc1C1CC1N,5.52
Cc1sc(C(=O)Nc2cnn(C)c2)cc1C1CC1NC1CCC1,6.85
Cc1sc(C(=O)Nc2cnn(C)c2)cc1[C@@H]1C[C@H]1NC1CCC1,7.0
Cc1sc(C(=O)Nc2cnn(C)c2)cc1[C@@H]1C[C@H]1NCC1CC1,6.68
Cc1sc(C(=O)Nc2cnn(C)c2)cc1[C@@H]1C[C@H]1NCC1CCC1,6.92
Cc1sc(C(=O)Nc2cnn(C)c2)cc1[C@H]1C[C@@H]1NC1CCC1,6.68
Cc1sc(C(=O)Nc2cnn(C)c2)cc1[C@H]1C[C@@H]1NCC1CC1,6.82
Cc1sc(C2(CN[C@H]3CC3c3ccccc3)CCC2)nc1C(=O)O,6.52
Cc1sc(C2CC2NC2CCOCC2)cc1C(=O)NC1CCC(F)(F)CC1,7.0
Cc1sc(C2CC2NCC2CC2)cc1C(=O)NC1CCOCC1,6.85
Cc1sc(NS(=O)(=O)c2cccc(Cl)c2)nc1-c1ccccc1,4.76
Cc1sc([C@@H]2C[C@H]2NC2CCOCC2)cc1C(=O)NC1CCC(F)(F)CC1,7.0
Cc1sc([C@@H]2C[C@H]2NCC2CC2)cc1C(=O)NC1CCOCC1,6.85
Cl.Cl.NC1CCC(N[C@@H]2C[C@H]2c2ccccc2)CC1,7.775
Cl.Cl.N[C@H]1CC[C@H](N[C@@H]2C[C@H]2c2ccccc2)CC1,7.68
Cl.Cl.S=C(NCCCNCCCCCCCNCCCNC(=S)NCC(c1ccccc1)c1ccccc1)NCC(c1ccccc1)c1ccccc1,4.71
Cl.Cl.S=C(NCCCNCCCCNCCCNC(=S)NCC(c1ccccc1)c1ccccc1)NCC(c1ccccc1)c1ccccc1,4.85
Cl.Cl.c1ccc([C@@H]2C[C@H]2NC2CCNCC2)cc1,7.8
Cl.Cn1cc(C(=O)Nc2ccc([C@@H]3C[C@H]3NCC3CC3)cc2)cn1,7.7
Cl.Cn1ccc(Cn2cc(CN[C@@H]3C[C@H]3c3ccc(F)c(F)c3)nn2)n1,7.19
Cl.Cn1ncc2cc(-n3cc(CN[C@@H]4C[C@H]4c4ccc(F)c(F)c4)nn3)ccc21,8.34
Cl.Fc1ccc(-n2cc(CN[C@@H]3C[C@H]3c3ccc(F)c(F)c3)nn2)cc1,7.29
Cl.Fc1ccc([C@@H]2C[C@H]2NCc2ccc(-c3ccccc3)o2)cc1F,7.22
Cl.Fc1ccc([C@@H]2C[C@H]2NCc2ccc(-c3ccccc3)s2)cc1F,7.52
Cl.Fc1ccc([C@@H]2C[C@H]2NCc2cn(-c3cc4cn[nH]c4cc3F)nn2)cc1F,8.19
Cl.Fc1ccc([C@@H]2C[C@H]2NCc2cn(-c3ccc(-c4ccccc4)cc3)nn2)cc1F,8.48
Cl.Fc1ccc([C@@H]2C[C@H]2NCc2cn(-c3ccc(-c4ccncc4)cc3)nn2)cc1F,8.38
Cl.Fc1ccc([C@@H]2C[C@H]2NCc2cn(-c3ccc(-n4ccnc4)cc3)nn2)cc1F,7.93
Cl.Fc1ccc([C@@H]2C[C@H]2NCc2cn(-c3ccc(Cl)cc3)nn2)cc1F,7.3
Cl.Fc1ccc([C@@H]2C[C@H]2NCc2cn(-c3ccc(N4CCCC4)cc3)nn2)cc1F,8.91
Cl.Fc1ccc([C@@H]2C[C@H]2NCc2cn(-c3ccc(N4CCCCC4)cc3)nn2)cc1F,9.09
Cl.Fc1ccc([C@@H]2C[C@H]2NCc2cn(-c3ccc(N4CCOCC4)cc3)nn2)cc1F,8.39
Cl.Fc1ccc([C@@H]2C[C@H]2NCc2cn(-c3ccc4[nH]ccc4c3)nn2)cc1F,7.98
Cl.Fc1ccc([C@@H]2C[C@H]2NCc2cn(-c3ccc4[nH]ncc4c3)nn2)cc1F,8.08
Cl.Fc1ccc([C@@H]2C[C@H]2NCc2cn(-c3ccc4c(c3)OCCO4)nn2)cc1F,7.73
Cl.Fc1ccc([C@@H]2C[C@H]2NCc2cn(-c3ccc4c(c3)OCO4)nn2)cc1C(F)(F)F,6.78
Cl.Fc1ccc([C@@H]2C[C@H]2NCc2cn(-c3ccc4c(c3)OCO4)nn2)cc1F,8.35
Cl.Fc1ccc([C@@H]2C[C@H]2NCc2cn(-c3ccc4c(cnn4C4CCCC4)c3)nn2)cc1F,8.38
Cl.Fc1ccc([C@@H]2C[C@H]2NCc2cn(-c3ccc4c(cnn4CC(F)(F)F)c3)nn2)cc1F,8.8
Cl.Fc1ccc([C@@H]2C[C@H]2NCc2cn(-c3ccc4c(cnn4Cc4ccccc4)c3)nn2)cc1F,8.08
Cl.Fc1ccc([C@@H]2C[C@H]2NCc2cn(-c3ccc4cn[nH]c4c3)nn2)cc1F,7.84
Cl.Fc1ccc([C@@H]2C[C@H]2NCc2cn(-c3ccc4ncccc4c3)nn2)cc1F,7.74
Cl.Fc1ccc([C@@H]2C[C@H]2NCc2cn(-c3ccc4ncsc4c3)nn2)cc1F,7.78
Cl.Fc1ccc([C@@H]2C[C@H]2NCc2cn(-c3ccc4occc4c3)nn2)cc1F,7.87
Cl.Fc1ccc([C@@H]2C[C@H]2NCc2cn(-c3ccc4oncc4c3)nn2)cc1F,7.94
Cl.Fc1ccc([C@@H]2C[C@H]2NCc2cn(-c3ccc4sccc4c3)nn2)cc1F,7.58
Cl.Fc1ccc([C@@H]2C[C@H]2NCc2cn(-c3cccc(-c4ccccc4)c3)nn2)cc1F,7.41
Cl.Fc1ccc([C@@H]2C[C@H]2NCc2cn(-c3cccc4[nH]ncc34)nn2)cc1F,8.18
Cl.Fc1ccc([C@@H]2C[C@H]2NCc2cn(-c3cccc4c3OCO4)nn2)cc1F,7.84
Cl.Fc1ccc([C@@H]2C[C@H]2NCc2cn(-c3ccccc3-c3ccccc3)nn2)cc1F,7.18
Cl.Fc1ccc([C@@H]2C[C@H]2NCc2cn(-c3cnc4[nH]ncc4c3)nn2)cc1F,7.68
Cl.Fc1ccc([C@@H]2C[C@H]2NCc2cn(-c3n[nH]c4ccccc34)nn2)cc1F,8.29
Cl.Fc1ccc([C@@H]2C[C@H]2NCc2cn(CC3CCCCC3)nn2)cc1F,7.21
Cl.Fc1ccc([C@@H]2C[C@H]2NCc2cn(CCc3ccc4[nH]ncc4c3)nn2)cc1F,7.24
Cl.Fc1ccc([C@@H]2C[C@H]2NCc2cn(CCc3ccccc3)nn2)cc1F,7.02
Cl.Fc1ccc([C@@H]2C[C@H]2NCc2cn(Cc3ccc4[nH]ncc4c3)nn2)cc1F,7.94
Cl.Fc1ccc([C@@H]2C[C@H]2NCc2cn(Cc3ccccc3)nn2)cc1F,7.37
Cl.Fc1ccc([C@@H]2C[C@H]2NCc2cn(Cc3cccnc3)nn2)cc1F,6.71
Cl.Fc1ccc([C@@H]2C[C@H]2NCc2cn(Cc3cncnc3)nn2)cc1F,6.67
Cl.Fc1ccc([C@@H]2C[C@H]2NCc2cnnn2-c2ccc3c(c2)OCO3)cc1F,6.82
Cl.Fc1ccc([C@@H]2C[C@H]2NCc2nc(-c3ccccc3)no2)cc1F,6.39
Cl.Fc1ccc([C@@H]2C[C@H]2NCc2nnc(-c3ccccc3)o2)cc1F,6.97
Cl.Fc1ncccc1CN[C@H]1[C@H]2Cc3ccccc3[C@H]21,4.6
Cl.N#Cc1ccc(-n2cc(CN[C@@H]3C[C@H]3c3ccc(F)c(F)c3)nn2)cc1,7.36
Cl.N#Cc1cccc(-n2cc(CN[C@@H]3C[C@H]3c3ccc(F)c(F)c3)nn2)c1,7.18
Cl.N#Cc1ccccc1-n1cc(CN[C@@H]2C[C@H]2c2ccc(F)c(F)c2)nn1,7.12
Cl.N=C(NCCCNCCCCCCCNCCCNC(=N)NC(=N)NCCC(c1ccccc1)c1ccccc1)NC(=N)NCCC(c1ccccc1)c1ccccc1,4.89
Cl.NC1CC1c1ccc(NC(=O)C(Cc2ccccc2)NC(=O)OCc2ccccc2)cc1,5.89
Cl.NC1CC1c1ccc(NC(=O)c2ccccc2)cc1,6.84
Cl.NC1CC1c1ccccc1NC(=O)c1ccccc1,4.13
Cl.N[C@@H]1C[C@@H]1c1ccc(NC(=O)c2ccccc2)cc1,7.58
Cl.N[C@@H]1C[C@@H]1c1cccc(NC(=O)c2ccccc2)c1,5.56
Cl.N[C@@H]1C[C@H]1c1ccc(-c2ccccc2)cc1,5.17
Cl.N[C@@H]1C[C@H]1c1ccc(Br)cc1,5.43
Cl.N[C@@H]1C[C@H]1c1ccc(F)cc1,4.1
Cl.N[C@@H]1C[C@H]1c1ccc(NC(=O)[C@@H](Cc2ccccc2)NC(=O)OCc2ccccc2)cc1,7.3
Cl.N[C@@H]1C[C@H]1c1ccc(NC(=O)[C@H](Cc2ccccc2)NC(=O)OCc2ccccc2)cc1,7.52
Cl.N[C@@H]1C[C@H]1c1ccc(NC(=O)c2ccccc2)cc1,7.68
Cl.N[C@@H]1C[C@H]1c1cccc(Br)c1,5.05
Cl.N[C@@H]1C[C@H]1c1cccc(NC(=O)c2ccccc2)c1,4.96
Cl.N[C@@H]1C[C@H]1c1ccccc1,4.56
Cl.N[C@@H]1C[C@H]1c1ccccc1Br,4.93
Cl.N[C@@H]1[C@@H]2Cc3ccccc3[C@H]12,5.05
Cl.N[C@@H]1[C@H]2Cc3cc(-c4ccc(F)cc4)ccc3[C@@H]12,5.96
Cl.N[C@@H]1[C@H]2Cc3cc(-c4ccccc4)ccc3[C@@H]12,6.06
Cl.N[C@@H]1[C@H]2Cc3cc(Br)ccc3[C@@H]12,5.39
Cl.N[C@@H]1[C@H]2Cc3ccccc3[C@@H]12,5.085
Cl.N[C@@]1(c2ccccc2)C[C@@H]1c1ccccc1,6.88
Cl.N[C@@]1(c2ccccc2)C[C@H]1c1ccccc1,6.79
Cl.N[C@H]1CC[C@@H](N[C@@H]2[C@H]3Cc4ccccc4[C@H]32)CC1,7.77
Cl.N[C@H]1CC[C@@H](N[C@H]2[C@H]3Cc4ccccc4[C@H]32)CC1,8.27
Cl.N[C@H]1CC[C@H](N[C@@H]2[C@H]3Cc4ccccc4[C@H]32)CC1,6.57
Cl.N[C@H]1CC[C@H](N[C@H]2[C@H]3Cc4ccccc4[C@H]32)CC1,8.55
Cl.N[C@H]1C[C@@H]1c1ccc(NC(=O)CCCCCNC(=O)c2ccc(O)c3ncccc23)cc1,6.0
Cl.N[C@H]1C[C@@H]1c1ccc(NC(=O)CCCCNC(=O)c2ccc(O)c3ncccc23)cc1,5.8
Cl.N[C@H]1C[C@@H]1c1ccc(NC(=O)[C@@H](Cc2ccccc2)NC(=O)OCc2ccccc2)cc1,6.41
Cl.N[C@H]1C[C@@H]1c1ccc(NC(=O)[C@H](Cc2ccccc2)NC(=O)OCc2ccccc2)cc1,6.44
Cl.N[C@H]1C[C@@H]1c1ccc(NC(=O)c2ccccc2)cc1,7.89
Cl.N[C@H]1C[C@@H]1c1cccc(NC(=O)c2ccccc2)c1,4.93
Cl.N[C@H]1C[C@H]1c1ccc(NC(=O)c2ccccc2)cc1,7.66
Cl.N[C@H]1C[C@H]1c1cccc(NC(=O)c2ccccc2)c1,6.35
Cl.N[C@H]1[C@@H]2Cc3ccccc3[C@H]12,5.14
Cl.N[C@H]1[C@H]2Cc3cc(-c4ccc(F)cc4)ccc3[C@@H]12,5.7
Cl.N[C@H]1[C@H]2Cc3cc(-c4ccccc4)ccc3[C@@H]12,5.73
Cl.N[C@H]1[C@H]2Cc3cc(Br)ccc3[C@@H]12,5.22
Cl.N[C@H]1[C@H]2Cc3ccccc3[C@@H]12,5.199999999999999
Cl.N[C@]1(CCc2ccccc2)C[C@H]1c1ccccc1,6.7
Cl.N[C@]1(Cc2ccc3ccccc3c2)C[C@H]1c1ccccc1,6.66
Cl.N[C@]1(Cc2ccccc2)C[C@@H]1c1ccccc1,6.21
Cl.N[C@]1(Cc2ccccc2)C[C@H]1c1ccccc1,6.47
Cl.N[C@]1(c2ccccc2)C[C@H]1c1ccccc1,6.23
Cl.Nc1ncc(CN[C@H]2C[C@@H]2c2ccc(OCc3ccccc3)cc2)s1,7.3
Cl.O=C(/C=C/c1ccc(O)cc1)Nc1cccc(OCC2CCNCC2)c1,6.1
Cl.O=C(/C=C/c1cccc(Br)c1)Nc1cccc(OCC2CCNCC2)c1,4.47
Cl.O=C(/C=C/c1cccc(O)c1)Nc1cccc(OCC2CCNCC2)c1,5.07
Cl.O=C(/C=C/c1ccccc1O)Nc1cccc(OCC2CCNCC2)c1,4.3
Cl.O=C(C1CC1)n1ncc2cc(-n3cc(CN[C@@H]4C[C@H]4c4ccc(F)c(F)c4)nn3)ccc21,7.91
Cl.O=C(C1CCC1)n1ncc2cc(-n3cc(CN[C@@H]4C[C@H]4c4ccc(F)c(F)c4)nn3)ccc21,7.81
Cl.O=C(C1CCCC1)n1ncc2cc(-n3cc(CN[C@@H]4C[C@H]4c4ccc(F)c(F)c4)nn3)ccc21,7.92
Cl.O=C(C1CCCCC1)n1ncc2cc(-n3cc(CN[C@@H]4C[C@H]4c4ccc(F)c(F)c4)nn3)ccc21,7.8
Cl.O=C(CN[C@@H]1C[C@H]1c1ccc(F)c(F)c1)Nc1ccccc1,6.19
Cl.O=C(Cc1ccccc1)n1ncc2cc(-n3cc(CN[C@@H]4C[C@H]4c4ccc(F)c(F)c4)nn3)ccc21,7.81
Cl.O=C(c1ccccc1)n1ncc2cc(-n3cc(CN[C@@H]4C[C@H]4c4ccc(F)c(F)c4)nn3)ccc21,8.12
Cl.O=S(=O)(C1CC1)n1ncc2cc(-n3cc(CN[C@@H]4C[C@H]4c4ccc(F)c(F)c4)nn3)ccc21,8.37
Cl.O=S(=O)(C1CCCCC1)n1ncc2cc(-n3cc(CN[C@@H]4C[C@H]4c4ccc(F)c(F)c4)nn3)ccc21,8.32
Cl.O=S(=O)(c1ccccc1)n1ncc2cc(-n3cc(CN[C@@H]4C[C@H]4c4ccc(F)c(F)c4)nn3)ccc21,8.01
Cl.O=c1ccc2cc(-n3cc(CN[C@@H]4C[C@H]4c4ccc(F)c(F)c4)nn3)ccc2o1,7.48
Cl.S=C(NCCCNCCCCCNCCCNC(=S)NC(c1ccccc1)c1ccccc1)NC(c1ccccc1)c1ccccc1,5.1
Cl.S=C(NCCCNCCCCCNCCCNC(=S)NCC(c1ccccc1)c1ccccc1)NCC(c1ccccc1)c1ccccc1,5.16
Cl.S=C(NCCCNCCCCCNCCCNC(=S)NCCC(c1ccccc1)c1ccccc1)NCCC(c1ccccc1)c1ccccc1,5.470000000000001
Cl.c1ccc2c(c1)C[C@@H]1[C@@H](NCC3CCNCC3)[C@H]21,7.12
Cl.c1ccc2c(c1)C[C@@H]1[C@H](NCC3CCNCC3)[C@H]21,7.68
Clc1cc(Cl)cc(CN[C@H]2C[C@@H]2c2ccccc2)c1,6.91
Clc1cc(Cl)cc(OCCN2CCC(N[C@@H]3C[C@H]3c3ccccc3)CC2)c1,8.15
Clc1cc2c(cc1Cl)C1(CC2)CC1NCC1CCNCC1,6.93
Clc1ccc(-c2ccc(C3C[C@@H]3NCCC3CCCCC3)cc2)cc1,7.3
Clc1ccc(-c2ccc([C@H]3C[C@@H]3NCCC3CCOCC3)cc2)cc1,6.395
Clc1ccc(C2CN(c3ccccc3)N=C2c2ccco2)cc1,4.18
Clc1ccc(CN[C@@H]2C[C@H]2c2ccccc2)cc1,7.02
Clc1ccc(CN[C@H]2CC2c2ccccc2)cn1,6.39
Clc1ccc(CN[C@H]2C[C@@H]2c2ccccc2)c(Cl)c1,6.69
Clc1ccc(CN[C@H]2C[C@@H]2c2ccccc2)cc1,7.0649999999999995
Clc1ccc(OCCN2CC(CN[C@@H]3C[C@H]3c3ccccc3)C2)c(Cl)c1,8.4
Clc1ccc(OCCN2CCC(N[C@@H]3C[C@H]3c3ccccc3)CC2)c(Cl)c1,8.1
Clc1ccc2c(c1)C(N[C@H]1CC1c1ccccc1)CC2,6.26
Clc1ccc2c(c1)C1(CC2)CC1NCC1CCNCC1,7.279999999999999
Clc1ccc2c(c1)C1(CC2)CC1NCCC1CNC1,7.375
Clc1ccc2c(c1)C1(CCC2)CC1NCC1CCNCC1,6.27
Clc1ccc2c(c1)CCC21CC1NCC1CCNCC1,7.355
Clc1ccc2c(c1)CCCC21CC1NCC1CCNCC1,6.255
Clc1ccc2oc(C3(CN[C@H]4CC4c4ccccc4)CC3)nc2c1,7.12
Clc1cccc2c1CCC21CC1NCC1CCNCC1,7.09
Clc1ccccc1CN[C@H]1C[C@@H]1c1ccccc1,6.98
Clc1ncccc1CN[C@H]1CC1c1ccccc1,7.05
Cn1c(-c2nc(-c3ccccc3)c[nH]2)cc2sccc21,4.52
Cn1c(-c2nc(C3CC3)c[nH]2)cc2sccc21,5.65
Cn1c(-c2nc(C3CCC3)c[nH]2)cc2sccc21,5.99
Cn1c(-c2nc(C3CCC3)cn2CCCc2ccc(OC3CCCNCC3)cc2)cc2sccc21,9.8
Cn1c(-c2nc(C3CCC3)cn2CCCc2ccc(OC3CCNCC3)cc2)cc2sccc21,10.0
Cn1c(-c2nc(C3CCC3)cn2CCCc2ccc(OCC3CCNC3)cc2)cc2sccc21,9.42
Cn1c(-c2nc(C3CCC3)cn2CCCc2ccc(OCC3CCNCC3)cc2)cc2sccc21,9.6
Cn1c(-c2nc(C3CCC3)cn2CCOc2ccc(OC3CCCNCC3)cc2)cc2sccc21,9.68
Cn1c(-c2nc(C3CCC3)cn2CCOc2ccc(OC3CCNCC3)cc2)cc2sccc21,9.72
Cn1c(=O)oc2cc(-c3c(-c4ccc(C#N)cc4)nc(OC[C@@H]4CCCN(CC(C)(C)O)C4)n4ccnc34)ccc21,6.56
Cn1c(=O)oc2cc(-c3c(-c4ccc(C#N)cc4)nc(OC[C@@H]4CCCN(CCC#N)C4)c4nccn34)ccc21,6.56
Cn1c(=O)oc2cc(-c3ccc(C(=O)N4CC[C@H](N)C4)cc3-c3ccc(C#N)c(F)c3)ccc21,8.7
Cn1c(=O)sc2cc(-c3ccc(C(=O)N4C5CCC4CC(N)C5)cc3-c3ccc(C#N)c(F)c3)ccc21,9.04
Cn1c(=O)sc2cc(-c3ccc(C(=O)N4CC[C@H](N)C4)cc3-c3ccc(C#N)c(F)c3)c(F)cc21,9.6
Cn1c(=O)sc2cc(-c3ccc(C(=O)N4CC[C@H](N)C4)cc3-c3ccc(C#N)c(F)c3)ccc21,9.05
Cn1c(C(=O)CC(=O)Nc2cccc3c2CCCN3Cc2ccc(OC3CCNCC3)cc2)cc2ccccc21,6.09
Cn1c(C(=O)Nc2cccc3c2CCCN3Cc2ccc(OC3CCNCC3)cc2)cc2sccc21,6.72
Cn1c(C(=O)Nc2cccc3c2CCCN3Cc2ccc(OC3CCNCC3)cc2[N+](=O)[O-])cc2sccc21,6.34
Cn1c(C(=O)Nc2cccc3c2N(Cc2ccc(OC4CCNC4)cc2)CCC3)cc2sccc21,7.33
Cn1c(C(=O)Nc2cccc3c2N(Cc2ccc(OC4CCNCC4)cc2)CCC3)cc2cc(Cl)ccc21,7.79
Cn1c(C(=O)Nc2cccc3c2N(Cc2ccc(OC4CCNCC4)cc2)CCC3)cc2cc(F)ccc21,9.27
Cn1c(C(=O)Nc2cccc3c2N(Cc2ccc(OC4CCNCC4)cc2)CCC3)cc2ccc(Cl)cc21,8.95
Cn1c(C(=O)Nc2cccc3c2N(Cc2ccc(OC4CCNCC4)cc2)CCC3)cc2ccccc21,10.3
Cn1c(C(=O)Nc2cccc3c2N(Cc2ccc(OC4CCNCC4)cc2)CCC3)cc2sccc21,7.44
Cn1c(C(=O)Nc2cccc3c2N(Cc2ccc(OC4CC[N+](C)(C)CC4)cc2)CCC3)cc2sccc21,8.08
Cn1c(C(=O)Nc2cccc3c2N(Cc2ccc(OCC4CCNCC4)cc2)CCC3)cc2sccc21,7.42
Cn1c(C(=O)Nc2cccc3c2N(Cc2ccc(OCC4CCOCC4)cc2)CCC3)cc2sccc21,6.13
Cn1c(C(=O)Nc2cccc3c2N(Cc2ccc(OCC4CC[N+](C)(C)CC4)cc2)CCC3)cc2sccc21,7.76
Cn1c(C(=O)Nc2cccc3c2N(Cc2ccc(OCCCN)cc2)CCC3)cc2sccc21,7.33
Cn1c(C(=O)Nc2cccc3c2N(Cc2ccc(OC[C@@H]4CCNC4)cc2)CCC3)cc2sccc21,7.09
Cn1c(C(=O)Nc2cccc3c2N(Cc2ccc(OC[C@H]4CCNC4)cc2)CCC3)cc2sccc21,6.83
Cn1c(C(=O)Nc2cccc3c2N(Cc2ccc(O[C@H]4CC[C@@H](N)CC4)cc2)CCC3)cc2sccc21,7.42
Cn1c(C(=O)Nc2cccc3c2N(Cc2ccc(O[C@H]4CC[C@H](N(C)C)CC4)cc2)CCC3)cc2sccc21,7.44
Cn1c(C(=O)Nc2cccc3c2N(Cc2ccc(O[C@H]4CC[C@H](N)CC4)cc2)CCC3)cc2sccc21,7.44
Cn1c(C(=O)Nc2ccccc2)cc2sccc21,4.59
Cn1c(CN2CC[C@H](N)C2)cc2c(-c3ccc(C#N)c(F)c3)c(-c3ccc(OC(F)(F)F)cc3)ncc21,5.88
Cn1c(CN2CC[C@H](N)C2)cc2c(-c3ccc(C#N)c(F)c3)c(-c3ccc4c(c3)CC4)ncc21,8.74
Cn1c(CN2CC[C@H](N)C2)cc2c(-c3ccc(C#N)c(F)c3)c(-c3ccc4c(c3)CCC4)ncc21,7.65
Cn1c(CN2CC[C@H](N)C2)cc2c(-c3ccc(C#N)c(F)c3)c(-c3ccc4c(c3)OCO4)ncc21,7.27
Cn1c(CN2CC[C@H](N)C2)cc2c(-c3ccc(C#N)c(F)c3)c(-c3cccc(F)c3)ncc21,6.76
Cn1c(CN[C@H]2C[C@@H]2c2ccccc2)cc2ccccc21,7.16
Cn1c(N2CCC(N)CC2)nc(-c2ccc(C#N)c(F)c2)c(-c2ccc(C(=O)O)cc2)c1=O,6.26
Cn1c(N2CCC(N)CC2)nc(-c2ccc(C#N)c(F)c2)c(-c2ccc3c(c2)CNC3=O)c1=O,6.26
Cn1c(N2CCC(N)CC2)nc(-c2ccc(C#N)c(F)c2)c(-c2cccc(C(=O)O)c2)c1=O,5.26
Cn1c(N2CCC(N)CC2)nc(-c2ccc(C#N)c(F)c2)c(C#N)c1=O,6.26
Cn1c(N2CCC(N)CC2)nc(-c2ccc(C#N)c(F)c2)c(Cl)c1=O,6.26
Cn1c(N2CCC(N)CC2)nc(-c2ccc(C#N)c(F)c2)cc1=O,6.26
Cn1c(N2CCC(N)CC2)nc(-c2ccc(C#N)cc2)c(-c2ccc(C(N)=O)c(F)c2)c1=O,6.26
Cn1c(N2CCC(N)CC2)nc(-c2ccc(F)cc2)c(-c2ccc3c(ccn3C)c2)c1=O,6.26
Cn1c(N2CCC(N)CC2)nc(-c2ccncc2)c(-c2ccc3c(ccn3C)c2)c1=O,6.26
Cn1cc(-c2ccc(C#N)c(F)c2)nc(N2CCC(N)CC2)c1=O,6.26
Cn1cc(-c2ccc(C3CC3NCC3CCN(CCCc4ccc(C(=O)NO)cc4)CC3)cc2)cn1,7.37
Cn1cc(-c2ccc(C3CC3NCC3CCN(Cc4ccc(C(=O)NO)cc4)CC3)cc2)ccc1=O,7.47
Cn1cc(-c2ccc(C3CC3NCC3CCN(Cc4ccc(C(=O)Nc5ccccc5N)cc4)CC3)cc2)ccc1=O,7.52
Cn1cc(-c2ccc(C3CC3NCC3CCN(Cc4ccc(C(=O)Nc5ccccc5N)cc4)CC3)cc2)cn1,7.92
Cn1cc(-c2ccc(C3CC3NCC3CN(C(=O)/C=C/c4ccc(C(=O)NO)cc4)C3)cc2)cn1,7.72
Cn1cc(-c2ccc(C3CC3NCC3CN(CCCc4ccc(C(=O)NO)cc4)C3)cc2)cn1,7.51
Cn1cc(-c2ccc(S(=O)(=O)n3ccc(/C=C/C(=O)Nc4ccccc4N)c3)cc2)cn1,6.22
Cn1cc(-c2ccc([C@H]3C[C@@H]3NCC3CCN(CCCc4ccc(C(=O)NO)cc4)CC3)cc2)cn1,7.37
Cn1cc(-c2ccc3c(c2)C2(CC3)CC2N)cn1,4.615
Cn1cc(-c2ccc3c(c2)C2(CC3)CC2NCC2CCNCC2)cn1,7.105
Cn1cc(-c2ccc3c(c2)C2(CC3)CC2NCC2CCOCC2)cn1,6.550000000000001
Cn1cc(-c2ccc3c(c2)C2(CC3)CC2NC[C@H]2CC[C@H](NC(=O)OC(C)(C)C)CC2)cn1,6.35
Cn1cc(-c2ccc3c(c2)CCCC32CC2N)cn1,5.0
Cn1cc(C(=O)N2CC(CC#N)(N3CCC(N[C@@H]4CC4c4ccccc4)CC3)C2)cn1,7.52
Cn1cc(C(=O)Nc2ccc([C@@H]3C[C@H]3NCC3CC3)cc2)cn1,8.05
Cn1cc(C(=O)Nc2cccc3c2N(Cc2ccc(OC4CCNCC4)cc2)CCC3)c2ccccc21,8.34
Cn1cc(C(=O)O)c2cc(-c3ccc(C(=O)N4[C@@H]5CC[C@H]4[C@@H](N)C5)cc3-c3ccc(C#N)c(F)c3)c(F)cc21,8.940000000000001
Cn1cc(CC(N)=O)c2cc(-c3ccc(C(=O)N4[C@@H]5CC[C@H]4[C@@H](N)C5)cc3-c3ccc(C#N)c(F)c3)c(F)cc21,9.41
Cn1cc(CNC2CC23CCc2ccccc23)cn1,7.175
Cn1cc(N2CC(CC#N)(N3CCC(N[C@@H]4CC4c4ccccc4)CC3)C2)cn1,7.52
Cn1cc(NC(=O)c2cc(C3CC3NC3CCC(F)(F)CC3)ccc2F)cn1,6.44
Cn1cc(NC(=O)c2cc(C3CC3NC3CCC3)ccc2F)cn1,6.23
Cn1cc(NC(=O)c2cc(C3CC3NCC3CC3)ccc2F)cn1,6.46
Cn1cc(NC(=O)c2cc(C3C[C@@H]3NC3CCC3)cs2)cn1,7.0
Cn1cc(NC(=O)c2cc([C@@H]3C[C@H]3NCC3CC3)cs2)cn1,6.75
Cn1cc(NC(=O)c2cc([C@H]3C[C@@H]3NC3CCC3)cs2)cn1,7.0
Cn1cc(NC(=O)c2ccc(F)c(C3CC3NC3CCC3)c2)cn1,6.96
Cn1cc(NC(=O)c2cccc(C3CC3N(C3CCC3)C3CCC3)c2)cn1,5.02
Cn1cc(NC(=O)c2cccc(C3CC3N)c2)cn1,5.62
Cn1cc(NC(=O)c2cccc(C3CC3NC3CCC(F)(F)CC3)c2)cn1,6.72
Cn1cc(NC(=O)c2cccc(C3CC3NC3CCC3)c2)cn1,6.68
Cn1cc(NC(=O)c2cccc(C3CC3NC3CCCC3)c2)cn1,6.64
Cn1cc(NC(=O)c2cccc(C3CC3NC3CCN(CC(F)(F)F)CC3)c2)cn1,6.48
Cn1cc(NC(=O)c2cccc(C3CC3NCC(C)(C)C)c2)cn1,6.85
Cn1cc(NC(=O)c2cccc(C3CC3NCC3CC3)c2)cn1,6.51
Cn1cc(S(=O)(=O)N2CC(CC#N)(N3CCC(N[C@@H]4CC4c4ccccc4)CC3)C2)cn1,7.52
Cn1cc2c(n1)CN(C(=O)[C@H](CCCN[C@@H]1C[C@H]1c1ccc(F)cc1)NC(=O)c1ccc(C#N)cc1)C2,4.3
Cn1cc2cc(-c3ccc(C(=O)N4C5CCC4CC(N)C5)cc3-c3ccc(C#N)cc3)ccc2n1,8.03
Cn1cc2cc(-c3ccc(C(=O)N4CCCC4)cc3-c3ccc(C#N)c(F)c3)ccc2n1,7.69
Cn1cc2cc(-c3ccc(C(=O)N4CC[C@H](N)C4)cc3-c3ccc(C#N)c(F)c3)ccc2n1,7.69
Cn1cc2cc(-c3cnc(N4C5CCC4CC(N)C5)nc3-c3ccc(C#N)cc3)ccc2n1,6.17
Cn1cc2cc(-c3cnc4c(ccn4C[C@@H]4CCNC4)c3-c3ccc(C#N)c(F)c3)ccc2n1,7.31
Cn1cc2cc(-c3cnc4c(ccn4C[C@@H]4CCNC4)c3-c3ccc(C#N)cc3)ccc2n1,7.21
Cn1cc2cc(-c3ncc4c(cc(CN5CC[C@H](N)C5)n4C)c3-c3ccc(C#N)c(F)c3)ccc2n1,6.17
Cn1cc2cc(-c3ncc4c(ccn4C4CCNCC4)c3-c3ccc(C#N)cc3)ccc2n1,6.35
Cn1cc2cc(-c3ncc4c(ccn4CC4CCNCC4)c3-c3ccc(C#N)cc3)ccc2n1,7.29
Cn1cc2cc(-c3ncc4c(ccn4CC4CCOCC4)c3-c3ccc(C#N)cc3)ccc2n1,4.7
Cn1cc2cc(-c3ncc4c(ccn4CC4CNC4)c3-c3ccc(C#N)cc3)ccc2n1,7.02
Cn1cc2cc(-c3ncc4c(ccn4C[C@@H]4CCNC4)c3-c3ccc(C#N)c(F)c3)ccc2n1,8.15
Cn1cc2cc(-c3ncc4c(ccn4C[C@@H]4CCNC4)c3-c3ccc(C#N)cc3)ccc2n1,7.6
Cn1cc2cc(-c3ncc4c(ccn4C[C@H]4CCNC4)c3-c3ccc(C#N)c(F)c3)ccc2n1,8.15
Cn1cc2cc(-c3ncc4c(cnn4C[C@@H]4CCNC4)c3-c3ccc(C#N)cc3)ccc2n1,4.7
Cn1cc2cc(-c3ncc4nn(C[C@@H]5CCNC5)cc4c3-c3ccc(C#N)cc3)ccc2n1,5.63
Cn1cc2cc(N(CC(=O)N3CCC[C@@H](N)C3)S(=O)(=O)c3ccc(C#N)cc3)ccc2n1,4.77
Cn1cc2ccc(-c3ncc4c(ccn4C[C@@H]4CCNC4)c3-c3ccc(C#N)c(F)c3)cc2n1,7.58
Cn1cc2nc(-c3cnc(N4CCC(N)CC4)nc3-c3ccc(C#N)cc3)ncc2n1,6.26
Cn1ccc(-c2ccc(C3CC3NCC3CCN(CCCc4ccc(C(=O)NO)cc4)CC3)cc2)cc1=O,7.68
Cn1ccc(-c2ccc([C@H]3C[C@@H]3NCC3CCN(CCCc4ccc(C(=O)NO)cc4)CC3)cc2)cc1=O,7.68
Cn1ccc(CNC2CC23CCc2ccccc23)n1,7.18
Cn1ccc(OCCN2CCC(N[C@@H]3C[C@H]3c3ccccc3)CC2)n1,7.62
Cn1ccc2c(C(=O)Nc3cccc4c3N(Cc3ccc(OC5CCNCC5)cc3)CCC4)cccc21,8.41
Cn1ccc2cc(-c3ccc(C(=O)N4C5CCC4CC(N)C5)cc3-c3ccc(C#N)c(F)c3)c(F)cc21,9.92
Cn1ccc2cc(-c3ccc(C(=O)N4C5CCC4CC(N)C5)cc3-c3ccc(C#N)c(F)c3)ccc21,9.4
Cn1ccc2cc(-c3ccc(C(=O)N4C5CCCC4(N)CC5)cc3-c3ccc(C#N)c(F)c3)c(F)cc21,9.74
Cn1ccc2cc(-c3ccc(C(=O)N4CC[C@H](N)C4)cc3-c3ccc(C#N)c(F)c3)c(F)cc21,9.68
Cn1ccc2cc(-c3ncc4c(ccn4CC4CCNCC4)c3-c3ccc(C#N)cc3)ccc21,8.17
Cn1ccc2cc(-c3ncc4c(ccn4CC4CCNCC4)c3-c3ccc(C#N)cc3)cnc21,8.29
Cn1ccc2cc(-n3nc(C(=O)N4CCC[C@@H](N)C4)cc3-c3ccc(C#N)cc3)cnc21,6.42
Cn1ccc2cc(C(=O)Nc3cccc4c3N(Cc3ccc(OC5CCNCC5)cc3)CCC4)ccc21,7.59
Cn1ccc2cccc(C(=O)Nc3cccc4c3N(Cc3ccc(OC5CCNCC5)cc3)CCC4)c21,8.35
Cn1cnc(COc2cc(C(=O)N3CCC[C@@H](N)C3)nn2-c2ccc(C#N)cc2)n1,6.52
Cn1cnc2cc(-c3ccc(C(=O)N4C5CCC4CC(N)C5)cc3-c3ccc(C#N)c(F)c3)c(F)c(F)c21,9.39
Cn1cnc2cc(-c3ccc(C(=O)N4C5CCC4CC(N)C5)cc3-c3ccc(C#N)c(F)c3)c(F)cc21,9.54
Cn1cnc2cc(-c3ccc(C(=O)N4CC[C@H](N)C4)cc3-c3ccc(C#N)c(F)c3)c(F)c(F)c21,9.2
Cn1cnc2cc(-c3ccc(C(=O)N4CC[C@H](N)C4)cc3-c3ccc(C#N)c(F)c3)c(F)cc21,9.12
Cn1cnc2cc(-c3ccc(C(=O)N4CC[C@H](N)C4)cc3-c3ccc(C#N)c(F)c3)ccc21,8.31
Cn1cnc2cc(-c3ncc4c(cc(CN5CC[C@H](N)C5)n4C)c3-c3ccc(C#N)c(F)c3)ccc21,6.52
Cn1cnc2cc(-c3ncc4c(ccn4CC4CCNCC4)c3-c3ccc(C#N)cc3)ccc21,7.81
Cn1cnc2cc(-c3ncc4c(ccn4C[C@@H]4CCNC4)c3-c3ccc(C#N)c(F)c3)ccc21,7.72
Cn1nc(-c2cccs2)cc1NC(=O)c1cccc(C2CC2NCC2CC2)c1,6.96
Cn1nc(C(=O)NC2CCC(F)(F)CC2)cc1C1CC1N,5.77
Cn1nc(C(=O)NC2CCC(F)(F)CC2)cc1C1CC1NCC1CC1,6.54
Cn1nc(C(=O)Nc2cccc3c2N(Cc2ccc(OC4CCNCC4)cc2)CCC3)c2ccccc21,9.01
Cn1nc(C(C)(C)C)cc1NC(=O)c1cccc(C2CC2NCC2CC2)c1,6.42
Cn1ncc2c(F)c(-c3ccc(C(=O)N4C5CCC4CC(N)C5)cc3-c3ccc(C#N)c(F)c3)ccc21,9.33
Cn1ncc2cc(-c3c(-c4ccc(C#N)cc4)nc(OC[C@@H]4CCCN(CC(C)(C)O)C4)c4cncn34)cnc21,7.12
Cn1ncc2cc(-c3c(-c4ccc(C#N)cc4)nc(OC[C@@H]4CCCN(CC(C)(C)O)C4)n4ccnc34)cnc21,6.56
Cn1ncc2cc(-c3cc4occ(CNC5CCNC5)c4cc3-c3ccc(C#N)cc3)ccc21,6.83
Cn1ncc2cc(-c3ccc(C(=O)N4C5CCC4CC(N)C5)cc3-c3ccc(C#N)c(F)c3)c(F)cc21,9.54
Cn1ncc2cc(-c3ccc(C(=O)N4C5CCCC4(N)CC5)cc3-c3ccc(C#N)c(F)c3)c(F)cc21,9.44
Cn1ncc2cc(-c3ccc(C(=O)N4CC[C@H](N)C4)cc3-c3ccc(C#N)c(F)c3)c(F)cc21,9.52
Cn1ncc2cc(-c3ccc(C(=O)N4CC[C@H](N)C4)cc3-c3ccc(C#N)c(F)c3)ccc21,8.56
Cn1ncc2cc(-c3ccc(C(=O)N4CC[C@H](N)C4)cc3-c3ccc(C#N)c(F)c3)cnc21,7.85
Cn1ncc2cc(-c3cn(CC(=O)N4CCC[C@@H](N)C4)nc3-c3ccc(C#N)c(F)c3)ccc21,6.46
Cn1ncc2cc(-c3ncc4[nH]ccc4c3-c3ccc(C#N)cc3)ccc21,5.43
Cn1ncc2cc(-c3ncc4c(ccn4C4CCCNCC4)c3-c3ccc(C#N)cc3)ccc21,6.84
Cn1ncc2cc(-c3ncc4c(ccn4CC4(C)CCNCC4)c3-c3ccc(C#N)c(F)c3)ccc21,8.51
Cn1ncc2cc(-c3ncc4c(ccn4CC4(C)CCNCC4)c3-c3ccc(C#N)cc3)ccc21,8.325
Cn1ncc2cc(-c3ncc4c(ccn4CC4(F)CCNCC4)c3-c3ccc(C#N)c(F)c3)ccc21,6.84
Cn1ncc2cc(-c3ncc4c(ccn4CC4(O)CCNCC4)c3-c3ccc(C#N)c(F)c3)ccc21,7.07
Cn1ncc2cc(-c3ncc4c(ccn4CC4CC5CCC(C4)N5)c3-c3ccc(C#N)cc3)ccc21,8.28
Cn1ncc2cc(-c3ncc4c(ccn4CC4CCCNCC4)c3-c3ccc(C#N)c(F)c3)ccc21,8.66
Cn1ncc2cc(-c3ncc4c(ccn4CC4CCCNCC4)c3-c3ccc(C#N)cc3)ccc21,8.4
Cn1ncc2cc(-c3ncc4c(ccn4CC4CCN(CCO)CC4)c3-c3ccc(C#N)c(F)c3)ccc21,7.79
Cn1ncc2cc(-c3ncc4c(ccn4CC4CCN(CCO)CC4)c3-c3ccc(C#N)cc3)ccc21,7.84
Cn1ncc2cc(-c3ncc4c(ccn4CC4CCNCC4)c3-c3ccc(C#N)c(F)c3)ccc21,8.185
Cn1ncc2cc(-c3ncc4c(ccn4CC4CCNCC4)c3-c3ccc(C#N)cc3)ccc21,8.004999999999999
Cn1ncc2cc(-c3ncc4c(ccn4CC4CCNCC4)c3-c3ccc(C#N)cc3F)ccc21,7.59
Cn1ncc2cc(-c3ncc4c(ccn4CC4CCNCC4)c3-c3ccc(C(N)=O)cc3)ccc21,5.2
Cn1ncc2cc(-c3ncc4c(ccn4CC4CNCCO4)c3-c3ccc(C#N)c(F)c3)ccc21,6.42
Cn1ncc2cc(-c3ncc4c(ccn4CCCCN)c3-c3ccc(C#N)cc3)ccc21,7.9
Cn1ncc2cc(-c3ncc4c(ccn4CCCN)c3-c3ccc(C#N)c(F)c3)ccc21,7.74
Cn1ncc2cc(-c3ncc4c(ccn4CCCN)c3-c3ccc(C#N)cc3)ccc21,7.545
Cn1ncc2cc(-c3ncc4c(ccn4CCN)c3-c3ccc(C#N)c(F)c3)ccc21,6.61
Cn1ncc2cc(-c3ncc4c(ccn4CC[C@@H]4CCCN4)c3-c3ccc(C#N)c(F)c3)ccc21,7.11
Cn1ncc2cc(-c3ncc4c(ccn4C[C@@H]4CCCN(CCO)C4)c3-c3ccc(C#N)c(F)c3)ccc21,6.98
Cn1ncc2cc(-c3ncc4c(ccn4C[C@@H]4CCCNC4)c3-c3ccc(C#N)c(F)c3)ccc21,8.21
Cn1ncc2cc(-c3ncc4c(ccn4C[C@@H]4CCNC4)c3-c3ccc(C#N)c(C(F)(F)F)c3)ccc21,5.04
Cn1ncc2cc(-c3ncc4c(ccn4C[C@@H]4CCNC4)c3-c3ccc(C#N)c(F)c3)ccc21,8.325
Cn1ncc2cc(-c3ncc4c(ccn4C[C@@H]4CCNC4)c3-c3ccc(C#N)cc3)ccc21,7.75
Cn1ncc2cc(-c3ncc4c(ccn4C[C@@H]4CCNC4)c3-c3ccc(C#N)cc3F)ccc21,7.68
Cn1ncc2cc(-c3ncc4c(ccn4C[C@@H]4CCNC4)c3-c3cccc(F)c3)ccc21,6.81
Cn1ncc2cc(-c3ncc4c(ccn4C[C@H]4CCNC4)c3-c3ccc(C#N)c(F)c3)ccc21,8.7
Cn1ncc2cc(-c3ncc4c(ncn4C[C@@H]4CCNC4)c3-c3ccc(C#N)c(F)c3)ccc21,7.84
Cn1ncc2cc(CN(CC(=O)N3CCC(N)CC3)c3ccc(C#N)cc3)ccc21,6.529999999999999
Cn1ncc2cc([C@@H]3CN(C(=O)[C@H]4CC[C@@H](N)CC4)C[C@H]3c3ccc(C#N)cc3)ccc21,5.845000000000001
Cn1ncc2cc([C@@H]3CN(C(=O)[C@H]4CC[C@H](CN)CC4)C[C@H]3c3ccc(C#N)cc3)ccc21,7.0
Cn1ncc2cc([C@@H]3CN(C(=O)[C@H]4CC[C@H](N)CC4)C[C@H]3c3ccc(C#N)cc3)ccc21,5.585
Cn1ncc2cc([C@@H]3CN(C(=O)c4ccc(CN)cc4)C[C@H]3c3ccc(C#N)cc3)ccc21,5.53
Cn1ncc2ccc(-c3ncc4c(ccn4C[C@@H]4CCNC4)c3-c3ccc(C#N)c(F)c3)cc21,6.78
Cn1ncc2ccc(-n3nc(C(=O)N4CCC[C@@H](N)C4)cc3-c3ccc(C#N)cc3)cc21,6.9
Cn1ncc2nc(-c3cnc(N4CCC(N)CC4)nc3-c3ccc(C#N)cc3)ncc21,6.26
Cn1nccc1-c1cncc(S(=O)(=O)Nc2nc(-c3ccc(Cl)cc3)cs2)c1,4.44
Cn1nccc1C(=O)N1CC(CC#N)(N2CCC(N[C@@H]3CC3c3ccccc3)CC2)C1,7.52
Cn1ncnc1COc1cc(C(=O)N2CCC[C@@H](N)C2)nn1-c1ccc(C#N)cc1,6.04
Cn1nnc2cc(-c3ccc(C(=O)N4C5CCC4CC(N)C5)cc3-c3ccc(C#N)c(F)c3)c(F)c(F)c21,9.42
Cn1nnc2cc(-c3ccc(C(=O)N4C5CCC4CC(N)C5)cc3-c3ccc(C#N)c(F)c3)c(F)cc21,9.545
Cn1nnc2cc(-c3ccc(C(=O)N4CC[C@H](N)C4)cc3-c3ccc(C#N)c(F)c3)c(F)c(F)c21,8.75
Cn1nnc2cc(-c3ccc(C(=O)N4CC[C@H](N)C4)cc3-c3ccc(C#N)c(F)c3)c(F)cc21,9.31
Cn1nnc2cc(-c3ccc(C(=O)N4CC[C@H](N)C4)cc3-c3ccc(C#N)c(F)c3)ccc21,8.43
Cn1nnc2cc(-c3ccc(C(=O)N4CC[C@H](NC5CCC5)C4)cc3-c3ccc(C#N)c(F)c3)c(F)cc21,8.52
Cn1nnc2cc(-c3ccc(C(=O)N4[C@@H]5CC[C@H]4[C@@H](N)C5)cc3-c3ccc(C#N)c(F)c3)c(F)c(F)c21,9.665
Cn1nnc2cc(-c3cn(CC(=O)N4CCC[C@@H](N)C4)nc3-c3ccc(C#N)c(F)c3)ccc21,6.71
FC(F)(F)CN1CCC(N[C@H]2C[C@@H]2c2ccccc2)CC1,5.35
FC(F)(F)Cc1cc2c(N3CCC(CN[C@@H]4C[C@H]4c4ccccc4)CC3)ncnc2s1,7.07
FC(F)(F)Cc1cc2c(N3CCC(CN[C@H]4C[C@@H]4c4ccccc4)CC3)ncnc2s1,7.21
FC(F)(F)Cc1cc2c(N3CCC(N[C@@H]4C[C@H]4c4ccccc4)CC3)ncnc2s1,6.67
FC(F)(F)Cc1cc2c(N3CCC(N[C@H]4C[C@@H]4c4ccccc4)CC3)ncnc2s1,6.16
FC(F)(F)Cc1cc2c(N[C@H]3CC[C@@H](N[C@@H]4C[C@H]4c4ccccc4)CC3)ncnc2s1,6.91
FC(F)(F)Cc1cc2c(N[C@H]3CC[C@@H](N[C@H]4C[C@@H]4c4ccccc4)CC3)ncnc2s1,6.62
FC(F)(F)Cc1cc2c(N[C@H]3CC[C@H](CN[C@@H]4C[C@H]4c4ccccc4)CC3)ncnc2s1,6.96
FC(F)(F)Cc1cc2c(N[C@H]3CC[C@H](CN[C@H]4C[C@@H]4c4ccccc4)CC3)ncnc2s1,6.74
FC(F)(F)Cc1cc2c(N[C@H]3CC[C@H](N[C@@H]4C[C@H]4c4ccccc4)CC3)ncnc2s1,6.52
FC(F)(F)Cc1cc2c(N[C@H]3CC[C@H](N[C@H]4C[C@@H]4c4ccccc4)CC3)ncnc2s1,6.73
FC(F)(F)Oc1ccc(CN[C@H]2CC2c2ccccc2)cc1,5.35
FC(F)(F)c1cc(-n2cc(CN[C@@H]3C[C@H]3c3ccccc3)nn2)cc(C(F)(F)F)c1,6.55
FC(F)(F)c1ccc(-n2cc(CN[C@@H]3C[C@H]3c3ccccc3)nn2)cc1,6.88
FC(F)(F)c1ccc(CNCC2(CN[C@H]3CC3c3ccccc3)CC2)cn1,7.12
FC(F)(F)c1ccc(CN[C@H]2CC2c2ccccc2)cc1,5.55
FC(F)(F)c1ccc(CN[C@H]2CC2c2ccccc2)cn1,6.55
FC(F)(F)c1ccc(CN[C@H]2CC2c2ccccc2)nc1,5.95
FC(F)(F)c1ccc(Cn2cc(CSC(=S)N3CCNCC3)nn2)cc1,4.06
FC(F)(F)c1ccc2c(c1)C(N[C@H]1CC1c1ccccc1)CC2,6.26
FC(F)(F)c1cccc(-c2ccc([C@H]3C[C@@H]3NC3CCOCC3)cn2)c1,6.609999999999999
FC(F)(F)c1cccc(-c2ccc([C@H]3C[C@@H]3NCC3CCNCC3)cc2)c1,7.08
FC(F)(F)c1cccc(-n2cc(CN[C@@H]3C[C@H]3c3ccccc3)nn2)c1,6.96
FC1(CNC2CC2c2ccccc2)CCCCC1,7.09
FC1(CNC2CC2c2ccccc2)CCN(CCCC2CCCCC2)CC1,7.37
FC1(CNC2CC2c2ccccc2)CCN(CCCc2ccccc2)CC1,7.62
FC1(CNC2CC2c2ccccc2)CCN(Cc2ccc(-c3ccccc3)cc2)CC1,6.58
FC1(CNC2CC2c2ccccc2)CCN(Cc2ccc3ccccc3c2)CC1,7.31
FC1(CNC2CC2c2ccccc2)CCN(Cc2ccccc2)CC1,7.28
FC1(CNC2CC2c2ccccc2)CCN(Cc2ccncc2)CC1,6.52
FC1(CNC2CC2c2ccccc2)CCN(Cc2ccsc2)CC1,7.14
FC1(CNC2CC2c2ccccc2)CCNCC1,8.16
Fc1cc(Br)ccc1CN[C@H]1C[C@@H]1c1ccccc1,7.1
Fc1cc(Br)ccc1OCCN1CCC(N[C@@H]2C[C@H]2c2ccccc2)CC1,7.58
Fc1cc(F)cc(OCCN2CCC(N[C@@H]3C[C@H]3c3ccccc3)CC2)c1,8.05
Fc1ccc(C(c2ccc(F)cc2)N2CCN(c3ccc(Nc4c5ccccc5nc5ccccc45)cc3)CC2)cc1,6.15
Fc1ccc(C2CC2NC2CCNCC2)cc1F,6.9
Fc1ccc(CN[C@H]2CC2c2ccc(Oc3ccccc3)cc2)cc1,5.52
Fc1ccc(CN[C@H]2CC2c2ccccc2)cc1,6.1
Fc1ccc(CN[C@H]2C[C@@H]2c2ccccc2)cc1,6.94
Fc1ccc(CN[C@H]2C[C@@H]2c2ccccc2)cc1F,7.0
Fc1ccc(Cn2cc(CSC(=S)N3CCN(c4ncccn4)CC3)nn2)cc1,4.36
Fc1ccc(Cn2cc(CSC(=S)N3CCNCC3)nn2)cc1,4.16
Fc1ccc(OCCN2CC(CN[C@@H]3C[C@H]3c3ccccc3)C2)c(F)c1,8.22
Fc1ccc(OCCN2CCC(N[C@@H]3C[C@H]3c3ccccc3)CC2)c(F)c1,8.1
Fc1ccc([C@@H]2C[C@H]2NC2CCN(c3ncnc4sc(CC(F)(F)F)cc34)CC2)cc1F,6.62
Fc1ccc([C@@H]2C[C@H]2NCC2CCN(c3ncnc4sc(CC(F)(F)F)cc34)CC2)cc1F,6.6
Fc1ccc([C@@H]2C[C@H]2NC[C@H]2CC[C@H](Nc3ncnc4sc(CC(F)(F)F)cc34)CC2)cc1F,6.44
Fc1ccc([C@@H]2C[C@H]2NCc2cn(-c3cc(C(F)(F)F)cc(C(F)(F)F)c3)nn2)cc1F,6.18
Fc1ccc([C@@H]2C[C@H]2NCc2cn(-c3ccc(C(F)(F)F)cc3)nn2)cc1F,7.58
Fc1ccc([C@@H]2C[C@H]2NCc2cn(-c3ccc4[nH]ncc4c3)nn2)cc1F,8.08
Fc1ccc([C@@H]2C[C@H]2NCc2cn(-c3cccc(C(F)(F)F)c3)nn2)cc1F,7.0
Fc1ccc([C@@H]2C[C@H]2NCc2cn(-c3ccccc3)nn2)cc1F,7.63
Fc1ccc([C@@H]2C[C@H]2N[C@H]2CC[C@@H](Nc3ncnc4sc(CC(F)(F)F)cc34)CC2)cc1F,7.18
Fc1ccc([C@@H]2C[C@H]2N[C@H]2CC[C@H](Nc3ncnc4sc(CC(F)(F)F)cc34)CC2)cc1F,6.83
Fc1ccc2c(c1)C1(CC2)CC1NCC1CCNCC1,7.210000000000001
Fc1ccc2c(c1)C1(CCC2)CC1NCC1CCNCC1,6.445
Fc1cccc(CN[C@H]2CC2c2ccccc2)c1,5.7
Fc1cccc(CN[C@H]2C[C@@H]2c2ccccc2)c1,6.96
Fc1cccc(OCCN2CCC(N[C@@H]3C[C@H]3c3ccccc3)CC2)c1,8.05
Fc1ccccc1C1CC1NC1CCNCC1,7.42
Fc1ccccc1CNC1CC12CCc1ccccc12,8.96
Fc1ccccc1CN[C@H]1CC1c1ccccc1,5.64
Fc1ccccc1CN[C@H]1C[C@@H]1c1ccccc1,6.93
Fc1ccccc1COc1ccc([C@H]2C[C@@H]2NCC2CCNCC2)cc1,8.1
Fc1ccccc1Cn1cc(CSC(=S)N2CCN(c3ncccn3)CC2)nn1,4.4
Fc1ccccc1Cn1cc(CSC(=S)N2CCNCC2)nn1,4.76
Fc1cccnc1CN[C@H]1CC1c1ccccc1,6.26
Ic1ccccc1CN[C@H]1C[C@@H]1c1ccccc1,7.04
N#CC1(CN[C@H]2CC2c2ccccc2)CC1,6.52
N#CC1(CN[C@H]2CC2c2ccccc2)CCC1,7.12
N#CC1(F)CCN(C(=O)[C@H](CCCN[C@@H]2C[C@H]2c2ccc(F)cc2)NC(=O)c2ccc(-n3ccnn3)cc2)CC1,4.4
N#CC1(c2ccccc2)CCC(N2CC(CNC3CC3c3ccccc3)C2)CC1,7.52
N#CC1CCCN1C(=O)[C@H](CCCN[C@@H]1C[C@H]1c1ccc(F)cc1)NC(=O)c1ccc(-n2ccnn2)cc1,4.75
N#CC1CCN(C(=O)[C@H](CCCN[C@@H]2C[C@H]2c2ccc(F)cc2)NC(=O)c2ccc(-n3ccnn3)cc2)CC1,5.0
N#CC1CN(C(=O)[C@H](CCCN[C@@H]2C[C@H]2c2ccc(F)cc2)NC(=O)c2ccc(-n3cccn3)cc2)C1,5.52
N#CCC(=O)N1CCN(C(=O)[C@H](CCCN[C@@H]2C[C@H]2c2ccc(F)cc2)NC(=O)c2ccc(-c3ncccn3)cc2)CC1,4.89
N#CCC(=O)N1CCN(C(=O)[C@H](CCCN[C@@H]2C[C@H]2c2ccc(F)cc2)NC(=O)c2ccc(-n3ccnn3)cc2)CC1,5.3
N#CCC1(N2CC(CNC3CC3c3ccccc3)C2)CCC1,7.52
N#CCC1(N2CC(CNC3CC3c3ccccc3)C2)CCN(C(=O)Nc2ccc(F)cc2)CC1,7.52
N#CCC1(N2CC(CNC3CC3c3ccccc3)C2)CCN(C(=O)c2ccc(F)cc2)CC1,7.52
N#CCC1(N2CC(CNC3CC3c3ccccc3)C2)CCN(S(=O)(=O)c2ccccc2)CC1,7.52
N#CCC1(N2CC(CNC3CC3c3ccccc3)C2)CCNCC1,7.52
N#CCC1(N2CC(CNC3CC3c3ccccc3)C2)CNC1,7.52
N#CCC1(N2CCC(CNC3CC3c3ccccc3)CC2)CCC1,7.52
N#CCC1(N2CCC(CNC3CC3c3ccccc3)CC2)CN(C(=O)Nc2ccc(F)cc2F)C1,7.52
N#CCC1(N2CCC(CNC3CC3c3ccccc3)CC2)CN(C(=O)Nc2cccc(Cl)c2F)C1,7.52
N#CCC1(N2CCC(CNC3CC3c3ccccc3)CC2)CN(C(=O)c2cc(F)cc(F)c2)C1,7.52
N#CCC1(N2CCC(CNC3CC3c3ccccc3)CC2)CN(C(=O)c2ccc(F)cc2)C1,7.52
N#CCC1(N2CCC(CNC3CC3c3ccccc3)CC2)CN(C(=O)c2cccc(F)c2)C1,7.52
N#CCC1(N2CCC(CNC3CC3c3ccccc3)CC2)CN(C(=O)c2ccccc2)C1,7.52
N#CCC1(N2CCC(CNC3CC3c3ccccc3)CC2)CN(C(=O)c2ccccc2F)C1,7.52
N#CCC1(N2CCC(CNC3CC3c3ccccc3)CC2)CN(c2ccc(C#N)cc2)C1,7.52
N#CCC1(N2CCC(CNC3CC3c3ccccc3)CC2)CN(c2ccc(C(F)(F)F)cn2)C1,7.52
N#CCC1(N2CCC(CNC3CC3c3ccccc3)CC2)CN(c2cccc(Cl)c2C#N)C1,7.52
N#CCC1(N2CCC(CNC3CC3c3ccccc3)CC2)CN(c2ccccc2C#N)C1,7.52
N#CCC1(N2CCC(CNC3CC3c3ccccc3)CC2)CN(c2ncccc2C#N)C1,7.52
N#CCC1(N2CCC(CNC3CC3c3ccccc3)CC2)CN(c2ncccc2C(F)(F)F)C1,7.52
N#CCC1(N2CCC(CNC3CC3c3ccccc3)CC2)CNC1,7.52
N#CCC1(N2CCC(NC3CC3c3ccccc3)CC2)CCC1,7.52
N#CCC1(N2CCC(NC3CC3c3ccccc3)CC2)CN(C(=O)c2ccccc2)C1,7.52
N#CCC1(N2CCC(NC3CC3c3ccccc3)CC2)CN(CCC(=O)O)C1,7.52
N#CCC1(N2CCC(NC3CC3c3ccccc3)CC2)CN(Cc2ccccc2)C1,7.52
N#CCC1(N2CCC(NC3CC3c3ccccc3)CC2)CN(c2ccc(C#N)cc2)C1,7.52
N#CCC1(N2CCC(NC3CC3c3ccccc3)CC2)CN(c2ccc(C(=O)O)cc2C#N)C1,6.52
N#CCC1(N2CCC(NC3CC3c3ccccc3)CC2)CN(c2ccccc2C#N)C1,7.52
N#CCC1(N2CCC(NC3CC3c3ccccc3)CC2)CN(c2ncccc2C#N)C1,7.52
N#CCC1(N2CCC(NC3CC3c3ccccc3)CC2)CNC1,7.52
N#CCC1(N2CCC(N[C@@H]3CC3c3ccc(F)cc3)CC2)CN(C2CCC(O)CC2)C1,7.52
N#CCC1(N2CCC(N[C@@H]3CC3c3ccc(F)cc3)CC2)CN(S(N)(=O)=O)C1,7.52
N#CCC1(N2CCC(N[C@@H]3CC3c3ccccc3)CC2)CN(C(=O)C2(O)CC2)C1,7.52
N#CCC1(N2CCC(N[C@@H]3CC3c3ccccc3)CC2)CN(C(=O)C2(O)CCCC2)C1,7.52
N#CCC1(N2CCC(N[C@@H]3CC3c3ccccc3)CC2)CN(C(=O)C2CCCO2)C1,7.52
N#CCC1(N2CCC(N[C@@H]3CC3c3ccccc3)CC2)CN(C(=O)C2CCOC2)C1,7.52
N#CCC1(N2CCC(N[C@@H]3CC3c3ccccc3)CC2)CN(C(=O)Cc2ccccn2)C1,7.52
N#CCC1(N2CCC(N[C@@H]3CC3c3ccccc3)CC2)CN(C(=O)N2CC(O)C2)C1,7.52
N#CCC1(N2CCC(N[C@@H]3CC3c3ccccc3)CC2)CN(C(=O)N2CCC(O)CC2)C1,7.52
N#CCC1(N2CCC(N[C@@H]3CC3c3ccccc3)CC2)CN(C(=O)N2CCOCC2)C1,7.52
N#CCC1(N2CCC(N[C@@H]3CC3c3ccccc3)CC2)CN(C(=O)OC2CCOC2)C1,7.52
N#CCC1(N2CCC(N[C@@H]3CC3c3ccccc3)CC2)CN(C(=O)[C@@H]2CCCO2)C1,7.52
N#CCC1(N2CCC(N[C@@H]3CC3c3ccccc3)CC2)CN(C(=O)[C@@H]2CCOC2)C1,7.52
N#CCC1(N2CCC(N[C@@H]3CC3c3ccccc3)CC2)CN(C(=O)[C@H]2CCCO2)C1,7.52
N#CCC1(N2CCC(N[C@@H]3CC3c3ccccc3)CC2)CN(C(=O)[C@H]2CCOC2)C1,7.52
N#CCC1(N2CCC(N[C@@H]3CC3c3ccccc3)CC2)CN(C(=O)[C@H]2CC[C@@H](O)CC2)C1,7.52
N#CCC1(N2CCC(N[C@@H]3CC3c3ccccc3)CC2)CN(C(=O)[C@H]2CC[C@H](O)CC2)C1,7.52
N#CCC1(N2CCC(N[C@@H]3CC3c3ccccc3)CC2)CN(C(=O)c2ccn[nH]2)C1,7.52
N#CCC1(N2CCC(N[C@@H]3CC3c3ccccc3)CC2)CN(C(=O)c2ccns2)C1,7.52
N#CCC1(N2CCC(N[C@@H]3CC3c3ccccc3)CC2)CN(C(=O)c2cn[nH]c2)C1,7.52
N#CCC1(N2CCC(N[C@@H]3CC3c3ccccc3)CC2)CN(C(=O)c2cnccn2)C1,7.52
N#CCC1(N2CCC(N[C@@H]3CC3c3ccccc3)CC2)CN(C(=O)c2cncs2)C1,7.52
N#CCC1(N2CCC(N[C@@H]3CC3c3ccccc3)CC2)CN(C(=O)c2cscn2)C1,7.52
N#CCC1(N2CCC(N[C@@H]3CC3c3ccccc3)CC2)CN(C(=O)c2nccs2)C1,7.52
N#CCC1(N2CCC(N[C@@H]3CC3c3ccccc3)CC2)CN(C2CC(O)C2)C1,7.52
N#CCC1(N2CCC(N[C@@H]3CC3c3ccccc3)CC2)CN(C2CCOC2)C1,7.52
N#CCC1(N2CCC(N[C@@H]3CC3c3ccccc3)CC2)CN(C2CCOCC2)C1,7.52
N#CCC1(N2CCC(N[C@@H]3CC3c3ccccc3)CC2)CN(CC(N)=O)C1,7.52
N#CCC1(N2CCC(N[C@@H]3CC3c3ccccc3)CC2)CN(CCO)C1,7.52
N#CCC1(N2CCC(N[C@@H]3CC3c3ccccc3)CC2)CN(S(N)(=O)=O)C1,7.52
N#CCC1(N2CCC(N[C@@H]3CC3c3ccccc3)CC2)CN([C@H]2CC[C@@H](O)CC2)C1,7.52
N#CCC1(N2CCC(N[C@@H]3CC3c3ccccc3)CC2)CN([C@H]2CC[C@H](O)CC2)C1,7.52
N#CCC1(N2CCC(N[C@@H]3CC3c3ccccc3)CC2)CNC1,7.52
N#CCC1(N2CCC(N[C@H]3C[C@@H]3c3ccccc3)CC2)CNC1,7.52
N#Cc1c(Cl)nc(SCc2cn(Cc3ccccc3Cl)nn2)nc1-c1ccccc1,4.01
N#Cc1c(Nc2cccc(C(F)(F)F)c2)nc(SCc2cn(Cc3ccccc3Cl)nn2)nc1-c1ccccc1,6.39
N#Cc1cc2c(-c3cncc(N)c3Cl)cn([C@H]3CC[C@@H](O)CC3)c2cc1Cl,7.2
N#Cc1cc2c(-c3cncc(N)c3Cl)cn([C@H]3CC[C@H](O)CC3)c2cc1Cl,7.55
N#Cc1ccc(-c2c(-c3ccc(N)cc3)ncc3c2ccn3CC2CCNCC2)cc1,6.45
N#Cc1ccc(-c2c(-c3ccc4[nH]ncc4c3)ncc3c2ccn3CC2CCNCC2)cc1,7.03
N#Cc1ccc(-c2c(-c3ccc4[nH]ncc4c3)ncc3c2ccn3C[C@@H]2CCNC2)cc1F,7.05
N#Cc1ccc(-c2c(-c3ccc4c(c3)OCO4)ncc3c2ccn3CC2CCNCC2)cc1,7.69
N#Cc1ccc(-c2c(-c3ccc4nccn4c3)ncc3c2ccn3C[C@@H]2CCNC2)cc1F,6.43
N#Cc1ccc(-c2cc(=O)n(CC3CC3)c(N3CCC(N)CC3)n2)cc1F,6.26
N#Cc1ccc(-c2cc(=O)n(CCCO)c(N3CCC(N)CC3)n2)cc1F,6.26
N#Cc1ccc(-c2cc(C(=O)N3C4CCC3CC(N)C4)ccc2-c2cc3nnn(CC4(O)CCC4)c3c(C#N)c2F)cc1F,9.46
N#Cc1ccc(-c2cc(C(=O)N3C4CCC3CC(N)C4)ccc2-c2cc3nnn(CC4(O)CCC4)c3c(C(F)F)c2F)cc1F,9.52
N#Cc1ccc(-c2cc(C(=O)N3C4CCC3CC(N)C4)ccc2-c2cc3nnn(CC4(O)CCC4)c3c(Cl)c2F)cc1F,9.85
N#Cc1ccc(-c2cc(C(=O)N3C4CCC3CC(N)C4)ccc2-c2cc3nnn(CC4(O)CCC4)c3c(F)c2F)cc1F,9.62
N#Cc1ccc(-c2cc(C(=O)N3C4CCC3CC(N)C4)ccc2-c2ccc(Cl)cc2)cc1,8.66
N#Cc1ccc(-c2cc(C(=O)N3C4CCC3CC(N)C4)ccc2-c2ccc(F)cc2)cc1,8.0
N#Cc1ccc(-c2cc(C(=O)N3C4CCC3CC(N)C4)ccc2-c2ccc3c(c2)COC3)cc1F,8.5
N#Cc1ccc(-c2cc(C(=O)N3C4CCC3CC(N)C4)ccc2-c2ccc3ccccc3c2)cc1F,9.36
N#Cc1ccc(-c2cc(C(=O)N3C4CCC3CC(N)C4)ccc2-c2ccc3cccnc3c2)cc1F,8.98
N#Cc1ccc(-c2cc(C(=O)N3C4CCC3CC(N)C4)ccc2-c2ccc3cccnc3c2F)cc1F,9.29
N#Cc1ccc(-c2cc(C(=O)N3C4CCC3CC(N)C4)ccc2-c2ccc3ccncc3c2)cc1F,8.52
N#Cc1ccc(-c2cc(C(=O)N3C4CCC3CC(N)C4)ccc2-c2ccc3ncccc3c2)cc1F,8.3
N#Cc1ccc(-c2cc(C(=O)N3C4CCC3CC(N)C4)ccc2-c2ccc3nccnc3c2)cc1F,7.7
N#Cc1ccc(-c2cc(C(=O)N3C4CCC3CC(N)C4)nn2-c2ccc(N3CCCC3)cc2F)cc1F,7.48
N#Cc1ccc(-c2cc(C(=O)N3CCCC3)ccc2-c2ccc3c(c2)COC3)cc1F,8.22
N#Cc1ccc(-c2cc(C(=O)N3CCCC[C@@H](N)C3)nn2-c2ccc(C3CC3)cc2)cc1,7.31
N#Cc1ccc(-c2cc(C(=O)N3CCCC[C@@H](N)C3)nn2-c2ccc(C3CC3)cc2F)cc1F,7.55
N#Cc1ccc(-c2cc(C(=O)N3CCCC[C@@H](N)C3)nn2-c2ccc(N3CCCC3)cc2F)cc1F,7.34
N#Cc1ccc(-c2cc(C(=O)N3CCCC[C@@H](N)C3)nn2-c2ccc(N3CCCCC3)cc2F)cc1F,7.52
N#Cc1ccc(-c2cc(C(=O)N3CCC[C@@H](N)C3)ccc2OCc2cccnc2)cc1,5.6
N#Cc1ccc(-c2cc(C(=O)N3CCC[C@@H](N)C3)nn2-c2c(F)cc(C3CC3)cc2F)cc1F,7.47
N#Cc1ccc(-c2cc(C(=O)N3CCC[C@@H](N)C3)nn2-c2c(F)cc(N3CCCC3)cc2F)cc1F,7.32
N#Cc1ccc(-c2cc(C(=O)N3CCC[C@@H](N)C3)nn2-c2ccc(Br)cc2)cc1,6.71
N#Cc1ccc(-c2cc(C(=O)N3CCC[C@@H](N)C3)nn2-c2ccc(C#N)cc2)cc1,6.42
N#Cc1ccc(-c2cc(C(=O)N3CCC[C@@H](N)C3)nn2-c2ccc(C(F)(F)F)cc2)cc1,6.64
N#Cc1ccc(-c2cc(C(=O)N3CCC[C@@H](N)C3)nn2-c2ccc(C3CC3)cc2)cc1,7.24
N#Cc1ccc(-c2cc(C(=O)N3CCC[C@@H](N)C3)nn2-c2ccc(C3CC3)cc2Cl)cc1F,7.16
N#Cc1ccc(-c2cc(C(=O)N3CCC[C@@H](N)C3)nn2-c2ccc(C3CC3)cc2F)cc1,7.34
N#Cc1ccc(-c2cc(C(=O)N3CCC[C@@H](N)C3)nn2-c2ccc(C3CC3)cc2F)cc1F,7.68
N#Cc1ccc(-c2cc(C(=O)N3CCC[C@@H](N)C3)nn2-c2ccc(Cl)cc2)cc1,6.61
N#Cc1ccc(-c2cc(C(=O)N3CCC[C@@H](N)C3)nn2-c2ccc(N3CCC(F)(F)C3)cc2F)cc1F,7.26
N#Cc1ccc(-c2cc(C(=O)N3CCC[C@@H](N)C3)nn2-c2ccc(N3CCC3)cc2F)cc1,7.4
N#Cc1ccc(-c2cc(C(=O)N3CCC[C@@H](N)C3)nn2-c2ccc(N3CCCC3)cc2F)cc1,7.68
N#Cc1ccc(-c2cc(C(=O)N3CCC[C@@H](N)C3)nn2-c2ccc(N3CCCC3)cc2F)cc1F,7.55
N#Cc1ccc(-c2cc(C(=O)N3CCC[C@@H](N)C3)nn2-c2ccc(N3CCCCC3)cc2F)cc1,7.7
N#Cc1ccc(-c2cc(C(=O)N3CCC[C@@H](N)C3)nn2-c2ccc(N3CCCCC3)cc2F)cc1F,7.58
N#Cc1ccc(-c2cc(C(=O)N3CCC[C@@H](N)C3)nn2-c2ccc(N3CC[C@@H](F)C3)cc2F)cc1F,7.46
N#Cc1ccc(-c2cc(C(=O)N3CCC[C@@H](N)C3)nn2-c2ccc(N3CC[C@H](F)C3)cc2F)cc1F,7.39
N#Cc1ccc(-c2cc(C(=O)N3CCC[C@@H](N)C3)nn2-c2ccc(OC(F)(F)F)cc2)cc1,6.79
N#Cc1ccc(-c2cc(C(=O)N3CCC[C@@H](N)C3)nn2-c2ccc3c(c2)CCC3)cc1,7.34
N#Cc1ccc(-c2cc(C(=O)N3CCC[C@@H](N)C3)nn2-c2ccc3c(c2)OCCO3)cc1,6.79
N#Cc1ccc(-c2cc(C(=O)N3CCC[C@@H](N)C3)nn2-c2ccc3ncccc3c2)cc1,6.25
N#Cc1ccc(-c2cc(C(=O)N3CC[C@@H](N)C3)ccc2-c2ccc(CC3(O)CC3)cc2F)cc1,7.98
N#Cc1ccc(-c2cc(C(=O)N3CC[C@H](N)C3)ccc2-c2cc3ccn(CCO)c3cc2F)cc1F,9.14
N#Cc1ccc(-c2cc(C(=O)N3CC[C@H](N)C3)ccc2-c2cc3nnn(CC4(O)CCC4)c3c(C#N)c2F)cc1F,9.37
N#Cc1ccc(-c2cc(C(=O)N3CC[C@H](N)C3)ccc2-c2cc3nnn(CC4(O)CCC4)c3c(C(F)F)c2F)cc1F,9.43
N#Cc1ccc(-c2cc(C(=O)N3CC[C@H](N)C3)ccc2-c2cc3nnn(CC4(O)CCC4)c3c(Cl)c2F)cc1F,9.89
N#Cc1ccc(-c2cc(C(=O)N3CC[C@H](N)C3)ccc2-c2cc3nnn(CC4(O)CCC4)c3c(F)c2F)cc1F,9.64
N#Cc1ccc(-c2cc(C(=O)N3CC[C@H](N)C3)ccc2-c2ccc(Br)cc2)cc1,7.96
N#Cc1ccc(-c2cc(C(=O)N3CC[C@H](N)C3)ccc2-c2ccc(C(F)(F)F)c(F)c2)cc1,7.76
N#Cc1ccc(-c2cc(C(=O)N3CC[C@H](N)C3)ccc2-c2ccc(C(F)(F)F)cc2)cc1,7.96
N#Cc1ccc(-c2cc(C(=O)N3CC[C@H](N)C3)ccc2-c2ccc(C(F)F)cc2)cc1,7.83
N#Cc1ccc(-c2cc(C(=O)N3CC[C@H](N)C3)ccc2-c2ccc(C3(C4(O)CC4)CC3)cc2)cc1,7.76
N#Cc1ccc(-c2cc(C(=O)N3CC[C@H](N)C3)ccc2-c2ccc(C3(CO)CC3)cc2)cc1,7.96
N#Cc1ccc(-c2cc(C(=O)N3CC[C@H](N)C3)ccc2-c2ccc(CC3(O)CC3)cc2)cc1,8.17
N#Cc1ccc(-c2cc(C(=O)N3CC[C@H](N)C3)ccc2-c2ccc(CC3(O)CC3)cc2F)cc1,7.98
N#Cc1ccc(-c2cc(C(=O)N3CC[C@H](N)C3)ccc2-c2ccc(CCC3(O)CC3)cc2)cc1,8.2
N#Cc1ccc(-c2cc(C(=O)N3CC[C@H](N)C3)ccc2-c2ccc(CCCO)cc2)cc1,7.75
N#Cc1ccc(-c2cc(C(=O)N3CC[C@H](N)C3)ccc2-c2ccc(CCF)cc2)cc1,8.04
N#Cc1ccc(-c2cc(C(=O)N3CC[C@H](N)C3)ccc2-c2ccc(CCN)cc2)cc1,7.96
N#Cc1ccc(-c2cc(C(=O)N3CC[C@H](N)C3)ccc2-c2ccc(CCO)cc2)cc1,7.8
N#Cc1ccc(-c2cc(C(=O)N3CC[C@H](N)C3)ccc2-c2ccc(CCO)cc2)cc1F,8.46
N#Cc1ccc(-c2cc(C(=O)N3CC[C@H](N)C3)ccc2-c2ccc(CCO)cc2F)cc1,8.43
N#Cc1ccc(-c2cc(C(=O)N3CC[C@H](N)C3)ccc2-c2ccc(CO)cc2)cc1,7.7
N#Cc1ccc(-c2cc(C(=O)N3CC[C@H](N)C3)ccc2-c2ccc(I)cc2)cc1,8.34
N#Cc1ccc(-c2cc(C(=O)N3CC[C@H](N)C3)ccc2-c2ccc3c(c2)COC3)cc1F,8.22
N#Cc1ccc(-c2cc(C(=O)N3CC[C@H](N)C3)ccc2-c2ccc3c(c2)OCCO3)cc1F,8.02
N#Cc1ccc(-c2cc(C(=O)N3CC[C@H](N)C3)ccc2-c2ccc3c(c2)OCO3)cc1F,8.06
N#Cc1ccc(-c2cc(C(=O)N3CC[C@H](N)C3)ccc2-c2ccc3ccccc3c2)cc1,8.47
N#Cc1ccc(-c2cc(C(=O)N3CC[C@H](N)C3)ccc2-c2ccc3scnc3c2)cc1F,7.95
N#Cc1ccc(-c2cc(C(=O)N3[C@@H]4CC[C@H]3[C@@H](N)C4)ccc2-c2cc3ccn(CC(=O)O)c3cc2F)cc1F,8.16
N#Cc1ccc(-c2cc(C(=O)N3[C@@H]4CC[C@H]3[C@@H](N)C4)ccc2-c2cc3ccn(CC(N)=O)c3cc2F)cc1F,9.03
N#Cc1ccc(-c2cc(C(=O)N3[C@@H]4CC[C@H]3[C@@H](N)C4)ccc2-c2cc3nnn(CC4(O)CCC4)c3c(C#N)c2F)cc1F,9.465
N#Cc1ccc(-c2cc(C(=O)N3[C@@H]4CC[C@H]3[C@@H](N)C4)ccc2-c2cc3nnn(CC4(O)CCC4)c3c(C(F)F)c2F)cc1F,9.565
N#Cc1ccc(-c2cc(C(=O)N3[C@@H]4CC[C@H]3[C@@H](N)C4)ccc2-c2cc3nnn(CC4(O)CCC4)c3c(Cl)c2F)cc1F,9.655000000000001
N#Cc1ccc(-c2cc(C(=O)N3[C@@H]4CC[C@H]3[C@@H](N)C4)ccc2-c2cc3nnn(CC4(O)CCC4)c3c(F)c2F)cc1F,9.715
N#Cc1ccc(-c2cc(C(=O)N3[C@@H]4CC[C@H]3[C@@H](N)C4)ccc2-c2ccc(CC(=O)O)cc2F)cc1F,7.78
N#Cc1ccc(-c2cc(C(=O)N3[C@@H]4CC[C@H]3[C@@H](N)C4)ccc2-c2ccc(CC(N)=O)cc2F)cc1F,8.31
N#Cc1ccc(-c2cc(CN3[C@@H]4CC[C@H]3[C@@H](N)C4)ccc2-c2cc3nnn(CC4(O)CCC4)c3c(Cl)c2F)cc1F,10.03
N#Cc1ccc(-c2cc(OCC3CCNCC3)cnc2-c2ccc(C#N)cc2)cc1,5.4
N#Cc1ccc(-c2cc(OCC3CCNCC3)cnc2-c2ccc(C(F)(F)F)cc2)cc1,7.24
N#Cc1ccc(-c2cc(OCC3CCNCC3)cnc2-c2ccc(F)c(F)c2)cc1,6.24
N#Cc1ccc(-c2cc(OCC3CCNCC3)cnc2-c2ccc(F)cc2)cc1,6.66
N#Cc1ccc(-c2cc(OCC3CCNCC3)cnc2-c2ccc(F)cc2F)cc1,5.92
N#Cc1ccc(-c2cc(OCC3CCNCC3)cnc2-c2ccc(F)nc2)cc1,5.75
N#Cc1ccc(-c2cc(OCC3CCNCC3)cnc2-c2ccc(OC(F)(F)F)cc2)cc1,7.34
N#Cc1ccc(-c2cc(OCC3CCNCC3)cnc2-c2ccccc2)cc1,5.695
N#Cc1ccc(-c2cc(OCC3CCNCC3)cnc2-c2cccnc2)cc1,5.5
N#Cc1ccc(-c2cc(OCC3CCNCC3)cnc2-c2ccncc2)cc1,5.3
N#Cc1ccc(-c2cc(OCC3CCNCC3)cnc2-c2ccsc2)cc1,5.62
N#Cc1ccc(-c2cc(OC[C@@H]3CCNC3)c3cncn3c2-c2ccc(CN3CCOCC3)cc2)cc1,7.12
N#Cc1ccc(-c2cc(OC[C@@H]3CCNC3)c3cncn3c2-c2ccc(Cl)cc2)cc1,7.12
N#Cc1ccc(-c2cc(OC[C@@H]3CCNC3)c3cncn3c2-c2ccc(N3CCOCC3)cc2)cc1,7.12
N#Cc1ccc(-c2cc(OC[C@@H]3CCNC3)c3cncn3c2-c2cnn(C3CCC3)c2)cc1,7.12
N#Cc1ccc(-c2cc3c(C(=O)N4CCC(N)CC4)c[nH]c3cc2-c2ccc(C(F)(F)F)cc2)cc1,6.05
N#Cc1ccc(-c2cc3c(C(=O)N4CCC(N)CC4)c[nH]c3cc2-c2ccoc2)cc1,6.01
N#Cc1ccc(-c2cc3c(C(=O)N4CCC(N)CC4)c[nH]c3cc2-c2cncnc2)cc1,6.02
N#Cc1ccc(-c2cc3c(CN4CCC(N)C4)coc3cc2-c2cc(F)cc(F)c2)cc1,6.64
N#Cc1ccc(-c2cc3c(CN4CCC(N)C4)coc3cc2-c2ccc(C(F)(F)F)cc2)cc1,6.74
N#Cc1ccc(-c2cc3c(CN4CCC(N)C4)coc3cc2-c2ccc(F)cc2)cc1,6.65
N#Cc1ccc(-c2cc3c(CN4CCC(N)C4)coc3cc2-c2cccc([N+](=O)[O-])c2)cc1,6.73
N#Cc1ccc(-c2cc3c(CN4CCC[C@H](N)C4)coc3cc2-c2ccc(C(F)(F)F)cc2)cc1,6.76
N#Cc1ccc(-c2cc3c(CN4CCC[C@H](N)C4)coc3cc2-c2cccc([N+](=O)[O-])c2)cc1,6.89
N#Cc1ccc(-c2cc3c(CNC4CCNC4)coc3cc2-c2ccc(-c3ccccc3)cc2)cc1,5.83
N#Cc1ccc(-c2cc3c(CNC4CCNC4)coc3cc2-c2ccc(C(F)(F)F)cc2)cc1,6.39
N#Cc1ccc(-c2cc3c(CNC4CCNC4)coc3cc2-c2ccc3ccccc3c2)cc1,6.97
N#Cc1ccc(-c2cc3c(CNC4CCNC4)coc3cc2-c2cccc(F)c2)cc1,7.05
N#Cc1ccc(-c2cc3c(CNC4CCNC4)coc3cc2-c2ccccc2)cc1,5.68
N#Cc1ccc(-c2cc3c(CNC4CCNC4)coc3cc2-c2cncnc2)cc1,5.04
N#Cc1ccc(-c2cc3c(ccn3CC3(F)CCNC3)nc2N2CCOCC2)cc1,6.26
N#Cc1ccc(-c2cc3c(ccn3C[C@@H]3CCNC3)nc2Cl)cc1,6.26
N#Cc1ccc(-c2cc3c(ccn3C[C@@H]3CCNC3)nc2N2CCOCC2)cc1,6.26
N#Cc1ccc(-c2cc3c(ccn3C[C@H]3CCNC3)nc2Cl)cc1,6.26
N#Cc1ccc(-c2ccc(C3CC3NCC3CCN(CCCc4ccc(C(=O)NO)cc4)CC3)cc2)cc1,7.5
N#Cc1ccc(-c2ccc([C@H]3C[C@@H]3N)cn2)cc1,6.26
N#Cc1ccc(-c2ccc([C@H]3C[C@@H]3N)cn2)s1,7.3
N#Cc1ccc(-c2ccc([C@H]3C[C@@H]3NCC3CCN(CCCc4ccc(C(=O)NO)cc4)CC3)cc2)cc1,7.5
N#Cc1ccc(-c2cncc(C(=O)NCc3ccc(C(=O)NO)cc3)c2)cc1,5.47
N#Cc1ccc(-c2cncc3c2ccn3CC2CCCNCC2)cc1F,5.31
N#Cc1ccc(-c2cncc3c2ccn3C[C@@H]2CCNC2)cc1,4.85
N#Cc1ccc(-c2nc(N3CC4CNCC(C3)O4)ncc2-c2ccc(F)cc2)cc1,6.26
N#Cc1ccc(-c2nc(N3CCC(N)CC3)ncc2-c2ccc3ncnn3c2)cc1,6.26
N#Cc1ccc(-c2nc(N3CCC(N)CC3)ncc2-c2ccn3ncnc3c2)cc1,6.26
N#Cc1ccc(-c2nc(NCC3CNCCO3)ncc2-c2ccc(F)cc2)cc1,6.26
N#Cc1ccc(-c2nc(NC[C@H]3CCNC3)ncc2Cl)cc1,6.26
N#Cc1ccc(-c2nc(OCC3CCNCC3)cnc2-c2ccc(Br)cc2)cc1,6.27
N#Cc1ccc(-c2nc(OC[C@@H]3CCNC3)c3nccn3c2-c2ccc(C(F)(F)F)cc2)cc1,6.56
N#Cc1ccc(-c2nc(OC[C@@H]3CCNC3)c3nccn3c2-c2ccc(Cl)cc2)cc1,6.56
N#Cc1ccc(-c2nc(OC[C@@H]3CCNC3)c3nccn3c2-c2ccccc2)cc1,6.56
N#Cc1ccc(-c2ncc(OCC3CCNCC3)nc2-c2ccc(Br)cc2)cc1,4.78
N#Cc1ccc(-c2ncc(OCC3CCNCC3)nc2-c2ccc(C#N)cc2)cc1,5.04
N#Cc1ccc(-c2ncc3c(ccn3C[C@@H]3CCNC3)c2-c2ccc(C#N)c(F)c2)cc1F,6.18
N#Cc1ccc(-n2nc(C(=O)N3CCC[C@@H](N)C3)cc2OCC(=O)N2CCOCC2)cc1,6.25
N#Cc1ccc(-n2nc(C(=O)N3CCC[C@@H](N)C3)cc2OCC(N)=O)cc1,4.75
N#Cc1ccc(-n2nc(C(=O)N3CCC[C@@H](N)C3)cc2OCC(O)C(F)(F)F)cc1,7.3
N#Cc1ccc(-n2nc(C(=O)N3CCC[C@@H](N)C3)cc2OC[C@@H]2CCC(=O)N2)cc1,5.484999999999999
N#Cc1ccc(-n2nc(C(=O)N3CCC[C@@H](N)C3)cc2OC[C@H]2CCC(=O)N2)cc1,5.859999999999999
N#Cc1ccc(-n2nc(C(=O)N3CCC[C@@H](N)C3)cc2OCc2ccccn2)cc1,6.64
N#Cc1ccc(-n2nc(C(=O)N3CC[C@H](N)C3)cc2-c2ccc(F)cc2)cc1,6.06
N#Cc1ccc(C#Cc2ccc(C3CC3NCC3(F)CCN(C(=O)OCC4CCNCC4)CC3)s2)cc1,7.64
N#Cc1ccc(C(=O)N[C@@H](CCCNC2C[C@H]2c2ccc(F)cc2)C(=O)N2CCC(n3cccn3)CC2)cc1,5.0
N#Cc1ccc(C(=O)N[C@@H](CCCN[C@@H]2C[C@H]2c2ccc(F)cc2)C(=O)N2CC(C#N)C2)cc1,4.62
N#Cc1ccc(C(=O)N[C@@H](CCCN[C@@H]2C[C@H]2c2ccc(F)cc2)C(=O)N2CC(F)(F)C2)cc1,4.47
N#Cc1ccc(C(=O)N[C@@H](CCCN[C@@H]2C[C@H]2c2ccc(F)cc2)C(=O)N2CC3(COC3)C2)cc1,4.55
N#Cc1ccc(C(=O)N[C@@H](CCCN[C@@H]2C[C@H]2c2ccc(F)cc2)C(=O)N2CCC(F)(C(N)=O)CC2)cc1,5.4
N#Cc1ccc(C(=O)N[C@@H](CCCN[C@@H]2C[C@H]2c2ccc(F)cc2)C(=O)N2CCC(O)CC2)cc1,5.4
N#Cc1ccc(C(=O)N[C@@H](CCCN[C@@H]2C[C@H]2c2ccc(F)cc2)C(=O)N2CCC(n3cccn3)CC2)cc1,5.0
N#Cc1ccc(C(=O)N[C@@H](CCCN[C@@H]2C[C@H]2c2ccc(F)cc2)C(=O)N2CCC(n3ccnn3)CC2)cc1,4.72
N#Cc1ccc(C(=O)N[C@@H](CCCN[C@@H]2C[C@H]2c2ccc(F)cc2)C(=O)N2CCC(n3cnnc3)CC2)cc1,4.96
N#Cc1ccc(C(=O)N[C@@H](CCCN[C@@H]2C[C@H]2c2ccc(F)cc2)C(=O)N2CCC2)cc1,4.7
N#Cc1ccc(C(=O)N[C@@H](CCCN[C@@H]2C[C@H]2c2ccc(F)cc2)C(=O)N2CCC3(CCOC3)CC2)cc1,4.82
N#Cc1ccc(C(=O)N[C@@H](CCCN[C@@H]2C[C@H]2c2ccc(F)cc2)C(=O)N2CCN(CCO)CC2)cc1,5.0
N#Cc1ccc(C(=O)N[C@@H](CCCN[C@@H]2C[C@H]2c2ccc(F)cc2)C(=O)N2CCN(c3ncccn3)CC2)cc1,5.1
N#Cc1ccc(C(=O)N[C@@H](CCCN[C@@H]2C[C@H]2c2ccc(F)cc2)C(=O)N2CCN3CCC2CC3)cc1,5.3
N#Cc1ccc(C(=O)N[C@@H](CCCN[C@@H]2C[C@H]2c2ccc(F)cc2)C(=O)N2CCNC(=O)C2)cc1,5.0
N#Cc1ccc(C(=O)N[C@@H](CCCN[C@@H]2C[C@H]2c2ccc(F)cc2)C(=O)N2CCS(=O)(=O)CC2)cc1,5.52
N#Cc1ccc(CN2CCC(F)(CNC3CC3c3ccccc3)CC2)cc1,7.03
N#Cc1ccc(CN[C@H]2CC2c2ccccc2)cc1,6.48
N#Cc1ccc(N(CC(=O)N2CCC(CN)CC2)Cc2ccc(C(N)=O)cc2)cc1,6.195
N#Cc1ccc(N(CC(=O)N2CCC(CN)CC2)Cc2ccc(Cl)cc2)cc1,6.470000000000001
N#Cc1ccc(N(CC(=O)N2CCC(CN)CC2)Cc2ccc(F)cc2)cc1,6.115
N#Cc1ccc(N(CC(=O)N2CCC(CN)CC2)Cc2cccc(C(N)=O)c2)cc1,6.1899999999999995
N#Cc1ccc(N(CC(=O)N2CCC(N)CC2)Cc2ccc(C#N)c(F)c2)cc1,5.49
N#Cc1ccc(N(CC(=O)N2CCC(N)CC2)Cc2ccccc2)cc1,5.675
N#Cc1ccc(N2C(=O)NC(=O)C(=Cc3ccc(O)c(O)c3)C2=O)cc1,5.92
N#Cc1ccc(O)c(-c2ccc([C@H]3C[C@@H]3N)cc2)c1,6.26
N#Cc1ccc(O)c(-c2ccc([C@H]3C[C@@H]3N)cn2)c1,7.3
N#Cc1ccc(S(=O)(=O)Nc2cc(-c3ccc([C@H]4C[C@@H]4N)cn3)cc(C(F)(F)F)c2)cc1,7.3
N#Cc1ccc(S(=O)(=O)Nc2cccc(-c3ccc([C@H]4C[C@@H]4N)cn3)c2)cc1,7.3
N#Cc1ccc2c(c1)C1(CC2)CC1N,6.765
N#Cc1ccc2c(c1)C1(CC2)CC1NCC1CCNCC1,7.335
N#Cc1ccc2c(c1)CCCC21CC1N,5.5
N#Cc1cccc(-c2ccc(C3C[C@@H]3N)cn2)c1,7.3
N#Cc1cccc(CN[C@H]2CC2c2ccccc2)c1,6.8
N#Cc1cccc(Nc2ccc([C@H]3C[C@@H]3NC3CCC(N)CC3)cn2)c1,7.27
N#Cc1cccc(S(=O)(=O)Nc2cccc(-c3ccc([C@H]4C[C@@H]4N)cn3)c2)c1,7.3
N#Cc1ccccc1C1NCCc2cc(O)c(O)cc21.O=C(O)C(F)(F)F,5.94
N#Cc1ccccc1S(=O)(=O)Nc1cccc(-c2ccc([C@H]3CC3NC3CCC(N)CC3)cc2)c1,7.21
N#Cc1ccccc1S(=O)(=O)Nc1cccc(-c2ccc([C@H]3C[C@@H]3N)cn2)c1,7.3
N#Cc1ccccc1S(=O)(=O)Nc1cccc(-c2ccc([C@H]3C[C@@H]3NC3CCC(N)CC3)cc2)c1,7.21
N#Cc1ccccc1S(=O)(=O)Nc1cccc(-c2ncc([C@H]3C[C@@H]3N)s2)c1,7.3
N#Cc1ccccc1S(=O)(=O)Nc1cccc(-c2ncc([C@H]3C[C@@H]3NC3CCC(N)CC3)s2)c1,7.1
N/C(=N\O)c1ccc(/C=C/c2cc(O)c(O)cc2Br)cc1,6.91
N/C(=N\O)c1ccc(/C=C/c2cc(O)c(O)cc2F)cc1,6.71
N/C(=N\O)c1ccc(/C=C/c2ccc(O)c(-c3ncccn3)c2)cc1,6.04
N/C(=N\O)c1ccc(/C=C/c2ccc(O)c(F)c2)cc1,6.31
N/C(=N\O)c1ccc(/C=C/c2ccc(O)c(O)c2)cc1,6.13
N/C(=N\O)c1ccc(/C=C/c2ccc(O)cc2)cc1,6.41
N/C(=N\O)c1ccc(/C=C/c2ccnc(-c3ccccc3O)c2)cc1,6.12
N/C(=N\O)c1cccc(/C=C/c2cc(O)c(O)cc2Br)c1,6.92
N/C(=N\O)c1cccc(/C=C/c2cc(O)c(O)cc2F)c1,6.71
N/C(=N\O)c1cccc(/C=C/c2cc(O)cc(O)c2)c1,5.59
N/C(=N\O)c1cccc(/C=C/c2ccc(O)c(-c3ccccn3)c2)c1,6.14
N/C(=N\O)c1cccc(/C=C/c2ccc(O)c(-c3ncccn3)c2)c1,5.89
N/C(=N\O)c1cccc(/C=C/c2ccc(O)c(F)c2)c1,6.61
N/C(=N\O)c1cccc(/C=C/c2ccc(O)c(O)c2)c1,6.48
N/C(=N\O)c1cccc(/C=C/c2ccc(O)cc2)c1,6.68
N/C(=N\O)c1cccc(/C=C/c2ccnc(-c3cc(F)ccc3O)c2)c1,6.55
N/C(=N\O)c1cccc(/C=C/c2ccnc(-c3ccccc3O)c2)c1,6.44
N/C(=N\O)c1cccc(/C=C/c2ccncc2)c1,5.44
N/C(CC(=O)Nc1ccccc1)=N\O,4.81
N/C(CC(=O)Nc1ccccc1O)=N\O,4.78
N=C(N)c1ccc(C(=O)N2CCN(C(=O)c3cc(CN4CCN(C(=N)N)CC4)cc([N+](=O)[O-])c3)CC2)cc1,4.98
N=C(NCCCNCCCCCCCNCCCNC(=N)NC(=N)NCCC(c1ccccc1)c1ccccc1)NC(=N)NCCC(c1ccccc1)c1ccccc1,6.15
NC(=O)C1(F)CCN(C(=O)[C@H](CCCN[C@@H]2C[C@H]2c2ccc(F)cc2)NC(=O)c2ccc(-c3ncccn3)cc2)CC1,5.7
NC(=O)C1(F)CCN(C(=O)[C@H](CCCN[C@@H]2C[C@H]2c2ccc(F)cc2)NC(=O)c2ccc(-n3ccnn3)cc2)CC1,5.16
NC(=O)C1CCC(N[C@H]2C[C@@H]2c2ccc(-c3cccc(C(F)(F)F)c3)nc2)CC1,7.17
NC(=O)C1CCC(N[C@H]2C[C@@H]2c2ccc(OCc3cccc(C(F)(F)F)c3)nc2)CC1,7.17
NC(=O)C1CCN(C(=O)c2cccc(CN[C@@H]3C[C@H]3c3ccc(F)c(F)c3)c2)CC1,6.97
NC(=O)CNC(=O)c1cccc(CN[C@@H]2C[C@H]2c2ccc(F)c(F)c2)c1,6.97
NC(=O)CN[C@H]1C[C@@H]1c1ccccc1,5.52
NC(=O)N1CCC(N[C@H]2C[C@@H]2c2ccc(Br)cc2)CC1,6.98
NC(=O)c1ccc(CN[C@H]2C[C@@H]2c2ccccc2)cc1,6.71
NC(=O)c1ccc(N2CCC(Cc3nnc(CO)n3-c3ccccc3)CC2)nc1,4.23
NC(=O)c1ccc2c(c1)C1(CC2)CC1N,5.795
NC(=O)c1ccc2c(c1)CCC21CC1N,5.84
NC(=O)c1cccc(-c2ccc([C@H]3C[C@@H]3N)cn2)c1,6.26
NC(=O)c1cccc(CN[C@H]2C[C@@H]2c2ccccc2)c1,7.04
NC1(CN[C@H]2CC2c2ccccc2)CC1,7.12
NC1CC(N[C@H]2C[C@@H]2c2ccccc2)C1,7.17
NC1CC(N[C@H]2C[C@@H]2c2ccccc2)c2ccccc21,7.47
NC1CC1/C=C/c1ccccc1,6.35
NC1CC1/C=C\c1ccccc1,4.69
NC1CC12CCCCc1ccccc12,5.0
NC1CC12CCCc1cc(C(=O)O)ccc12,4.1
NC1CC12CCCc1cc(Cl)ccc12,5.949999999999999
NC1CC12CCCc1cc(OCc3ccccc3)ccc12,5.165
NC1CC12CCCc1ccc(Cl)cc12,5.99
NC1CC12CCCc1ccc(F)cc12,5.8149999999999995
NC1CC12CCNc1ccccc12,5.0
NC1CC12CCc1c(Cl)cccc12,5.195
NC1CC12CCc1cc(C(=O)N3CCCC3)ccc12,4.98
NC1CC12CCc1cc(Cl)c(Cl)cc12,6.215
NC1CC12CCc1cc(OCc3ccccc3)ccc12,5.085
NC1CC12CCc1ccc(-c3cccnc3)cc12,5.380000000000001
NC1CC12CCc1ccc(Br)cc12,7.29
NC1CC12CCc1ccc(C(=O)O)cc12,4.9350000000000005
NC1CC12CCc1ccc(Cl)cc12,7.119999999999999
NC1CC12CCc1ccc(F)cc12,6.800000000000001
NC1CC12CCc1ccccc12,6.11
NC1CC1C1=CCCCC1,5.03
NC1CC1C1=Cc2ccccc2CC1,6.1
NC1CC1c1c(F)c(F)c(F)c(F)c1F,5.05
NC1CC1c1c(F)cc(F)cc1OCc1ccccc1,6.0
NC1CC1c1cc(F)cc(F)c1OCc1ccccc1,6.21
NC1CC1c1ccc(C(=O)Nc2cn[nH]c2)cc1,6.85
NC1CC1c1ccc(F)c(C(=O)NC2CCCC2)c1,5.8
NC1CC1c1ccc(NC(=O)C(Cc2c[nH]c3ccccc23)NC(=O)COc2ccccc2)cc1,4.4
NC1CC1c1ccc(NC(=O)C(Cc2ccccc2)NC(=O)COc2ccccc2)cc1,5.89
NC1CC1c1ccc(NC(=O)C(Cc2ccccc2)NC(=O)NCc2ccccc2)cc1,4.75
NC1CC1c1ccc(NC(=O)C(Cc2ccccc2)NC(=O)OCc2ccc(Br)cc2)cc1,5.48
NC1CC1c1ccc(NC(=O)C(Cc2ccccc2)NC(=O)OCc2ccccc2)cc1,5.89
NC1CC1c1ccc(NC(=O)CCC(=O)NCCCNCCCCNCCCNC(=O)c2ccc(NC(=O)CCCCCCC(=O)NO)cc2)cc1,5.42
NC1CC1c1ccc(NC(=O)CCCc2ccccc2)cc1,6.42
NC1CC1c1ccc(NC(=O)OCc2ccccc2)cc1,5.72
NC1CC1c1ccc(NC(=O)c2ccc(-c3ccccc3)cc2)cc1,7.29
NC1CC1c1ccc(NC(=O)c2ccccc2)cc1,5.98
NC1CC1c1ccc(OCCC(NC(=O)c2ccc(O)cc2)C(=O)Nc2ccccc2)cc1,5.72
NC1CC1c1ccc(OCCCC(=O)NCc2ccccc2)cc1,5.01
NC1CC1c1ccc(OCC[C@H](NC(=O)c2ccccc2)C(=O)NCc2ccccc2)cc1,5.72
NC1CC1c1cccc(C(=O)NC2CCC(F)(F)CC2)c1,5.44
NC1CC1c1cccc(C(=O)NC2CCCC2)c1,5.64
NC1CC1c1cccc(C(=O)NC2CCN(CC(F)(F)F)CC2)c1,5.06
NC1CC1c1cccc(C(=O)NC2CCOCC2)c1,5.380000000000001
NC1CC1c1cccc(C(=O)NCc2ccccc2)c1,6.68
NC1CC1c1cccc(C(=O)Nc2ccc(-c3ncccn3)cc2)c1,6.12
NC1CC1c1cccc(C(=O)Nc2ccc(F)cc2)c1,6.13
NC1CC1c1cccc(C(=O)Nc2ccc(N3CCCC3=O)cc2)c1,6.16
NC1CC1c1cccc(C(=O)Nc2cccc(-c3ncccn3)c2)c1,6.17
NC1CC1c1cccc(C(=O)Nc2ccccc2)c1,6.68
NC1CC1c1cccc(C(=O)Nc2cnn(-c3ccc(F)cc3)c2)c1,6.6
NC1CC1c1cccc(C(=O)Nc2cnn(CC3CC3)c2)c1,6.04
NC1CC1c1cccc(F)c1OCc1ccccc1,5.355
NC1CC1c1cccc(OCCC[C@H](NC(=O)c2ccccc2)C(=O)NCc2ccccc2)c1,5.7
NC1CC1c1cccc(OCC[C@H](NC(=O)c2ccccc2)C(=O)NCc2ccccc2)c1,5.6
NC1CC1c1cccc2ccccc12,5.1
NC1CC1c1ccccc1,4.61
NC1CCC(NC2CC23CCCc2ccccc23)CC1,6.86
NC1CCC(NC2CC23CCc2ccc(Cl)cc23)CC1,7.07
NC1CCC(NC2CC23CCc2ccccc23)CC1,7.050000000000001
NC1CCC(NC2CC2c2ccc(C(F)(F)F)cc2)CC1,7.43
NC1CCC(NC2CC2c2ccc(F)c(F)c2)CC1,7.43
NC1CCC(NC2CC2c2ccc(O)cc2)CC1,5.17
NC1CCC(NC2CC2c2ccc3ccccc3c2)CC1,7.68
NC1CCC(NC2CC2c2ccccc2)CC1,7.085
NC1CCC(NC2CC2c2ccccc2F)CC1,7.46
NC1CCC(NC2C[C@@H]2c2ccc(-c3cccc(NS(=O)(=O)N4CCNCC4)c3)cc2)CC1,7.72
NC1CCC(N[C@@H]2C[C@@H]2c2ccccc2)CC1,7.28
NC1CCC(N[C@@H]2C[C@H]2c2ccccc2)CC1,7.48
NC1CCC(N[C@H]2C[C@@H]2c2ccc(-c3ccc4cc[nH]c4c3)cc2)CC1,7.57
NC1CCC(N[C@H]2C[C@@H]2c2ccc(-c3ccc4cn[nH]c4c3)cc2)CC1,7.57
NC1CCC(N[C@H]2C[C@@H]2c2ccc(-c3cccc(C(F)(F)F)c3)cc2)CC1,7.32
NC1CCC(N[C@H]2C[C@@H]2c2ccc(-c3cccc(C(F)(F)F)c3)nc2)CC1,6.595
NC1CCC(N[C@H]2C[C@@H]2c2ccc(-c3cccc(NS(=O)(=O)N4CCNCC4)c3)cc2)CC1,7.72
NC1CCC(N[C@H]2C[C@@H]2c2ccc(-c3cccc(O)c3)s2)CC1,7.39
NC1CCC(N[C@H]2C[C@@H]2c2ccc(-c3cccnc3)cc2)CC1,7.33
NC1CCC(N[C@H]2C[C@@H]2c2ccc(-c3ccn[nH]3)cc2)CC1,7.66
NC1CCC(N[C@H]2C[C@@H]2c2ccc(Br)cc2)CC1,7.29
NC1CCC(N[C@H]2C[C@@H]2c2ccc(C3CC3)cc2)CC1,7.47
NC1CCC(N[C@H]2C[C@@H]2c2ccc(OCc3cccc(N4CCNCC4)c3)cc2)CC1,7.48
NC1CCC(N[C@H]2C[C@@H]2c2ccc(OCc3ccccc3)cc2)CC1,7.4
NC1CCC(N[C@H]2C[C@@H]2c2ccc(OCc3ccccc3F)cc2)CC1,7.92
NC1CCC(N[C@H]2C[C@@H]2c2ccc(OCc3cccnc3)cc2)CC1,7.03
NC1CCC(N[C@H]2C[C@@H]2c2ccccc2)CC1,7.3
NC1CCC(N[C@H]2C[C@@H]2c2cccnc2)CC1,7.16
NC1CCC(N[C@H]2C[C@@H]2c2cnc(-c3cccc(O)c3)s2)CC1,7.5
NC1CCC(N[C@H]2C[C@@H]2c2cncs2)CC1,7.47
NC1CCC(N[C@H]2C[C@@]2(F)c2ccccc2)CC1,4.66
NC1CCC(N[C@H]2C[C@]2(F)c2ccccc2)CC1,7.35
NC1CCCC(N[C@H]2C[C@@H]2c2ccccc2)C1,7.35
NC1CCN(C(=O)c2cccc(CN[C@@H]3C[C@H]3c3ccc(F)c(F)c3)c2)CC1,6.17
NC1CCN(c2nc(C3(CN[C@@H]4C[C@H]4c4ccccc4)CC3)no2)CC1,7.12
NCC1CC(NC2CC23CCc2ccc(Cl)cc23)C1,7.32
NCC1CC(NC2CC23CCc2ccccc23)C1,7.605
NCC1CCC(N[C@H]2C[C@@H]2c2ccccc2)CC1,7.21
NCC1CCN(C(=O)c2cccc(CN[C@@H]3C[C@H]3c3ccc(F)c(F)c3)c2)CC1,6.74
NCCCCNC1CC12CCCc1ccccc12,6.525
NCCCNC1CC12CCCc1ccccc12,6.65
NNCCc1ccc(NC(=O)CCCc2ccccc2)cc1,7.23
NNCCc1ccccc1,5.22
NNc1c2c(nc3nc(SCc4ccccc4)nn13)CCC2,4.59
NS(=O)(=O)c1ccc(CN[C@H]2C[C@@H]2c2ccccc2)cc1,6.83
N[C@@H](CCc1nc(C2(CN[C@@H]3C[C@H]3c3ccccc3)CC2)no1)C(=O)O,6.52
N[C@@H](Cc1nc(C2(CN[C@@H]3C[C@H]3c3ccccc3)CC2)no1)C(=O)O,6.52
N[C@@H]1CCC[C@@H](c2nc(C3(CN[C@@H]4C[C@H]4c4ccccc4)CC3)no2)C1,7.12
N[C@@H]1CCC[C@H](c2nc(C3(CN[C@@H]4C[C@H]4c4ccccc4)CC3)no2)C1,7.12
N[C@@H]1CCN(C2CCC(N[C@H]3C[C@@H]3c3ccc(-c4cccc(C(F)(F)F)c4)cc3)CC2)C1,6.89
N[C@@H]1CCN(C2CCC(N[C@H]3C[C@@H]3c3ccccc3)CC2)C1,7.195
N[C@@H]1C[C@@H]1c1c(F)cc(Br)cc1OCc1ccccc1,5.08
N[C@@H]1C[C@@H]1c1c(F)ccc(F)c1OCc1ccccc1,5.14
N[C@@H]1C[C@@H]1c1c(F)cccc1OCc1ccccc1,4.21
N[C@@H]1C[C@@H]1c1c(OCc2ccccc2)ccc(F)c1F,5.0
N[C@@H]1C[C@@H]1c1cc(F)c(Br)c(F)c1,7.96
N[C@@H]1C[C@@H]1c1cc(F)c(Br)cc1Cl,7.89
N[C@@H]1C[C@@H]1c1cc(F)c(Br)cc1F,7.03
N[C@@H]1C[C@@H]1c1cc(F)c(Cl)cc1F,6.43
N[C@@H]1C[C@@H]1c1cc(F)ccc1F,5.47
N[C@@H]1C[C@@H]1c1ccc(Br)c(F)c1,6.18
N[C@@H]1C[C@@H]1c1ccc(Br)c(F)c1F,7.16
N[C@@H]1C[C@@H]1c1ccc(Br)c(O)c1,4.47
N[C@@H]1C[C@@H]1c1ccc(Br)cc1,5.23
N[C@@H]1C[C@@H]1c1ccc(Br)cc1C(F)(F)F,6.42
N[C@@H]1C[C@@H]1c1ccc(Br)cc1F,6.33
N[C@@H]1C[C@@H]1c1ccccc1F,4.96
N[C@@H]1C[C@@H]1c1ccccc1Oc1ccccc1,4.92
N[C@@H]1C[C@H]1c1cc(F)cc(F)c1OCc1ccccc1,6.105
N[C@@H]1C[C@H]1c1ccc(-c2cccc(O)c2)cc1,7.3
N[C@@H]1C[C@H]1c1ccc(Br)cc1,5.43
N[C@@H]1C[C@H]1c1ccc(C(=O)NCCc2ccccc2)cc1,6.4
N[C@@H]1C[C@H]1c1ccc(C(=O)NCc2ccccc2)cc1,6.52
N[C@@H]1C[C@H]1c1ccc(NC(=O)C(Cc2ccccc2)NC(=O)OCc2ccccc2)cc1,5.89
N[C@@H]1C[C@H]1c1ccc(NC(=O)c2ccccc2)cc1,5.96
N[C@@H]1C[C@H]1c1ccc(NC(=O)c2ccnc(-c3cc(C(=O)O)ccn3)c2)cc1.O=C(O)C(F)(F)F,5.66
N[C@@H]1C[C@H]1c1ccc(OCC[C@H](NC(=O)c2ccccc2)C(=O)NCc2ccccc2)cc1,5.71
N[C@@H]1C[C@H]1c1cccc(C(=O)NCc2ccccc2)c1,6.52
N[C@@H]1C[C@H]1c1cccc(OCC[C@H](NC(=O)c2ccccc2)C(=O)NCc2ccccc2)c1,5.17
N[C@@H]1C[C@H]1c1ccccc1,4.68
N[C@@H]1C[C@H]1c1ccccc1.N[C@H]1C[C@@H]1c1ccccc1,4.6
N[C@@]1(CO)C[C@H]1c1ccccc1,5.04
N[C@H]1CCN(C(=O)CNC2CC2c2cc(F)cc(F)c2OCc2ccccc2)C1,6.25
N[C@H]1CCN(C(=O)CN[C@H]2C[C@@H]2c2ccccc2)C1,8.05
N[C@H]1CC[C@@H](N[C@@H]2C[C@H]2c2ccc(-c3cccc(C(F)(F)F)c3)cc2)CC1,7.28
N[C@H]1CC[C@@H](N[C@H]2C[C@@H]2c2ccc(-c3cccc(C(F)(F)F)c3)cc2)CC1,7.07
N[C@H]1CC[C@H](CNC2CC2c2ccc3c(c2)CCN3S(=O)(=O)c2ccccc2)CC1,4.17
N[C@H]1CC[C@H](Cc2nc(C3(CN[C@@H]4C[C@H]4c4ccccc4)CC3)no2)CC1,7.12
N[C@H]1CC[C@H](NC2CC2c2ccc3c(c2)CCN3S(=O)(=O)c2ccccc2)CC1,4.2
N[C@H]1CC[C@H](N[C@@H]2C[C@H]2c2ccc(-c3cccc(C(F)(F)F)c3)cc2)CC1,7.05
N[C@H]1CC[C@H](N[C@@H]2C[C@H]2c2ccc(-c3cccc(CCC(=O)NCCOCCOCCOCCOCCOCCOCCOCCNC(=O)CCCC[C@@H]4SC[C@@H]5NC(=O)N[C@@H]54)c3)cc2)CC1,6.68
N[C@H]1CC[C@H](N[C@@H]2C[C@H]2c2ccc(-c3cccc(CCC(=O)NCCOCCOCCOCCOCCOCCOCCOCCOCCOCCOCCOCCNC(=O)CCCC[C@@H]4SC[C@@H]5NC(=O)N[C@@H]54)c3)cc2)CC1,6.9
N[C@H]1CC[C@H](N[C@@H]2C[C@H]2c2ccc(-c3cccc(CCC(=O)NCCOCCOCCOCCOCCOCCOCCOCCOCCOCCOCCOCCOCCOCCOCCOCCNC(=O)CCCC[C@@H]4SC[C@@H]5NC(=O)N[C@@H]54)c3)cc2)CC1,6.67
N[C@H]1CC[C@H](N[C@@H]2C[C@H]2c2ccccc2)CC1,7.75
N[C@H]1CC[C@H](N[C@H]2C[C@@H]2c2ccc(-c3cccc(C(F)(F)F)c3)cc2)CC1,7.03
N[C@H]1CC[C@H](N[C@H]2C[C@@H]2c2ccccc2)CC1,7.12
N[C@H]1CC[C@H](c2nc(C3(CN[C@@H]4C[C@H]4c4ccccc4)CCC3)no2)CC1,6.52
N[C@H]1CC[C@H](c2nc(C3(CN[C@H]4CC4c4ccccc4)CC3)no2)CC1,7.12
N[C@H]1CC[C@H](c2nnc(C3(CN[C@@H]4C[C@H]4c4ccccc4)CC3)o2)CC1,6.52
N[C@H]1CC[C@](F)(CNC2CC2c2ccccc2)CC1,7.63
N[C@H]1C[C@@H]1c1c(F)cc(Br)cc1OCc1ccccc1,4.92
N[C@H]1C[C@@H]1c1c(F)ccc(F)c1OCc1ccccc1,4.58
N[C@H]1C[C@@H]1c1c(F)cccc1OCc1ccccc1,4.24
N[C@H]1C[C@@H]1c1c(OCc2ccccc2)ccc(F)c1F,4.85
N[C@H]1C[C@@H]1c1cc(F)c(Br)c(F)c1,6.96
N[C@H]1C[C@@H]1c1cc(F)c(Br)cc1Cl,7.57
N[C@H]1C[C@@H]1c1cc(F)c(Br)cc1F,7.01
N[C@H]1C[C@@H]1c1cc(F)c(Cl)cc1F,6.6
N[C@H]1C[C@@H]1c1cc(F)ccc1F,5.72
N[C@H]1C[C@@H]1c1ccc(-c2cc(C(F)(F)F)cc(C(F)(F)F)c2)nc1,6.26
N[C@H]1C[C@@H]1c1ccc(-c2cc(C(F)(F)F)ccc2Cl)nc1,6.26
N[C@H]1C[C@@H]1c1ccc(-c2cc(C(F)(F)F)ccc2F)nc1,6.26
N[C@H]1C[C@@H]1c1ccc(-c2cc(Cl)cc(Cl)c2)nc1,6.26
N[C@H]1C[C@@H]1c1ccc(-c2cc(O)c(F)c(F)c2)nc1,7.3
N[C@H]1C[C@@H]1c1ccc(-c2cc(O)cc(C(F)(F)F)c2)nc1,7.3
N[C@H]1C[C@@H]1c1ccc(-c2cc(O)cc(Cl)c2)cc1,7.3
N[C@H]1C[C@@H]1c1ccc(-c2cc(O)cc(Cl)c2)nc1,7.3
N[C@H]1C[C@@H]1c1ccc(-c2cc(O)cc(F)c2)nc1,7.3
N[C@H]1C[C@@H]1c1ccc(-c2cc(O)ccc2Cl)nc1,6.26
N[C@H]1C[C@@H]1c1ccc(-c2cc(O)ccc2F)nc1,7.3
N[C@H]1C[C@@H]1c1ccc(-c2cc3ccccc3s2)nc1,6.26
N[C@H]1C[C@@H]1c1ccc(-c2ccc(-c3ccccc3)cc2)cc1,6.26
N[C@H]1C[C@@H]1c1ccc(-c2ccc(C(F)(F)F)cc2)nc1,6.26
N[C@H]1C[C@@H]1c1ccc(-c2ccc(CO)cc2)nc1,6.26
N[C@H]1C[C@@H]1c1ccc(-c2ccc(Cl)cc2)nc1,6.26
N[C@H]1C[C@@H]1c1ccc(-c2ccc(Cl)s2)nc1,7.3
N[C@H]1C[C@@H]1c1ccc(-c2ccc(F)c(O)c2)cc1,7.3
N[C@H]1C[C@@H]1c1ccc(-c2ccc(F)c(O)c2)nc1,7.3
N[C@H]1C[C@@H]1c1ccc(-c2ccc(O)cc2)cc1,6.26
N[C@H]1C[C@@H]1c1ccc(-c2ccc(O)cc2)nc1,6.26
N[C@H]1C[C@@H]1c1ccc(-c2ccc3c(c2)NC(=O)C3)nc1,6.26
N[C@H]1C[C@@H]1c1ccc(-c2ccc3cn[nH]c3c2)nc1,6.3
N[C@H]1C[C@@H]1c1ccc(-c2ccc3sccc3c2)nc1,6.26
N[C@H]1C[C@@H]1c1ccc(-c2cccc(C(F)(F)F)c2)cc1,6.26
N[C@H]1C[C@@H]1c1ccc(-c2cccc(C(F)(F)F)c2)nc1,6.26
N[C@H]1C[C@@H]1c1ccc(-c2cccc(C(F)(F)F)c2)nc1Cl,6.26
N[C@H]1C[C@@H]1c1ccc(-c2cccc(C(F)(F)F)c2F)nc1,6.26
N[C@H]1C[C@@H]1c1ccc(-c2cccc(Cl)c2)nc1,6.26
N[C@H]1C[C@@H]1c1ccc(-c2cccc(NS(=O)(=O)C(F)(F)F)c2)cc1,6.26
N[C@H]1C[C@@H]1c1ccc(-c2cccc(NS(=O)(=O)c3ccccc3)c2)cc1,7.3
N[C@H]1C[C@@H]1c1ccc(-c2cccc(NS(=O)(=O)c3ccccc3)c2)nc1,7.3
N[C@H]1C[C@@H]1c1ccc(-c2cccc(O)c2)cc1,7.7
N[C@H]1C[C@@H]1c1ccc(-c2cccc(O)c2)nc1,7.3
N[C@H]1C[C@@H]1c1ccc(-c2cccc(O)c2)s1,7.3
N[C@H]1C[C@@H]1c1ccc(-c2cccc(O)c2F)nc1,6.26
N[C@H]1C[C@@H]1c1ccc(-c2ccccc2O)cc1,6.26
N[C@H]1C[C@@H]1c1ccc(-c2ccccc2O)nc1,7.3
N[C@H]1C[C@@H]1c1ccc(-c2csc3ccccc23)nc1,6.26
N[C@H]1C[C@@H]1c1ccc(Br)c(F)c1,6.3
N[C@H]1C[C@@H]1c1ccc(Br)c(F)c1F,6.66
N[C@H]1C[C@@H]1c1ccc(Br)c(O)c1,4.55
N[C@H]1C[C@@H]1c1ccc(Br)cc1,5.484999999999999
N[C@H]1C[C@@H]1c1ccc(Br)cc1C(F)(F)F,6.62
N[C@H]1C[C@@H]1c1ccc(Br)cc1F,6.38
N[C@H]1C[C@@H]1c1ccc(C(F)(F)F)c(F)c1,6.82
N[C@H]1C[C@@H]1c1ccc(Oc2ccccc2)cc1,4.92
N[C@H]1C[C@@H]1c1cccc(OCC[C@H](NC(=O)c2ccccc2)C(=O)NCc2ccccc2)c1,5.76
N[C@H]1C[C@@H]1c1ccccc1,4.66
N[C@H]1C[C@@H]1c1ccccc1F,4.7
N[C@H]1C[C@@H]1c1ccccc1Oc1ccccc1,4.72
N[C@H]1C[C@@H]1c1cnc(-c2cccc(O)c2)s1,7.3
N[C@H]1C[C@@]1(F)c1cccc(C(F)(F)F)c1,5.04
N[C@H]1C[C@@]1(F)c1cccc(F)c1,5.39
N[C@H]1C[C@]1(F)c1ccc(C(F)(F)F)cc1,5.68
N[C@H]1C[C@]1(F)c1ccc(Cl)cc1,5.17
N[C@H]1C[C@]1(F)c1ccc(S(F)(F)(F)(F)F)cc1,6.1
N[C@H]1C[C@]1(F)c1cccc(C(F)(F)F)c1,5.09
N[C@H]1C[C@]1(F)c1cccc(F)c1,5.17
N[C@H]1C[C@]1(F)c1cccc(S(F)(F)(F)(F)F)c1,5.08
N[C@H]1C[C@]1(F)c1cccc([N+](=O)[O-])c1,5.17
Nc1ccc(/C=C/c2ccc(O)c(-c3ccccn3)c2)cc1,5.45
Nc1ccc(/C=C/c2ccc(O)c(-c3ncccn3)c2)cc1,5.02
Nc1ccc(/C=C/c2ccnc(-c3cc(F)ccc3O)c2)cc1,5.04
Nc1ccc(/C=C/c2ccnc(-c3ccccc3O)c2)cc1,5.53
Nc1ccc(F)cc1NC(=O)c1ccc(CCCN2CCC(CNC3CC3c3ccc(F)cc3)CC2)cc1,8.3
Nc1ccc(Nc2c3ccccc3nc3ccccc23)cc1,6.22
Nc1ccc(Oc2c3ccccc3nc3ccccc23)cc1,5.76
Nc1ccc(S(=O)(=O)Nc2cccc(-c3ccc([C@H]4CC4NC4CCC(N)CC4)cc3)c2)cn1,7.52
Nc1ccc(S(=O)(=O)Nc2cccc(-c3ccc([C@H]4C[C@@H]4NC4CCC(N)CC4)cc3)c2)cn1,7.52
Nc1ccc(Sc2c3ccccc3nc3ccccc23)cc1,6.01
Nc1cccc(/C=C/c2ccc(O)c(-c3cc(O)ccn3)c2)c1,5.83
Nc1cccc(/C=C/c2ccc(O)c(-c3ccccn3)c2)c1,6.52
Nc1cccc(/C=C/c2ccc(O)c(-c3ncccn3)c2)c1,6.07
Nc1cccc(/C=C/c2ccnc(-c3cc(F)ccc3O)c2)c1,4.93
Nc1ccccc1NC(=O)/C=C/c1ccc(CNC2CC2c2ccccc2)cc1,5.42
Nc1ccccc1NC(=O)c1cc2c(s1)CCN(C(=O)CNC1CC1c1ccc(F)cc1)C2,6.67
Nc1ccccc1NC(=O)c1ccc(/C=C/C(=O)N2CC(CNC3CC3c3ccc(F)cc3)C2)cc1,7.24
Nc1ccccc1NC(=O)c1ccc(/C=C/C(=O)N2CCC(CNC3CC3c3ccc(F)cc3)CC2)cc1,6.73
Nc1ccccc1NC(=O)c1ccc(CC(=O)N2CCC(CNC3CC3c3ccc(F)cc3)CC2)cc1,7.5
Nc1ccccc1NC(=O)c1ccc(CCC(=O)N2CCC(CNC3CC3c3ccccc3)CC2)cc1,7.38
Nc1ccccc1NC(=O)c1ccc(CCC(=O)N2CCC(NC3CC3c3ccccc3)CC2)cc1,7.4
Nc1ccccc1NC(=O)c1ccc(CCCC(=O)Nc2ccc(C3CC3N)cc2)cc1,6.5
Nc1ccccc1NC(=O)c1ccc(CCCC(=O)Nc2ccc([C@@H]3C[C@H]3N)cc2)cc1,6.48
Nc1ccccc1NC(=O)c1ccc(CCCN2CC3(CC(NC4CC4c4ccccc4)C3)C2)cc1,6.12
Nc1ccccc1NC(=O)c1ccc(CCCN2CCC(CNC3CC3c3ccc(C(=O)N4CCCCC4)cc3)CC2)cc1,7.68
Nc1ccccc1NC(=O)c1ccc(CCCN2CCC(CNC3CC3c3ccc(F)c(F)c3)CC2)cc1,7.72
Nc1ccccc1NC(=O)c1ccc(CCCN2CCC(CNC3CC3c3ccc(F)cc3)CC2)cc1,8.22
Nc1ccccc1NC(=O)c1ccc(CCCN2CCC(CNC3CC3c3ccccc3)CC2)cc1,8.22
Nc1ccccc1NC(=O)c1ccc(CCCn2cc(CNC3CC3c3ccccc3)cn2)cc1,7.0
Nc1ccccc1NC(=O)c1ccc(CCCn2cc(CNC3CC3c3ccccc3)nn2)cc1,6.86
Nc1ccccc1NC(=O)c1ccc(CCCn2cnc(CNC3CC3c3ccc(F)c(F)c3)c2)cc1,6.84
Nc1ccccc1NC(=O)c1ccc(CCCn2cnc(CNC3CC3c3ccccc3)c2)cc1,6.24
Nc1ccccc1NC(=O)c1ccc(CN2CCC(CNC3CC3c3ccc(-c4cncnc4)cc3)CC2)cc1,7.39
Nc1ccccc1NC(=O)c1ccc(CN2CCC(CN[C@@H]3C[C@H]3c3ccccc3)CC2)cc1,8.7
Nc1ccccc1NC(=O)c1ccc(CN2CCC(F)(CNC3CC3c3ccccc3)CC2)cc1,6.29
Nc1ccccc1NC(=O)c1ccc(CNC(=O)CNC2CC2c2ccc(F)cc2)cc1,6.57
Nc1ccccc1NC(=O)c1ccc(CNC(=O)N2CCC(CNC3CC3c3ccc(F)cc3)CC2)cc1,6.77
Nc1ccccc1NC(=O)c1ccc(CNC(=O)OCc2cccnc2)cc1,6.48
Nc1ccccc1NC(=O)c1ccc(CNC2CC2c2ccccc2)cc1,5.14
Nc1ccccc1NC(=O)c1ccc(Cn2cc(CNC3CC3c3ccccc3)cn2)cc1,7.21
Nc1ccccc1NC(=O)c1ccc(Cn2cc(CNC3CC3c3ccccc3)nn2)cc1,7.16
Nc1ccccc1NC(=O)c1ccc(OCCN2CCC(CNC3CC3c3ccc(F)cc3)CC2)nc1,7.68
Nc1ccccc1NC(=O)c1ccc(OCCNC2CC2c2ccc(F)cc2)cc1,7.62
Nc1ccccc1NC(=O)c1ccc(S(=O)(=O)N2CCC(CNC3CC3c3ccccc3)CC2)cc1,7.37
Nc1ccccc1NC(=O)c1ccc2c(c1)CN(C(=O)CNC1CC1c1ccc(F)cc1)CC2,6.51
Nc1ccccc1NC(=O)c1cccc(CCCC(=O)Nc2ccc(C3CC3N)cc2)c1,7.0
Nc1ccccc1NC(=O)c1cnc(NCCN2CCC(CNC3CC3c3ccc(F)cc3)CC2)nc1,7.8
Nc1ccccc1NC(=O)c1coc(CCCN2CCC(CNC3CC3c3ccccc3)CC2)n1,7.62
Nc1ccccc1Nc1c2ccccc2nc2ccccc12,5.08
Nc1ccnc(N2CCC(N[C@H]3C[C@@H]3c3ccccc3)CC2)n1,6.52
Nc1ncc(CN[C@H]2C[C@@H]2c2ccc(OCc3ccccc3)cc2)cn1,7.3
Nc1ncc(CN[C@H]2C[C@@H]2c2ccc(OCc3ccccc3)cc2)s1,7.3
Nc1ncccc1CNC1CC12CCc1ccccc12,7.345000000000001
Nc1ncccc1CN[C@H]1CC1c1ccccc1,6.8
Nc1nnc(CN[C@@H]2C[C@H]2c2cc(C(=O)NC3CCC(F)(F)CC3)cs2)o1,7.0
Nc1nnc(CN[C@@H]2C[C@H]2c2ccc(OCc3ccccc3)cc2)o1,8.8
Nc1nnc(CN[C@@H]2C[C@H]2c2ccc(Oc3ccccc3)cc2)o1,7.66
Nc1nnc(CN[C@H]2C[C@@H]2c2ccc(OCc3cc(F)cc(F)c3)cc2)o1,6.279999999999999
Nc1nnc(CN[C@H]2C[C@@H]2c2ccc(OCc3ccc(Cl)cc3)cc2)o1,6.279999999999999
Nc1nnc(CN[C@H]2C[C@@H]2c2ccc(OCc3ccc(F)cc3)cc2)o1,6.279999999999999
Nc1nnc(CN[C@H]2C[C@@H]2c2ccc(OCc3cccc(Cl)c3)cc2)o1,6.539999999999999
Nc1nnc(CN[C@H]2C[C@@H]2c2ccc(OCc3cccc(F)c3)cc2)o1,6.279999999999999
Nc1nnc(CN[C@H]2C[C@@H]2c2ccc(OCc3ccccc3)cc2)o1,6.539999999999999
Nc1nnc(NCc2c(Cl)cccc2Oc2ccccc2)[nH]1,5.79
O=C(/C=C/c1ccc(CN2CCC(CN[C@@H]3C[C@H]3c3ccccc3)CC2)cc1)NS(=O)(=O)C1CC1,7.96
O=C(/C=C/c1ccc(CN2CCC(N[C@@H]3C[C@H]3c3ccccc3)CC2)cc1)NOCc1ccccc1,8.0
O=C(/C=C/c1ccc(CN2CCC(N[C@@H]3C[C@H]3c3ccccc3)CC2)cc1)NOc1ccccc1,8.0
O=C(/C=C/c1ccc(CN2CCC(N[C@@H]3C[C@H]3c3ccccc3)CC2)cc1)NS(=O)(=O)Cc1ccccc1,7.57
O=C(/C=C/c1ccc(CN2CCC(N[C@@H]3C[C@H]3c3ccccc3)CC2)cc1)NS(=O)(=O)c1ccccc1,7.58
O=C(/C=C/c1ccc(CNC2CC2c2ccc(-c3ccc(Cl)cc3)cc2)cc1)NO,7.31
O=C(/C=C/c1ccc(CNC2CC2c2ccc(-c3cncnc3)cc2)cc1)NO,7.57
O=C(/C=C/c1ccc(CNC2CC2c2ccc(C3CC3)cc2)cc1)NO,7.08
O=C(/C=C/c1ccc(CNC2CC2c2ccc(OCc3ccc(F)cc3)cc2)cc1)NO,7.7
O=C(/C=C/c1ccc(CNC2CC2c2ccccc2)cc1)NO,5.66
O=C(/C=C/c1ccc(N2CCC(CNC3CC3c3ccccc3)CC2)cc1)NO,6.17
O=C(/C=C/c1ccc(O)c(O)c1)O[C@H](Cc1ccc(O)c(O)c1)C(=O)O,4.68
O=C(/C=C/c1ccc(O)c2c1[C@H](C(=O)OC(Cc1ccc(O)c(O)c1)C(=O)O)[C@@H](c1ccc(O)c(O)c1)O2)O[C@H](Cc1ccc(O)c(O)c1)C(=O)O,6.96
O=C(/C=C/c1ccc(O)c2c1[C@H](C(=O)O[C@H](Cc1ccc(O)c(O)c1)C(=O)O)[C@@H](c1ccc(O)c(O)c1)O2)O[C@H](Cc1ccc(O)c(O)c1)C(=O)O,6.96
O=C(/C=C/c1ccc(S(=O)(=O)N[C@@H]2C[C@H]2c2ccccc2)cc1)NO,6.05
O=C(/C=C/c1cccc(CN2CCC(N[C@@H]3C[C@H]3c3ccccc3)CC2)c1)NOCc1ccccc1,7.77
O=C(/C=C/c1cccc(CN2CCC(N[C@@H]3C[C@H]3c3ccccc3)CC2)c1)NS(=O)(=O)Cc1ccccc1,7.66
O=C(/C=C/c1cccc(CN2CCC(N[C@@H]3C[C@H]3c3ccccc3)CC2)c1)NS(=O)(=O)c1ccccc1,7.48
O=C(/C=C/c1cccc(S(=O)(=O)N[C@@H]2C[C@H]2c2ccccc2)c1)NO,6.24
O=C(C(Cc1ccccc1)N1CCC(N[C@@H]2C[C@H]2c2ccccc2)CC1)N1CCOCC1,7.24
O=C(CC(=O)c1ccc(C(F)(F)F)cc1)Nc1cccc2c1CCCN2Cc1ccc(OC2CCNCC2)cc1,5.99
O=C(CCC1CCCCC1)N1CCC(F)(CNC2CC2c2ccccc2)CC1,8.39
O=C(CCC1NC(=O)NC1=O)NCCc1c[nH]c2ccccc12,6.68
O=C(CCCCCC(=O)N[C@@H]1C[C@H]1c1ccccc1)NO,4.42
O=C(CCCCCCC(=O)N[C@@H]1C[C@H]1c1ccccc1)NO,4.84
O=C(CCCCCCC(=O)Nc1ccc(CN[C@@H]2C[C@H]2c2ccccc2)cc1)NO,5.79
O=C(CCCCCCCC(=O)N[C@@H]1C[C@H]1c1ccccc1)NO,4.77
O=C(CCCCCCCCC(=O)N[C@@H]1C[C@H]1c1ccccc1)NO,5.12
O=C(CCCCCCNC(=O)c1ccc(CNC2(c3ccccc3)CC2)cc1)NO,5.92
O=C(CCCCCCNC(=O)c1ccc(CNC2CC2c2ccc(F)cc2)cc1)NO,7.16
O=C(CCCCCCNC(=O)c1ccc(CNC2CC2c2ccccc2)cc1)NO,6.96
O=C(CCCCCNC1CC1c1ccccc1)NO,6.75
O=C(CCCC[C@@H]1SC[C@@H]2NC(=O)N[C@@H]21)NCCOCCOCCOCCOCCOCCOCCOCCOCCOCCOCCOCCNC(=O)CCc1cccc(-c2ccc([C@@H]3C[C@H]3NC3CCNCC3)cc2)c1,6.9
O=C(CCCC[C@@H]1SC[C@@H]2NC(=O)N[C@@H]21)NCCOCCOCCOCCOCCOCCOCCOCCOCCOCCOCCOCCNC(=O)CCc1cccc(-c2ccc([C@@H]3C[C@H]3NCC3CCNCC3)cc2)c1,7.39
O=C(CCCN1CCC(N[C@@H]2C[C@H]2c2ccccc2)CC1)N1CCNCC1,8.3
O=C(CCCN1CCC(N[C@@H]2C[C@H]2c2ccccc2)CC1)N1CCOCC1,8.05
O=C(CCCN1CCC(N[C@@H]2C[C@H]2c2ccccc2)CC1)NS(=O)(=O)C1CC1,6.36
O=C(CCCN1CCC(N[C@@H]2C[C@H]2c2ccccc2)CC1)NS(=O)(=O)c1ccccc1,7.7
O=C(CCN1CCC(N[C@@H]2C[C@H]2c2ccccc2)CC1)N1CCNCC1,8.05
O=C(CCN1CCC(N[C@@H]2C[C@H]2c2ccccc2)CC1)N1CCOCC1,8.0
O=C(CCN1CCC(N[C@@H]2C[C@H]2c2ccccc2)CC1)N1CCSCC1,7.82
O=C(CCN1CCC(N[C@@H]2C[C@H]2c2ccccc2)CC1)NS(=O)(=O)c1ccccc1,7.68
O=C(CCc1ccccc1)N1CCC(F)(CNC2CC2c2ccccc2)CC1,7.29
O=C(CCn1cncn1)N1CCC(C2=NN=C(c3ccccc3Cl)C2)CC1,4.05
O=C(CNC1CC1c1cc(F)cc(F)c1OCc1cccnc1F)N1CCC(N2CC3CCC(C2)N3)CC1,5.994999999999999
O=C(CNC1CC1c1cc(F)cc(F)c1OCc1cccnc1F)N1CCC(N2CC3CCC(C2)O3)CC1,5.785
O=C(CNC1CC1c1cc(F)cc(F)c1OCc1cccnc1F)N1CCC2(CCCN2)CC1,6.42
O=C(CNC1CC1c1cc(F)cc(F)c1OCc1cccnc1F)N1CCC2(CCNC2)CC1,6.33
O=C(CNC1CC1c1ccccc1)NC1CC1,5.22
O=C(CN[C@@H]1C[C@H]1c1cc(F)cc(F)c1OCc1cccnc1F)N1CCC2(CCNC2)CC1,4.949999999999999
O=C(CN[C@@H]1C[C@H]1c1ccc(F)c(F)c1)N/N=C/c1cc(Br)ccc1O,6.41
O=C(CN[C@@H]1C[C@H]1c1ccc(F)c(F)c1)N/N=C/c1cc(Cl)ccc1O,6.34
O=C(CN[C@@H]1C[C@H]1c1ccc(F)c(F)c1)N/N=C/c1ccco1,6.44
O=C(CN[C@@H]1C[C@H]1c1ccc(F)c(F)c1)N/N=C/c1cccs1,6.56
O=C(CN[C@H]1CC1c1ccccc1)N1CCOCC1,5.05
O=C(CN[C@H]1C[C@@H]1c1cc(F)cc(F)c1OCc1cccnc1F)N1CCC2(CCNC2)CC1,6.755
O=C(CN[C@H]1C[C@@H]1c1ccc(OCc2ccccc2)cc1)NC1CC1,6.28
O=C(CN[C@H]1C[C@@H]1c1ccccc1)N1CCN(Cc2ccccc2)CC1,5.98
O=C(CN[C@H]1C[C@@H]1c1ccccc1)N1CCN(c2ccccc2)CC1,5.92
O=C(CN[C@H]1C[C@@H]1c1ccccc1)NC1CC1,5.22
O=C(CN[C@H]1C[C@@H]1c1ccccc1)NCC1CCNCC1,6.62
O=C(CN[C@H]1C[C@@H]1c1ccccc1)N[C@H]1CCNC1,6.925
O=C(Cc1ccc(-c2ccc(OCCN3CC(CN[C@@H]4C[C@H]4c4ccccc4)C3)cc2)cc1)NS(=O)(=O)c1ccccc1,7.34
O=C(Cc1ccc(CN2CCC(N[C@@H]3C[C@H]3c3ccccc3)CC2)cc1)NS(=O)(=O)c1ccccc1,8.22
O=C(Cc1ccc(OCCN2CCC(N[C@@H]3C[C@H]3c3ccccc3)CC2)cc1)NS(=O)(=O)c1ccccc1,8.275
O=C(Cc1cccc(CO)c1COc1ccc(OCC2CCNCC2)cc1)c1cc2ccccc2[nH]1,5.4
O=C(Cc1ccccc1)N1CCc2cc(C3CC3NCC3CCNCC3)ccc21,4.36
O=C(N/N=C/c1cc(Cl)ccc1O)c1ccc(O)cc1,6.56
O=C(N/N=C/c1cc(Cl)ccc1O)c1cccc(S(=O)(=O)N2CCOCC2)c1,7.58
O=C(N/N=C/c1ccccc1O)c1ccc(Br)cc1,6.71
O=C(N/N=C/c1ccccc1O)c1ccc(O)cc1,6.66
O=C(N/N=C/c1ccccc1O)c1cccc(Cl)c1,6.48
O=C(N/N=C1\CCc2c(Cl)ccc(O)c21)c1cccc(S(=O)(=O)N2CCOCC2)c1,8.77
O=C(N/N=C1\CCc2c(O)ccc(O)c21)c1cccc(S(=O)(=O)N2CCOCC2)c1,8.29
O=C(N/N=C1\CCc2c(O)ccc(O)c21)c1cccc(S(=O)(=O)N2CCSCC2)c1,7.54
O=C(N/N=C1\CCc2cccc(O)c21)c1cccc(S(=O)(=O)N2CCOCC2)c1,8.85
O=C(N1CCC(N[C@@H]2C[C@H]2c2ccccc2)CC1)C(F)(F)F,7.48
O=C(NC1CC(F)(F)C1)c1cc(C2CC2NCC2CC2)ccc1F,6.5
O=C(NC1CC(F)(F)C1)c1cccc(C2CC2NC2CCC(F)(F)CC2)c1,6.7
O=C(NC1CC(F)(F)C1)c1cccc(C2CC2NCC2CC2)c1,6.68
O=C(NC1CC(F)(F)C1)c1cccc(CN[C@@H]2C[C@H]2c2ccc(F)c(F)c2)c1,6.94
O=C(NC1CCC(F)(CNC2CC2c2ccccc2)CC1)OCc1ccccc1,6.76
O=C(NC1CCC(F)(F)CC1)c1cc(C2CC2NC2CCOCC2)cs1,6.4
O=C(NC1CCC(F)(F)CC1)c1cc(C2CC2NCC2CC2)cs1,6.17
O=C(NC1CCC(F)(F)CC1)c1cc2c(c(C3CC3NCC3CC3)c1)OCC2,6.75
O=C(NC1CCC(F)(F)CC1)c1ccc(C2CC2NCC2CC2)s1,5.42
O=C(NC1CCC(F)(F)CC1)c1cccc(C2CC2NC2CCOCC2)c1,6.8
O=C(NC1CCC(F)(F)CC1)c1cccc(C2CC2NCC2CC2)c1,6.64
O=C(NC1CCC(F)(F)CC1)c1cccc(C2CC2NCC2CCOCC2)c1,6.89
O=C(NC1CCC(F)(F)CC1)c1nc(C2CC2NCC2CC2)cs1,6.17
O=C(NC1CCCC1)c1cc(C2CC2NC2CCOCC2)ccc1F,7.0
O=C(NC1CCCC1)c1cccc(C2CC2NC2CCOCC2)c1,6.16
O=C(NC1CCCC1)c1cccc(C2CC2NC2CCS(=O)(=O)CC2)c1,6.92
O=C(NC1CCCC1)c1cccc(C2CC2NCC2CC2)c1,6.96
O=C(NC1CCCCNC1=O)c1cccc(C2CC2NCC2CC2)c1,6.29
O=C(NC1CCN(CC(F)(F)F)CC1)c1cccc(C2CC2NCC2CC2)c1,6.52
O=C(NC1CCN(Cc2ccccc2)C1)c1cccc(C2CC2NCC2CC2)c1,6.8
O=C(NC1CCN(Cc2ccccc2)CC1)c1cccc(C2CC2NCC2CC2)c1,6.8
O=C(NC1CCOCC1)c1cc(C2CC2NC2CCC2)cs1,6.5
O=C(NC1CCOCC1)c1cc(C2CC2NCC2CC2)ccc1F,6.1
O=C(NC1CCOCC1)c1cc(C2CC2NCC2CC2)cs1,6.52
O=C(NC1CCOCC1)c1cc([C@@H]2C[C@H]2NC2CCC2)cs1,6.7
O=C(NC1CCOCC1)c1cc([C@@H]2C[C@H]2NCC2CC2)cs1,6.44
O=C(NC1CCOCC1)c1cc([C@H]2C[C@@H]2NC2CCC2)cs1,6.24
O=C(NC1CCOCC1)c1cc([C@H]2C[C@@H]2NCC2CC2)cs1,6.47
O=C(NC1CCOCC1)c1ccc(F)c(C2CC2NCC2CC2)c1,6.85
O=C(NC1CCOCC1)c1cccc(C2CC2NC2CCC(F)(F)CC2)c1,6.015
O=C(NC1CCOCC1)c1cccc(C2CC2NC2CCC2)c1,6.24
O=C(NC1CCOCC1)c1cccc(C2CC2NCC2CC2)c1,6.48
O=C(NC1CCOCC1)c1csc(C2CC2NC2CCC2)c1,6.89
O=C(NC1CCOCC1)c1csc([C@@H]2C[C@H]2NCC2CC2)c1,8.54
O=C(NCC1CC(F)(F)C1)c1cccc(C2CC2NCC2CC2)c1,6.89
O=C(NCC1CCNCC1)c1cccc(CN[C@@H]2C[C@H]2c2ccc(F)c(F)c2)c1,6.76
O=C(NCCc1ccc([N+](=O)[O-])cc1)c1cccc(NS(=O)(=O)c2ccccc2)c1,5.07
O=C(NNC(=O)c1cc(S(=O)(=O)N2CCOCC2)ccc1F)c1ccccc1O,7.89
O=C(NO)C1CCC(NC2CC2c2ccccc2)CC1,5.65
O=C(NO)c1c[nH]c(CCCN2CCC(CNC3CC3c3ccccc3)CC2)n1,7.58
O=C(NO)c1cc2c(s1)CCN(C(=O)CCCN1CCC(CNC3CC3c3ccc(F)cc3)CC1)C2,7.58
O=C(NO)c1cc2c(s1)CCN(C(=O)CCCNC1CC1c1ccc(F)cc1)C2,6.86
O=C(NO)c1cc2c(s1)CCN(C(=O)CNC1CC1c1ccc(F)cc1)C2,6.91
O=C(NO)c1cc2c(s1)CCN(C(=O)CN[C@@H]1C[C@H]1c1ccc(F)cc1)C2,6.18
O=C(NO)c1cc2c(s1)CCN(C(=O)CN[C@H]1C[C@@H]1c1ccc(F)cc1)C2,6.81
O=C(NO)c1ccc(/C=C/C(=O)N2CC(CNC3CC3c3ccc(F)cc3)C2)cc1,7.43
O=C(NO)c1ccc(/C=C/C(=O)N2CCC(CNC3CC3c3ccc(-c4cncnc4)cc3)CC2)cc1,7.34
O=C(NO)c1ccc(/C=C/C(=O)N2CCC(CNC3CC3c3ccccc3)CC2)cc1,7.29
O=C(NO)c1ccc(/C=C/C(=O)N2CCC(CN[C@@H]3C[C@H]3c3ccc(F)cc3)CC2)cc1,6.65
O=C(NO)c1ccc(/C=C/C(=O)N2CCC(CN[C@@H]3C[C@H]3c3ccccc3)CC2)cc1,7.2
O=C(NO)c1ccc(/C=C/C(=O)N2CCC(CN[C@H]3C[C@@H]3c3ccc(F)cc3)CC2)cc1,7.19
O=C(NO)c1ccc(/C=C/C(=O)N2CCC(CN[C@H]3C[C@@H]3c3ccccc3)CC2)cc1,6.54
O=C(NO)c1ccc(/C=C/c2cccc(-c3cc(F)ccc3O)c2)cc1,5.46
O=C(NO)c1ccc(/C=C/c2cccc(-c3cccc(O)c3)c2)cc1,5.44
O=C(NO)c1ccc(/C=C/c2cccc(-c3ccccc3O)c2)cc1,5.71
O=C(NO)c1ccc(/C=C/c2ccnc(-c3cc(F)ccc3O)c2)cc1,5.66
O=C(NO)c1ccc(/C=C/c2ccnc(-c3cccc(CO)c3)c2)cc1,5.94
O=C(NO)c1ccc(/C=C/c2ccnc(-c3cccc(O)c3)c2)cc1,5.74
O=C(NO)c1ccc(/C=C/c2ccnc(-c3ccccc3O)c2)cc1,6.03
O=C(NO)c1ccc(/C=C/c2ccnc(-c3cccnc3)c2)cc1,5.86
O=C(NO)c1ccc(/C=C/c2ccnc(-c3ccsc3)c2)cc1,5.69
O=C(NO)c1ccc(/C=C/c2ccnc(Br)c2)cc1,5.99
O=C(NO)c1ccc(/C=C/c2ccncc2)cc1,6.07
O=C(NO)c1ccc(/C=C/c2cncc(-c3ccccc3O)c2)cc1,6.29
O=C(NO)c1ccc(C(=O)NCCN2CCC(CNC3CC3c3ccc(F)c(F)c3)CC2)cc1,7.68
O=C(NO)c1ccc(C(=O)NCCN2CCC(CNC3CC3c3ccccc3)CC2)cc1,7.7
O=C(NO)c1ccc(CC(=O)N2CCC(CNC3CC3c3ccccc3)CC2)cc1,7.24
O=C(NO)c1ccc(CC(=O)N2CCC(CN[C@@H]3C[C@H]3c3ccccc3)CC2)cc1,6.97
O=C(NO)c1ccc(CC(=O)N2CCC(CN[C@H]3C[C@@H]3c3ccccc3)CC2)cc1,6.64
O=C(NO)c1ccc(CCC(=O)N2CCC(CNC3CC3c3ccccc3)CC2)cc1,7.03
O=C(NO)c1ccc(CCC(=O)N2CCC(NC3CC3c3ccccc3)CC2)cc1,7.05
O=C(NO)c1ccc(CCC(=O)N2CCN(C(=O)CNC3CC3c3ccccc3)CC2)cc1,6.56
O=C(NO)c1ccc(CCCC2CCN(C(=O)CNC3CC3c3ccccc3)CC2)cc1,7.14
O=C(NO)c1ccc(CCCN2CC(CNC3CC3c3ccc(-c4ccc(F)cc4)cc3)C2)cc1,7.6
O=C(NO)c1ccc(CCCN2CC(CNC3CC3c3ccc(F)cc3)C2)cc1,7.54
O=C(NO)c1ccc(CCCN2CC(CN[C@H]3C[C@@H]3c3ccccc3)C2)cc1,7.54
O=C(NO)c1ccc(CCCN2CC3(CC(NC4CC4c4ccccc4)C3)C2)cc1,7.58
O=C(NO)c1ccc(CCCN2CCC(CNC3CC3c3ccc(-c4ccc(C(F)(F)F)nc4)cc3)CC2)cc1,7.72
O=C(NO)c1ccc(CCCN2CCC(CNC3CC3c3ccc(-c4ccc(Cl)cc4)cc3)CC2)cc1,8.7
O=C(NO)c1ccc(CCCN2CCC(CNC3CC3c3ccc(-c4ccc(F)cc4)cc3)CC2)cc1,7.68
O=C(NO)c1ccc(CCCN2CCC(CNC3CC3c3ccc(-c4cncnc4)cc3)CC2)cc1,7.92
O=C(NO)c1ccc(CCCN2CCC(CNC3CC3c3ccc(C(=O)N4CCCCC4)cc3)CC2)cc1,7.64
O=C(NO)c1ccc(CCCN2CCC(CNC3CC3c3ccc(C(=O)N4CCOCC4)cc3)CC2)cc1,7.66
O=C(NO)c1ccc(CCCN2CCC(CNC3CC3c3ccc(F)c(F)c3)CC2)cc1,7.54
O=C(NO)c1ccc(CCCN2CCC(CNC3CC3c3ccc(F)cc3)CC2)cc1,8.22
O=C(NO)c1ccc(CCCN2CCC(CNC3CC3c3ccc(OCc4ccc(F)cc4)cc3)CC2)cc1,8.4
O=C(NO)c1ccc(CCCN2CCC(CNC3CC3c3cccc(F)c3)CC2)cc1,7.75
O=C(NO)c1ccc(CCCN2CCC(CNC3CC3c3ccccc3)CC2)cc1,8.3
O=C(NO)c1ccc(CCCN2CCC(CN[C@@H]3C[C@H]3c3ccccc3)CC2)cc1,8.4
O=C(NO)c1ccc(CCCN2CCC(CN[C@H]3C[C@@H]3c3ccc(-c4ccc(C(F)(F)F)nc4)cc3)CC2)cc1,7.72
O=C(NO)c1ccc(CCCN2CCC(CN[C@H]3C[C@@H]3c3ccc(-c4ccc(Cl)cc4)cc3)CC2)cc1,8.7
O=C(NO)c1ccc(CCCN2CCC(CN[C@H]3C[C@@H]3c3ccc(-c4ccc(F)cc4)cc3)CC2)cc1,6.09
O=C(NO)c1ccc(CCCN2CCC(CN[C@H]3C[C@@H]3c3ccc(C(=O)N4CCCCC4)cc3)CC2)cc1,7.64
O=C(NO)c1ccc(CCCN2CCC(CN[C@H]3C[C@@H]3c3ccc(C(=O)N4CCOCC4)cc3)CC2)cc1,7.66
O=C(NO)c1ccc(CCCN2CCC(CN[C@H]3C[C@@H]3c3ccc(F)cc3)CC2)cc1,8.22
O=C(NO)c1ccc(CCCN2CCC(CN[C@H]3C[C@@H]3c3ccc(OCc4ccc(F)cc4)cc3)CC2)cc1,8.4
O=C(NO)c1ccc(CCCN2CCC(CN[C@H]3C[C@@H]3c3ccccc3)CC2)cc1,8.3
O=C(NO)c1ccc(CCCN2CCC(NC3CC3c3ccccc3)CC2)cc1,7.89
O=C(NO)c1ccc(CCCN2CCc3cc(CNC4CC4c4ccc(F)cc4)ccc3C2)cc1,6.99
O=C(NO)c1ccc(CCCN2CCc3cc(CN[C@H]4C[C@@H]4c4ccc(F)cc4)ccc3C2)cc1,6.99
O=C(NO)c1ccc(CCCN2CCn3cc(CNC4CC4c4ccc(F)cc4)nc3C2)cc1,6.14
O=C(NO)c1ccc(CCCNC2CC2c2ccc(F)cc2)cc1,6.92
O=C(NO)c1ccc(CCCn2cc(CNC3CC3c3ccccc3)cn2)cc1,7.08
O=C(NO)c1ccc(CCCn2cc(CNC3CC3c3ccccc3)nn2)cc1,7.19
O=C(NO)c1ccc(CCCn2cnc(CNC3CC3c3ccc(F)c(F)c3)c2)cc1,6.96
O=C(NO)c1ccc(CCCn2cnc(CNC3CC3c3ccccc3)c2)cc1,6.54
O=C(NO)c1ccc(CCCn2cncc2CNC2CC2c2ccccc2)cc1,7.55
O=C(NO)c1ccc(CCN2CCC(CNC3CC3c3ccccc3)CC2)cc1,7.82
O=C(NO)c1ccc(CCN2CCC(CN[C@H]3C[C@@H]3c3ccccc3)CC2)cc1,7.82
O=C(NO)c1ccc(CN2CCC(CNC3CC3c3ccc(-c4cncnc4)cc3)CC2)cc1,7.28
O=C(NO)c1ccc(CN2CCC(CNC3CC3c3ccccc3)CC2)cc1,7.96
O=C(NO)c1ccc(CN2CCC(CN[C@@H]3C[C@H]3c3ccccc3)CC2)cc1,6.27
O=C(NO)c1ccc(CN2CCC(CN[C@H]3C[C@@H]3c3ccccc3)CC2)cc1,7.96
O=C(NO)c1ccc(CN2CCC(S(=O)(=O)N[C@@H]3C[C@H]3c3ccccc3)CC2)cc1,5.62
O=C(NO)c1ccc(CN2CCN(C(=O)CNC3CC3c3ccccc3)CC2)cc1,6.48
O=C(NO)c1ccc(CN2CCc3ccc(CNC4CC4c4ccc(F)cc4)cc3C2)cc1,7.1
O=C(NO)c1ccc(CN2CCn3cc(CNC4CC4c4ccc(F)cc4)nc3C2)cc1,5.82
O=C(NO)c1ccc(CNC(=O)c2cc(-c3ccc(C(F)(F)F)cc3)ncc2O)cc1,5.27
O=C(NO)c1ccc(CNC(=O)c2ccnc(-c3ccc(C(F)(F)F)cc3)c2)cc1,5.17
O=C(NO)c1ccc(CNC(=O)c2ccnc(-c3ccc(N4CCOCC4)c(Cl)c3)c2)cc1,5.29
O=C(NO)c1ccc(CNC(=O)c2ccnc(-c3ccc(N4CCOCC4)cc3)c2)cc1,5.62
O=C(NO)c1ccc(CNC(=O)c2ccnc(-c3ccc(O)cc3)c2)cc1,5.57
O=C(NO)c1ccc(CNC(=O)c2ccnc(-c3ccc(OCCN4CCOCC4)cc3)c2)cc1,5.31
O=C(NO)c1ccc(CNC(=O)c2ccnc(-c3ccc(S(=O)(=O)N4CCOCC4)cc3)c2)cc1,5.71
O=C(NO)c1ccc(CNC(=O)c2ccnc(-c3cccc(N4CCOCC4)c3)c2)cc1,5.61
O=C(NO)c1ccc(CNC(=O)c2ccnc(-c3cccc(O)c3)c2)cc1,5.31
O=C(NO)c1ccc(CNC(=O)c2ccnc(-c3ccccc3O)c2)cc1,5.48
O=C(NO)c1ccc(CNC(=O)c2cncc(-c3ccc(C(F)(F)F)cc3)c2)cc1,5.47
O=C(NO)c1ccc(CNC(=O)c2cncc(-c3ccccc3O)c2)cc1,5.29
O=C(NO)c1ccc(CNC2CC2c2ccccc2)cc1,6.515
O=C(NO)c1ccc(CN[C@@H]2C[C@H]2c2ccccc2)cc1,4.55
O=C(NO)c1ccc(CS(=O)(=O)NCCN2CCC(CNC3CC3c3ccccc3)CC2)cc1,7.75
O=C(NO)c1ccc(Cn2cc(CNC3CC3c3ccccc3)cn2)cc1,6.75
O=C(NO)c1ccc(Cn2cc(CNC3CC3c3ccccc3)nn2)cc1,6.5
O=C(NO)c1ccc(N2CCC(CNC3CC3c3ccc(F)cc3)CC2)cc1,5.19
O=C(NO)c1ccc(OCCCN2CCC(CNC3CC3c3ccccc3)CC2)cc1,7.64
O=C(NO)c1ccc(OCCCNC2CC2c2ccccc2)cc1,6.71
O=C(NO)c1ccc(OCCN2CCC(CNC3CC3c3ccc(-c4ccc(F)cc4)cc3)CC2)nc1,7.43
O=C(NO)c1ccc(OCCN2CCC(CNC3CC3c3ccc(F)cc3)CC2)nc1,7.66
O=C(NO)c1ccc(OCCN2CCC(CNC3CC3c3ccccc3)CC2)cc1,8.4
O=C(NO)c1ccc(OCCN2CCC(CNC3CC3c3ccccc3)CC2)nc1,7.48
O=C(NO)c1ccc(OCCNC2CC2c2ccccc2)cc1,7.48
O=C(NO)c1ccc(S(=O)(=O)N2CCC(CNC3CC3c3ccccc3)CC2)cc1,7.21
O=C(NO)c1ccc(S(=O)(=O)NCCN2CCC(CNC3CC3c3ccc(F)cc3)CC2)cc1,7.6
O=C(NO)c1ccc2c(c1)CN(C(=O)CCCN1CCC(CNC3CC3c3ccccc3)CC1)C2,7.62
O=C(NO)c1ccc2c(c1)CN(C(=O)CCCNC1CC1c1ccc(F)cc1)C2,6.87
O=C(NO)c1ccc2c(c1)CN(C(=O)CCCNC1CC1c1ccc(F)cc1)CC2,6.4
O=C(NO)c1ccc2c(c1)CN(C(=O)CNC1CC1c1ccc(F)cc1)CC2,6.69
O=C(NO)c1ccc2c(c1)CN(C(=O)CN[C@@H]1C[C@H]1c1ccc(F)cc1)CC2,6.0
O=C(NO)c1ccc2c(c1)CN(C(=O)CN[C@H]1C[C@@H]1c1ccc(F)cc1)CC2,6.34
O=C(NO)c1cccc(/C=C/c2ccnc(-c3cc(F)ccc3O)c2)c1,5.45
O=C(NO)c1cccc(/C=C/c2ccnc(-c3ccccc3O)c2)c1,5.65
O=C(NO)c1cccc(CNC2CC2c2ccc(Br)cc2)c1,7.7
O=C(NO)c1cccc(CNC2CC2c2ccccc2)c1,7.8
O=C(NO)c1cnc(CCCN2CCC(CNC3CC3c3ccccc3)CC2)s1,7.66
O=C(NO)c1cnc(CCCN2CCC(CN[C@H]3C[C@@H]3c3ccccc3)CC2)s1,7.66
O=C(NO)c1cnc(N2CCC(CNC3CC3c3ccc(-c4ccc(Cl)cc4)cc3)CC2)nc1,6.43
O=C(NO)c1cnc(N2CCC(CNC3CC3c3ccc(-c4ccc(F)cc4)cc3)CC2)nc1,7.02
O=C(NO)c1cnc(N2CCC(CNC3CC3c3ccc(-c4cncnc4)cc3)CC2)nc1,6.89
O=C(NO)c1cnc(N2CCC(CNC3CC3c3ccc(F)cc3)CC2)nc1,7.4
O=C(NO)c1cnc(N2CCC(CNC3CC3c3ccc(OCc4ccc(F)cc4)cc3)CC2)nc1,7.72
O=C(NO)c1cnc(N2CCC(CN[C@@H]3C[C@H]3c3ccc(F)cc3)CC2)nc1,7.0
O=C(NO)c1cnc(N2CCC(CN[C@H]3C[C@@H]3c3ccc(F)cc3)CC2)nc1,6.94
O=C(NO)c1cnc(N2CCC(NC3CC3c3ccc(-c4ccc(Cl)cc4)cc3)CC2)nc1,7.36
O=C(NO)c1cnc(N2CCC(NC3CC3c3ccc(F)cc3)CC2)nc1,6.66
O=C(NO)c1cnc(N2CCC(NC3CC3c3ccc(OCc4ccc(F)cc4)cc3)CC2)nc1,6.11
O=C(NO)c1cnc(N2CCC(NC3CC3c3ccccc3)CC2)nc1,7.0
O=C(NO)c1cnc(N2CCn3cc(CNC4CC4c4ccc(F)cc4)nc3C2)nc1,6.08
O=C(NO)c1cnc(N2CCn3cc(CNC4CC4c4ccccc4)nc3C2)nc1,6.11
O=C(NO)c1cnc(NCCN2CCC(CNC3CC3c3ccc(F)cc3)CC2)nc1,7.66
O=C(NO)c1coc(CCCN2CCC(CN[C@H]3C[C@@H]3c3ccccc3)CC2)n1,7.58
O=C(NO)c1csc(CCCN2CCC(CNC3CC3c3ccc(-c4ccc(F)cc4)cc3)CC2)n1,7.66
O=C(NO)c1csc(CCCN2CCC(CNC3CC3c3ccccc3)CC2)n1,7.58
O=C(NO)c1csc(CCCN2CCC(CN[C@H]3C[C@@H]3c3ccccc3)CC2)n1,7.58
O=C(NOCc1ccccc1)c1ccc(CN2CCC(N[C@@H]3C[C@H]3c3ccccc3)CC2)cc1,7.85
O=C(NOc1ccccc1)c1ccc(CN2CCC(N[C@@H]3C[C@H]3c3ccccc3)CC2)cc1,7.96
O=C(NS(=O)(=O)C1CC1)c1ccc(CN2CCC(CN[C@@H]3C[C@H]3c3ccccc3)CC2)cc1,8.05
O=C(NS(=O)(=O)C1CC1)c1ccc(CN2CCC(N[C@@H]3C[C@H]3c3ccccc3)CC2)cc1,7.6
O=C(NS(=O)(=O)C1CC1)c1ccc(OCCN2CCC(N[C@@H]3C[C@H]3c3ccccc3)CC2)cc1,8.3
O=C(NS(=O)(=O)Cc1ccccc1)c1ccc(CN2CCC(N[C@@H]3C[C@H]3c3ccccc3)CC2)cc1,7.32
O=C(NS(=O)(=O)c1ccc(F)cc1)c1ccc(CN2CCC(N[C@@H]3C[C@H]3c3ccccc3)CC2)cc1,7.16
O=C(NS(=O)(=O)c1ccccc1)c1ccc(CN2CCC(CN[C@@H]3C[C@H]3c3ccccc3)CC2)cc1,7.37
O=C(NS(=O)(=O)c1ccccc1)c1ccc(CN2CCC(N[C@@H]3C[C@H]3c3ccccc3)CC2)cc1,7.695
O=C(NS(=O)(=O)c1ccccc1)c1ccc(OCCN2CCC(N[C@@H]3C[C@H]3c3ccccc3)CC2)cc1,8.4
O=C(N[C@@H](CCCCNC1CC1c1ccccc1)C(=O)NCc1ccc(Cl)cc1)c1ccc(-c2ccccc2)cc1,6.39
O=C(N[C@@H](CCCCNC1CC1c1ccccc1)C(=O)NCc1cccc(C(F)(F)F)c1)c1ccc(-c2ccccc2)cc1,6.24
O=C(N[C@@H](CCCCNC1CC1c1ccccc1)C(=O)NCc1cccc(Cl)c1)c1ccc(-c2ccccc2)cc1,6.23
O=C(N[C@@H](CCCCNC1CC1c1ccccc1)C(=O)NCc1ccccc1)c1ccc(-c2ccccc2)cc1,6.32
O=C(N[C@@H](CCCCNC1CC1c1ccccc1)C(=O)NCc1ccccc1)c1ccccc1,6.52
O=C(N[C@@H](CCCCN[C@@H]1C[C@H]1c1ccccc1)C(=O)NCc1cccc(C(F)(F)F)c1)c1ccc(-c2ccccc2)cc1,5.85
O=C(N[C@@H](CCCCN[C@@H]1C[C@H]1c1ccccc1)C(=O)NCc1cccc(Cl)c1)c1ccc(-c2ccccc2)cc1,6.495
O=C(N[C@@H](CCCCN[C@@H]1C[C@H]1c1ccccc1)C(=O)NCc1ccccc1)c1ccccc1,6.89
O=C(N[C@@H](CCCCN[C@H]1C[C@@H]1c1ccccc1)C(=O)NCc1cccc(C(F)(F)F)c1)c1ccc(-c2ccccc2)cc1,6.51
O=C(N[C@@H](CCCCN[C@H]1C[C@@H]1c1ccccc1)C(=O)NCc1ccccc1)c1ccccc1,5.85
O=C(N[C@@H](CCCNC1C[C@H]1c1ccc(F)cc1)C(=O)N1CC2CCC(C2)C1)c1ccc(-n2ccnn2)cc1,4.7
O=C(N[C@@H](CCCNC1C[C@H]1c1ccc(F)cc1)C(=O)N1CCC(O)CC1)c1ccc(-c2ncccn2)cc1,4.72
O=C(N[C@@H](CCCNC1C[C@H]1c1ccc(F)cc1)C(=O)N1CCC(O)CC1)c1ccc(-n2ccnn2)cc1,4.8
O=C(N[C@@H](CCCNC1C[C@H]1c1ccc(F)cc1)C(=O)N1CCS(=O)(=O)CC1)c1ccc(N2CCCC2)cc1,5.16
O=C(N[C@@H](CCCN[C@@H]1C[C@H]1c1ccc(F)cc1)C(=O)N1CC2(COC2)C1)c1ccc(-n2cccn2)cc1,5.1
O=C(N[C@@H](CCCN[C@@H]1C[C@H]1c1ccc(F)cc1)C(=O)N1CC2(COC2)C1)c1ccc(-n2ccnn2)cc1,4.77
O=C(N[C@@H](CCCN[C@@H]1C[C@H]1c1ccc(F)cc1)C(=O)N1CC2CCC(C1)N2)c1ccc(-n2ccnn2)cc1,5.22
O=C(N[C@@H](CCCN[C@@H]1C[C@H]1c1ccc(F)cc1)C(=O)N1CC2CCC(C1)O2)c1ccc(-n2ccnn2)cc1,4.46
O=C(N[C@@H](CCCN[C@@H]1C[C@H]1c1ccc(F)cc1)C(=O)N1CC2CCC(C2)C1)c1ccc(-n2ccnn2)cc1,4.7
O=C(N[C@@H](CCCN[C@@H]1C[C@H]1c1ccc(F)cc1)C(=O)N1CCC(F)(F)CC1)c1ccc(-n2ccnn2)cc1,4.7
O=C(N[C@@H](CCCN[C@@H]1C[C@H]1c1ccc(F)cc1)C(=O)N1CCC(O)CC1)c1ccc(-c2ncccn2)cc1,4.72
O=C(N[C@@H](CCCN[C@@H]1C[C@H]1c1ccc(F)cc1)C(=O)N1CCC(O)CC1)c1ccc(-n2ccnn2)cc1,4.8
O=C(N[C@@H](CCCN[C@@H]1C[C@H]1c1ccc(F)cc1)C(=O)N1CCC(O)CC1)c1ccc(-n2cnnn2)cc1,4.8
O=C(N[C@@H](CCCN[C@@H]1C[C@H]1c1ccc(F)cc1)C(=O)N1CCC1)c1ccc(-n2cccn2)cc1,5.52
O=C(N[C@@H](CCCN[C@@H]1C[C@H]1c1ccc(F)cc1)C(=O)N1CCC1)c1ccc(-n2ccnn2)cc1,4.72
O=C(N[C@@H](CCCN[C@@H]1C[C@H]1c1ccc(F)cc1)C(=O)N1CCC1)c1ccc(F)cc1,4.38
O=C(N[C@@H](CCCN[C@@H]1C[C@H]1c1ccc(F)cc1)C(=O)N1CCN(CCO)CC1)c1ccc(-c2ncccn2)cc1,4.62
O=C(N[C@@H](CCCN[C@@H]1C[C@H]1c1ccc(F)cc1)C(=O)N1CCN(CCO)CC1)c1ccc(-n2ccnn2)cc1,5.52
O=C(N[C@@H](CCCN[C@@H]1C[C@H]1c1ccc(F)cc1)C(=O)N1CCN2CCC1CC2)c1ccc(-c2ncccn2)cc1,5.1
O=C(N[C@@H](CCCN[C@@H]1C[C@H]1c1ccc(F)cc1)C(=O)N1CCN2CCC1CC2)c1ccc(-n2ccnn2)cc1,5.22
O=C(N[C@@H](CCCN[C@@H]1C[C@H]1c1ccc(F)cc1)C(=O)N1CCNCC1)c1ccc(-c2ncccn2)cc1,5.16
O=C(N[C@@H](CCCN[C@@H]1C[C@H]1c1ccc(F)cc1)C(=O)N1CCNCC1)c1ccc(-n2ccnn2)cc1,5.3
O=C(N[C@@H](CCCN[C@@H]1C[C@H]1c1ccc(F)cc1)C(=O)N1CCOCC1)c1ccc(-n2cccn2)cc1,5.7
O=C(N[C@@H](CCCN[C@@H]1C[C@H]1c1ccc(F)cc1)C(=O)N1CCS(=O)(=O)CC1)c1ccc(-c2ccccc2)cc1,4.96
O=C(N[C@@H](CCCN[C@@H]1C[C@H]1c1ccc(F)cc1)C(=O)N1CCS(=O)(=O)CC1)c1ccc(-c2ccccn2)cc1,5.22
O=C(N[C@@H](CCCN[C@@H]1C[C@H]1c1ccc(F)cc1)C(=O)N1CCS(=O)(=O)CC1)c1ccc(-c2cnccn2)cc1,5.3
O=C(N[C@@H](CCCN[C@@H]1C[C@H]1c1ccc(F)cc1)C(=O)N1CCS(=O)(=O)CC1)c1ccc(-c2ncccn2)cc1,4.96
O=C(N[C@@H](CCCN[C@@H]1C[C@H]1c1ccc(F)cc1)C(=O)N1CCS(=O)(=O)CC1)c1ccc(-c2ncco2)cc1,5.3
O=C(N[C@@H](CCCN[C@@H]1C[C@H]1c1ccc(F)cc1)C(=O)N1CCS(=O)(=O)CC1)c1ccc(-n2cccc2)cc1,5.7
O=C(N[C@@H](CCCN[C@@H]1C[C@H]1c1ccc(F)cc1)C(=O)N1CCS(=O)(=O)CC1)c1ccc(-n2cccn2)cc1,4.85
O=C(N[C@@H](CCCN[C@@H]1C[C@H]1c1ccc(F)cc1)C(=O)N1CCS(=O)(=O)CC1)c1ccc(-n2ccnc2)cc1,4.96
O=C(N[C@@H](CCCN[C@@H]1C[C@H]1c1ccc(F)cc1)C(=O)N1CCS(=O)(=O)CC1)c1ccc(-n2ccnn2)cc1,5.0
O=C(N[C@@H](CCCN[C@@H]1C[C@H]1c1ccc(F)cc1)C(=O)N1CCS(=O)(=O)CC1)c1ccc(-n2cnnc2)cc1,4.46
O=C(N[C@@H](CCCN[C@@H]1C[C@H]1c1ccc(F)cc1)C(=O)N1CCS(=O)(=O)CC1)c1ccc(F)cc1,4.34
O=C(N[C@@H](CCCN[C@@H]1C[C@H]1c1ccc(F)cc1)C(=O)N1CCS(=O)(=O)CC1)c1cnn(-c2ccccc2)c1,4.85
O=C(N[C@@H](CCN[C@@H]1C[C@H]1c1ccc(F)cc1)C(=O)N1CCC1)c1ccc(-c2ccccc2)cc1,4.66
O=C(N[C@@H](CCN[C@@H]1C[C@H]1c1ccc(F)cc1)C(=O)N1CCS(=O)(=O)CC1)c1ccc(-c2ccc(F)cc2)cc1,5.4
O=C(N[C@@H](CCN[C@@H]1C[C@H]1c1ccc(F)cc1)C(=O)N1CCS(=O)(=O)CC1)c1ccc(-c2ccccc2)cc1,4.92
O=C(N[C@@H](CCN[C@@H]1C[C@H]1c1ccc(F)cc1)C(=O)N1CCS(=O)(=O)CC1)c1ccc(-c2ncco2)cc1,4.35
O=C(N[C@@H](CCN[C@@H]1C[C@H]1c1ccc(F)cc1)C(=O)N1CCS(=O)(=O)CC1)c1ccc(-n2cccn2)cc1,4.77
O=C(N[C@@H](CCN[C@@H]1C[C@H]1c1ccc(F)cc1)C(=O)N1CCS(=O)(=O)CC1)c1ccc(Oc2ccccc2)cc1,5.22
O=C(N[C@@H](CCN[C@@H]1C[C@H]1c1ccc(F)cc1)C(=O)N1CCS(=O)(=O)CC1)c1ccc(S(=O)(=O)c2ccccc2)cc1,5.05
O=C(N[C@@H](CCN[C@@H]1C[C@H]1c1ccc(F)cc1)C(=O)N1CCS(=O)(=O)CC1)c1cccc(-c2ccccc2)c1,5.3
O=C(N[C@@H](CCN[C@H]1C[C@@H]1c1ccc(F)cc1)C(=O)N1CCS(=O)(=O)CC1)c1ccc(-c2ccccc2)cc1,4.62
O=C(Nc1ccc(-c2ncccn2)cc1)c1cccc(C2CC2NC2CCS(=O)(=O)CC2)c1,6.77
O=C(Nc1ccc(CN2CCS(=O)(=O)CC2)cc1)c1cccc(C2CC2NCC2CC2)c1,6.8
O=C(Nc1ccc(F)cc1)c1cccc(C2CC2NC2CCOCC2)c1,7.0
O=C(Nc1ccc(N2CCOCC2)c(F)c1)c1cccc(CN[C@@H]2C[C@H]2c2ccc(F)c(F)c2)c1,6.6
O=C(Nc1ccc(N2CCOCC2)cc1)c1cccc(C2CC2NCC2CC2)c1,6.92
O=C(Nc1ccc(N2CCOCC2)nc1)c1cccc(C2CC2NCC2CC2)c1,6.77
O=C(Nc1ccc([C@@H]2C[C@H]2NCC2CC2)cc1)c1ccc(-c2ccccc2)cc1,8.04
O=C(Nc1ccc([C@@H]2C[C@H]2NCC2CC2)cc1)c1ccccc1,8.85
O=C(Nc1ccc2[nH]cnc2c1)c1cccc(C2CC2NCC2CC2)c1,6.55
O=C(Nc1ccc2c(c1)nc1n2CCCCC1)c1cccc(C2CC2NCC2CC2)c1,6.72
O=C(Nc1cccc(-c2ccccc2)c1)c1cccc(C2CC2NCC2CC2)c1,6.92
O=C(Nc1cccc(-c2nnc3n2CCCCC3)c1)c1cccc(C2CC2NCC2CC2)c1,6.68
O=C(Nc1cccc(S(=O)(=O)N2CCOCC2)c1)c1cccc(CN[C@@H]2C[C@H]2c2ccc(F)c(F)c2)c1,7.49
O=C(Nc1cccc2c1N(Cc1ccc(OC3CCNCC3)cc1)CCC2)c1cc2ccccc2[nH]1,8.55
O=C(Nc1cccc2c1N(Cc1ccc(OC3CCNCC3)cc1)CCC2)c1cc2ccccc2n1C(F)F,9.41
O=C(Nc1cccc2c1N(Cc1ccc(OC3CCNCC3)cc1)CCC2)c1cc2ccccc2n1CC(F)F,9.11
O=C(Nc1cccc2c1N(Cc1ccc(OC3CCNCC3)cc1)CCC2)c1cc2ccccc2n1CC1CC1,8.58
O=C(Nc1cccc2c1N(Cc1ccc(OC3CCNCC3)cc1)CCC2)c1cc2ccccc2n1CCCl,9.82
O=C(Nc1cccc2c1N(Cc1ccc(OC3CCNCC3)cc1)CCC2)c1cc2ccccc2n1CCF,10.22
O=C(Nc1cccc2c1N(Cc1ccc(OC3CCNCC3)cc1)CCC2)c1cc2ccccc2o1,9.28
O=C(Nc1cccc2c1N(Cc1ccc(OC3CCNCC3)cc1)CCC2)c1cc2ccccc2s1,9.03
O=C(Nc1cccc2c1N(Cc1ccc(OC3CCNCC3)cc1)CCC2)c1ccc(C(F)(F)F)cc1,8.74
O=C(Nc1cccc2c1N(Cc1ccc(OC3CCNCC3)cc1)CCC2)c1ccc(C(F)(F)F)cc1F,8.29
O=C(Nc1cccc2c1N(Cc1ccc(OC3CCNCC3)cc1)CCC2)c1ccc2[nH]ccc2c1,8.34
O=C(Nc1cccc2c1N(Cc1ccc(OC3CCNCC3)cc1)CCC2)c1ccc2ccccc2n1,7.88
O=C(Nc1cccc2c1N(Cc1ccc(OC3CCNCC3)cc1)CCC2)c1cccc2[nH]ccc12,9.27
O=C(Nc1cccc2c1N(Cc1ccc(OC3CCNCC3)cc1)CCC2)c1cnc2ccccc2c1,7.73
O=C(Nc1cccc2c1N(Cc1ccc(OC3CCNCC3)cc1)CCC2)c1nc2ccccc2[nH]1,8.64
O=C(Nc1cccc2c1N(Cc1ccc(OC3CCNCC3)cc1)CCC2)c1nc2ccccc2s1,9.04
O=C(Nc1ccccc1)c1ccc([C@@H]2C[C@H]2NCC2CC2)cc1,9.0
O=C(Nc1ccccc1F)c1cccc(C2CC2NCC2CC2)c1,6.92
O=C(Nc1cnn(CC2CC2)c1)c1cccc(C2CC2NC2CCN(C3CC3)CC2)c1,6.68
O=C(Nc1cnn(CC2CC2)c1)c1cccc(C2CC2NC2CCN(CC(F)(F)F)CC2)c1,7.0
O=C(Nc1cnn(CC2CC2)c1)c1cccc(C2CC2NC2CCOCC2)c1,6.98
O=C(Nc1nc(O)c2c(n1)CCCC2)c1cccc(C2CC2NCC2CC2)c1,6.34
O=C(Nc1nc2ccc(Oc3ccccc3)cc2s1)c1cccc(C2CC2NCC2CC2)c1,6.52
O=C(Nc1nc2ccccc2s1)c1cccc(CN[C@H]2CCN(Cc3ccccc3)C2)c1,4.74
O=C(Nc1nccs1)c1cccc(C2CC2NCC2CC2)c1,6.82
O=C(Nc1nncs1)c1cc(C2CC2NCC2CC2)cs1,6.48
O=C(O)/C=C/c1ccc(OCCCN2CCC(N[C@@H]3C[C@H]3c3ccccc3)CC2)cc1,8.1
O=C(O)C(F)(F)F.O=C(O)C(F)(F)F.Oc1cc2c(cc1O)C(c1ccc(C3NCCc4cc(O)c(O)cc43)cc1)NCC2,5.59
O=C(O)C(F)(F)F.O=[N+]([O-])c1ccc(C2NCCc3cc(O)c(O)cc32)cc1,6.47
O=C(O)C(F)(F)F.Oc1cc2c(cc1O)C(Cc1ccccc1)NCC2,5.79
O=C(O)C(F)(F)F.Oc1cc2c(cc1O)C(c1ccc(Br)cc1)NCC2,5.65
O=C(O)C(F)(F)F.Oc1cc2c(cc1O)C(c1ccc(C(F)(F)F)cc1)NCC2,5.61
O=C(O)C(F)(F)F.Oc1cc2c(cc1O)C(c1ccc(Cl)cc1)NCC2,5.74
O=C(O)C(F)(F)F.Oc1cc2c(cc1O)C(c1ccc(F)cc1)NCC2,5.74
O=C(O)C(F)(F)F.Oc1cc2c(cc1O)C(c1ccc(O)c(Cl)c1)NCC2,5.47
O=C(O)C(F)(F)F.Oc1cc2c(cc1O)C(c1ccc3ccccc3c1)NCC2,5.68
O=C(O)C(F)(F)F.Oc1cc2c(cc1O)C(c1cccc(Br)c1)NCC2,5.71
O=C(O)C(F)(F)F.Oc1cc2c(cc1O)C(c1cccc(C(F)(F)F)c1)NCC2,6.02
O=C(O)C(F)(F)F.Oc1cc2c(cc1O)C(c1cccc3c1OCCO3)NCC2,5.7
O=C(O)C(F)(F)F.Oc1cc2c(cc1O)C(c1ccccc1)NCC2,5.6
O=C(O)C(F)(F)F.Oc1cc2c(cc1O)C(c1ccccc1Br)NCC2,5.63
O=C(O)C(F)(F)F.Oc1cc2c(cc1O)C(c1ccncc1)NCC2,5.55
O=C(O)C(F)(F)F.Oc1ccc(C2NCCc3cc(O)c(O)cc32)cc1,6.14
O=C(O)C1(CN2CCC(c3nc(C4(CN[C@@H]5C[C@H]5c5ccccc5)CC4)no3)CC2)CCC1,6.52
O=C(O)C12CCC(c3nc(C4(CN[C@H]5CC5c5ccccc5)CC4)no3)(CC1)CC2,6.52
O=C(O)C1CC2(C1)CC(c1nc(C3(CN[C@H]4CC4c4ccccc4)CC3)no1)C2,6.52
O=C(O)C1CCN(c2nc(C3(CN[C@@H]4C[C@H]4c4ccccc4)CC3)no2)CC1,6.52
O=C(O)CC1(N2CCC(CNC3CC3c3ccccc3)CC2)CNC1,7.52
O=C(O)CC1(N2CCC(CN[C@@H]3CC3c3ccccc3)(Cc3ccc(F)cc3)CC2)CCC1,7.52
O=C(O)CC1(N2CCC(CN[C@@H]3CC3c3ccccc3)CC2)CCC1,7.52
O=C(O)CC1(N2CCC(N[C@@H]3CC3c3ccccc3)CC2)CN(CCC(F)(F)F)C1,7.52
O=C(O)CC1(N2CCC(N[C@@H]3CC3c3ccccc3)CC2)CN(Cc2cncnc2)C1,7.52
O=C(O)CC1(N2CCC(N[C@@H]3CC3c3ccccc3)CC2)CN(Cc2cncs2)C1,7.52
O=C(O)CC1(N2CCC(N[C@@H]3CC3c3ccccc3)CC2)CN(Cc2cscn2)C1,7.52
O=C(O)CC1(N2CCC(N[C@@H]3CC3c3ccccc3)CC2)CN(Cc2ncccn2)C1,7.52
O=C(O)CC1(N2CCC(N[C@@H]3CC3c3ccccc3)CC2)CN(Cc2nccs2)C1,7.52
O=C(O)CCCN1CCC(N[C@@H]2C[C@H]2c2ccccc2)CC1,6.72
O=C(O)CCN1CCC(CNC2CC23CCc2ccccc23)CC1,6.585
O=C(O)CCN1CCC(N[C@@H]2C[C@H]2c2ccccc2)CC1,6.56
O=C(O)Cc1ccc(OCC(O)CN2CCC(N[C@@H]3C[C@H]3c3ccccc3)CC2)cc1,7.06
O=C(O)Cc1ccc(OCCCN2CCC(N[C@@H]3C[C@H]3c3ccccc3)CC2)cc1,7.68
O=C(O)Cc1ccc(OCCN2CC(CN[C@@H]3C[C@H]3c3ccccc3)C2)cc1,7.7
O=C(O)Cc1ccc(OCCN2CCC(N[C@@H]3C[C@H]3c3ccccc3)CC2)c(Cl)c1,8.52
O=C(O)Cc1ccc(OCCN2CCC(N[C@@H]3C[C@H]3c3ccccc3)CC2)c(F)c1,8.1
O=C(O)[C@@H]1CCN1CC1(CN[C@@H]2C[C@H]2c2ccccc2)CC1,6.52
O=C(O)[C@@H]1CC[C@H](c2nc(C3(CN[C@H]4CC4c4ccccc4)CC3)no2)C1,6.52
O=C(O)[C@H](Cc1c[nH]c2ccccc12)NCC1(CN[C@@H]2C[C@H]2c2ccccc2)CC1,6.52
O=C(O)[C@H](Cc1ccccc1)NCC1(CN[C@@H]2C[C@H]2c2ccccc2)CC1,6.52
O=C(O)[C@H]1CC[C@@H](c2nc(C3(CN[C@H]4CC4c4ccccc4)CC3)no2)C1,6.52
O=C(O)[C@H]1CC[C@@H](c2nc(C3(CN[C@H]4CC4c4ccccc4)CC3)no2)CC1,6.52
O=C(O)[C@H]1CC[C@H](c2nc(C3(CN[C@@H]4C[C@H]4c4ccccc4)CC3)no2)CC1,6.52
O=C(O)[C@H]1C[C@H](c2nc(C3(CN[C@@H]4C[C@H]4c4ccccc4)CC3)no2)C1,7.12
O=C(O)[C@H]1O[C@@H](Oc2cc3oc(-c4ccccc4)cc(=O)c3c(O)c2O)[C@H](O)[C@@H](O)[C@@H]1O,5.52
O=C(O)c1cc(Br)ccc1NS(=O)(=O)c1ccc(-c2ccc(C(F)(F)F)cc2)cc1,5.82
O=C(O)c1cc(C(F)(F)F)ccc1NS(=O)(=O)c1ccc(-c2ccc(C(F)(F)F)cc2)cc1,6.12
O=C(O)c1cc(C(F)(F)F)ccc1NS(=O)(=O)c1ccc(C2CCCCC2)cc1,5.66
O=C(O)c1ccc(-c2nc(C3(CN[C@H]4CC4c4ccccc4)CC3)no2)cn1,6.52
O=C(O)c1ccc(C(=O)N2CCC(c3nc(C4(CN[C@H]5CC5c5ccccc5)CC4)no3)CC2)cc1,6.52
O=C(O)c1ccc(C(F)(F)F)cc1NS(=O)(=O)c1ccc(-c2ccc(Cl)cc2)cc1,6.1
O=C(O)c1ccc(CCCN2CCC(CN[C@H]3C[C@@H]3c3ccccc3)CC2)cc1,7.17
O=C(O)c1ccc(CN2CC(CNC3CC3c3ccccc3)C2)cc1,6.52
O=C(O)c1ccc(CN2CC(c3nc(C4(CN[C@H]5CC5c5ccccc5)CC4)no3)C2)cc1,6.52
O=C(O)c1ccc(CN2CCC(CNC3CC34CCCc3ccccc34)CC2)cc1,6.825
O=C(O)c1ccc(CN2CCC(CNC3CC34CCc3ccc(-c5cccnc5)cc34)CC2)cc1,6.45
O=C(O)c1ccc(CN2CCC(CNC3CC34CCc3ccccc34)CC2)cc1,6.59
O=C(O)c1ccc(CN2CCC(CN[C@@H]3C[C@H]3Nc3ccccc3)CC2)cc1,5.77
O=C(O)c1ccc(CN2CCC(CN[C@@H]3C[C@H]3c3ccccc3)CC2)cc1,7.27
O=C(O)c1ccc(CN2CCC(CN[C@H]3C[C@@H]3c3ccccc3)CC2)cc1,5.99
O=C(O)c1ccc(CN2CCC(COC(=O)N3CCC(F)(CNC4CC4c4ccccc4)CC3)CC2)cc1,6.42
O=C(O)c1ccc(CN2CCC(F)(CNC3CC3c3ccc(Br)s3)CC2)cc1,7.16
O=C(O)c1ccc(CN2CCC(F)(CNC3CC3c3ccccc3)CC2)cc1,8.11
O=C(O)c1ccc(CN2CCC(F)(CN[C@@H]3C[C@H]3c3ccccc3)CC2)cc1,5.89
O=C(O)c1ccc(CN2CCC(F)(CN[C@H]3C[C@@H]3c3ccccc3)CC2)cc1,5.73
O=C(O)c1ccc(CN2CCC(NC3CC3c3ccccc3)CC2)cc1,6.52
O=C(O)c1ccc(CN2CCC(c3nc(C4(CN[C@@H]5CC5c5ccccc5)CC4)no3)CC2)cc1,7.12
O=C(O)c1ccc(CN2CCC(c3nc(C4(CN[C@H]5CC5c5ccccc5)CC4)no3)C2)cc1,6.52
O=C(O)c1ccc(CN2CCC(c3nc(C4(CN[C@H]5CC5c5ccccc5)CC4)no3)CC2)cc1,6.52
O=C(O)c1ccc(CN2CCC3(CC2)CC(c2nc(C4(CN[C@H]5CC5c5ccccc5)CC4)no2)C3)cc1,6.52
O=C(O)c1ccc(CNC2(CN[C@H]3CC3c3ccccc3)CC2)cc1,6.52
O=C(O)c1ccc(N2CCC(c3nc(C4(CN[C@H]5CC5c5ccccc5)CC4)no3)CC2)cc1,6.52
O=C(O)c1ccc(NCC2(CN[C@H]3CC3c3ccccc3)CCC2)nc1,6.52
O=C(O)c1ccc(OCC(O)CN2CCC(N[C@@H]3C[C@H]3c3ccccc3)CC2)cc1,8.52
O=C(O)c1ccc(OCCCN2CCC(N[C@@H]3C[C@H]3c3ccccc3)CC2)cc1,7.92
O=C(O)c1ccc(OCCN2CC(CN[C@@H]3C[C@H]3c3ccccc3)C2)cc1,6.91
O=C(O)c1ccc(OCCN2CCC(N[C@@H]3C[C@H]3c3ccc(F)c(F)c3)CC2)cc1,7.82
O=C(O)c1ccc(OCCN2CCC(N[C@@H]3C[C@H]3c3ccccc3)CC2)cc1,7.77
O=C(O)c1ccc2c(c1)C1(CC2)CC1NCC1CCNCC1,5.745
O=C(O)c1ccc2c(c1)CN(CC1(CN[C@H]3CC3c3ccccc3)CC1)C2,6.52
O=C(O)c1cccc(-c2nc(C3(CN[C@H]4CC4c4ccccc4)CCC3)no2)c1,6.52
O=C(O)c1cccc(CN2CCC(NC3CC3c3ccccc3)CC2)c1,6.52
O=C(O)c1cccc(CN[C@@H]2C[C@H]2c2ccc(F)c(F)c2)c1,6.29
O=C(O)c1cccc(NC(=O)c2cccc(CN[C@@H]3C[C@H]3c3ccc(F)c(F)c3)c2)c1,6.32
O=C(O)c1ccnc(NCCN2CCC(N[C@@H]3C[C@H]3c3ccccc3)CC2)c1,7.96
O=C(O)c1ccnc(OCCN2CCC(N[C@@H]3C[C@H]3c3ccccc3)CC2)c1,6.54
O=C(OC1CCNCC1)N1CCC(F)(CNC2CC2c2ccccc2)CC1,7.43
O=C(OCC1CCN(CC2CC2)CC1)N1CCC(F)(CNC2CC2c2ccccc2)CC1,7.19
O=C(OCC1CCN(Cc2ccccc2)CC1)N1CCC(F)(CNC2CC2c2ccccc2)CC1,7.61
O=C(OCC1CCNCC1)N1CCC(F)(CNC2CC2c2ccc(-c3ccc(C(F)(F)F)cc3)s2)CC1,7.28
O=C(OCC1CCNCC1)N1CCC(F)(CNC2CC2c2ccc(-c3ccc(F)cc3)nc2)CC1,7.16
O=C(OCC1CCNCC1)N1CCC(F)(CNC2CC2c2ccc(-c3cccc(C(F)(F)F)c3)nc2)CC1,7.1
O=C(OCC1CCNCC1)N1CCC(F)(CNC2CC2c2ccc(-c3ccccc3)nc2)CC1,6.9
O=C(OCC1CCNCC1)N1CCC(F)(CNC2CC2c2ccc(Br)s2)CC1,7.79
O=C(OCC1CCNCC1)N1CCC(F)(CNC2CC2c2ccc(C3CC3)s2)CC1,6.96
O=C(OCC1CCNCC1)N1CCC(F)(CNC2CC2c2ccccc2)CC1,7.35
O=C(OCC1CCNCC1)N1CCC(F)(CN[C@@H]2C[C@H]2c2ccccc2)CC1,7.3
O=C(OCC1CCNCC1)N1CCC(F)(CN[C@H]2C[C@@H]2c2ccccc2)CC1,6.93
O=C(OCC1CNC1)N1CCC(F)(CNC2CC2c2ccccc2)CC1,7.15
O=C(OCO)c1cccc(-c2csc(NS(=O)(=O)c3cccc(Cl)c3)n2)c1,4.46
O=C(OCc1ccccc1)N1CCC(F)(CNC2CC2c2ccccc2)CC1,8.98
O=C(OCc1ccccc1)N1CCC(O)(CNC2CC23CCc2ccccc23)CC1,7.495
O=C(OCc1ccccc1)N1CCN(C(=S)SCc2cn(Cc3ccc(Cl)c(Cl)c3)nn2)CC1,4.53
O=C(OCc1ccccc1)N1CCN(C(=S)SCc2cn(Cc3ccc(F)cc3)nn2)CC1,4.32
O=C(OCc1ccccc1)N1CCN(C(=S)SCc2cn(Cc3ccccc3Cl)nn2)CC1,4.27
O=C(OCc1ccccc1)N1CCN(C(=S)SCc2cn(Cc3ccccc3F)nn2)CC1,4.48
O=C(OCc1ccncc1)N1CCC(F)(CNC2CC2c2ccccc2)CC1,6.92
O=C(Oc1ccccc1)N1CCC(F)(CNC2CC2c2ccccc2)CC1,7.25
O=C(Oc1cccnc1Cl)C1CC2OC1C(c1ccc(O)cc1)=C2c1ccc(O)cc1,4.76
O=C(c1ccc(OCCN2CCCCC2)cc1)c1c(-c2ccc(O)cc2)sc2cc(O)ccc12,5.68
O=C(c1cccc(C2CC2NCC2CC2)c1)N1CCCC1,6.17
O=C(c1cccc(C2CC2NCC2CC2)c1)N1Cc2ccccc2C1,6.92
O=C(c1cccc(CN[C@@H]2C[C@H]2c2ccc(F)c(F)c2)c1)N1CC2CCCCC2C1,7.24
O=C(c1cccc(CN[C@@H]2C[C@H]2c2ccc(F)c(F)c2)c1)N1CCC(O)CC1,6.85
O=C(c1cccc(CN[C@@H]2C[C@H]2c2ccc(F)c(F)c2)c1)N1CCN(c2ccc(Cl)c(Cl)c2)CC1,7.6
O=C(c1cccc(CN[C@@H]2C[C@H]2c2ccc(F)c(F)c2)c1)N1CCN(c2ccccc2)CC1,7.25
O=C(c1cccc(CN[C@@H]2C[C@H]2c2ccc(F)c(F)c2)c1)N1CCc2ccccc21,7.58
O=C(c1ccccc1)N1CCc2cc(C3CC3NCC3CCNCC3)ccc21,4.82
O=C(c1ccco1)N1CCN(CCN2c3ccccc3Sc3ccccc32)CC1,5.8
O=C1C(=O)N(CN2CCC(Cc3ccccc3)CC2)c2ccc([N+](=O)[O-])cc21,5.12
O=C1C(CCCCN[C@@H]2C[C@H]2c2ccccc2)C(=O)N(c2ccc(-c3ccccc3)cc2)CCN1Cc1cccc(Cl)c1,6.21
O=C1CC(N[C@@H]2C[C@H]2c2ccccc2)CCN1CCOc1ccc(Br)cc1,8.0
O=C1CCCCN1c1ccc(NCCN2CCC(N[C@@H]3C[C@H]3c3ccccc3)CC2)cc1,8.52
O=C1CCCCN1c1ccc(OCCN2CC(CN[C@@H]3C[C@H]3c3ccccc3)C2)cc1,8.15
O=C1CCCCN1c1ccc(OCCN2CCC(N[C@@H]3C[C@H]3c3ccccc3)CC2)cc1,8.1
O=C1CCCN1c1ccc(NCCN2CCC(N[C@@H]3C[C@H]3c3ccccc3)CC2)cc1,8.3
O=C1CCCN1c1ccc(OCCN2CCC(N[C@@H]3C[C@H]3c3ccccc3)CC2)cc1,6.94
O=C1CCc2cc(OCCN3CCC(N[C@@H]4C[C@H]4c4ccccc4)CC3)ccc2N1,8.3
O=C1CN(C(=O)[C@H](CCCN[C@@H]2C[C@H]2c2ccc(F)cc2)NC(=O)c2ccc(-n3cccn3)cc2)CCN1,5.0
O=C1CN(C(=O)[C@H](CCCN[C@@H]2C[C@H]2c2ccc(F)cc2)NC(=O)c2ccc(-n3ccnn3)cc2)CCN1,5.4
O=C1CN(C(=O)[C@H](CCCN[C@@H]2C[C@H]2c2ccc(F)cc2)NC(=O)c2ccc(-n3cnnc3)cc2)CCN1,4.28
O=C1CN(C(=O)[C@H](CCCN[C@@H]2C[C@H]2c2ccc(F)cc2)NC(=O)c2ccc(F)cc2)CCN1,4.19
O=C1CN(C(=O)[C@H](CCN[C@@H]2C[C@H]2c2ccc(F)cc2)NC(=O)c2ccc(-c3ccccc3)cc2)CCN1,5.4
O=C1COCCN1c1ccc(NCCN2CCC(N[C@@H]3C[C@H]3c3ccccc3)CC2)cc1,8.22
O=C1COCCN1c1ccc(OCCN2CC(CN[C@@H]3C[C@H]3c3ccccc3)C2)cc1,8.0
O=C1COCCN1c1ccc(OCCN2CCC(N[C@@H]3C[C@H]3c3ccccc3)CC2)cc1,7.34
O=C1COc2cc(OCCN3CCC(N[C@@H]4C[C@H]4c4ccccc4)CC3)ccc2N1,7.96
O=C1Cc2cc(OCCN3CCC(N[C@@H]4C[C@H]4c4ccccc4)CC3)ccc2N1,8.22
O=C1NC(=O)N(c2ccc(Br)cc2)C(=O)C1=Cc1ccc(O)c(O)c1,6.52
O=C1NC(=S)N(c2ccc(Br)cc2)C(=O)C1=Cc1ccc(O)c(O)c1,6.175
O=C1OCCCN1c1ccc(NCCN2CC(CN[C@@H]3C[C@H]3c3ccccc3)C2)cc1,7.51
O=C1OCCCN1c1ccc(NCCN2CCC(N[C@@H]3C[C@H]3c3ccccc3)CC2)cc1,8.22
O=C1OCCCN1c1ccc(OCCN2CC(CN[C@@H]3C[C@H]3c3ccccc3)C2)cc1,8.03
O=C1OCCCN1c1ccc(OCCN2CC(CN[C@@H]3C[C@H]3c3ccccc3)C2)cn1,7.72
O=C1OCCCN1c1ccc(OCCN2CCC(N[C@@H]3C[C@H]3c3ccccc3)CC2)cc1,8.52
O=C1OCCCN1c1ccc(OCCN2CCC(N[C@@H]3C[C@H]3c3ccccc3)CC2)cn1,7.24
O=C1OCCCN1c1ccc(OCCN2CCC(N[C@@H]3C[C@H]3c3ccccc3)CC2)nc1,7.77
O=C1OCCN1c1ccc(NCCN2CCC(N[C@@H]3C[C@H]3c3ccccc3)CC2)cc1,8.7
O=C1OCCN1c1ccc(OCCN2CCC(N[C@@H]3C[C@H]3c3ccccc3)CC2)cc1,8.3
O=C1c2ccccc2C(=O)N1CCN1CCC(N[C@@H]2C[C@H]2c2ccccc2)CC1,7.64
O=C1c2ccccc2C2c3cc(O)c(O)cc3CCN12,5.56
O=COc1ccccc1-c1nc(C2(CN[C@H]3CC3c3ccccc3)CCC2)no1,6.52
O=COc1ccncc1NCCN1CCC(N[C@@H]2C[C@H]2c2ccccc2)CC1,6.9
O=COc1ccncc1OCCN1CCC(N[C@@H]2C[C@H]2c2ccccc2)CC1,6.81
O=S(=O)(C1CCCCC1)N1CCc2cc(C3CC3NCC3CCNCC3)ccc21,4.32
O=S(=O)(CC1CCNCC1)N1CCC(F)(CNC2CC2c2ccccc2)CC1,7.67
O=S(=O)(CCN1CCC(N[C@@H]2C[C@H]2c2ccccc2)CC1)Nc1ccccc1,6.65
O=S(=O)(N1CCc2cc(C3CC3NCC3CCNCC3)ccc21)C(F)(F)F,4.38
O=S(=O)(NCCN1CCC(N[C@@H]2C[C@H]2c2ccccc2)CC1)C1CC1,7.85
O=S(=O)(NCCN1CCC(N[C@@H]2C[C@H]2c2ccccc2)CC1)c1ccccc1,9.0
O=S(=O)(Nc1cc(F)ccc1-c1nnn[nH]1)c1ccc(-c2ccc(Cl)cc2)cc1,6.23
O=S(=O)(Nc1ccc(Br)cc1-c1nnn[nH]1)c1ccc(-c2ccc(Cl)cc2)cc1,5.75
O=S(=O)(Nc1ccn(-c2ccc(Cl)cc2)n1)c1cccc(C(F)(F)F)c1,4.25
O=S(=O)(Nc1ccn(-c2ccccc2)n1)c1cc(Cl)cc(Cl)c1,4.42
O=S(=O)(Nc1nc(-c2ccc(Br)cc2)cs1)c1cccc(Cl)c1,4.78
O=S(=O)(Nc1nc(-c2ccc(Cl)cc2)cs1)C(F)(F)F,4.35
O=S(=O)(Nc1nc(-c2ccc(Cl)cc2)cs1)c1ccc(-c2ccccc2)cc1,4.8
O=S(=O)(Nc1nc(-c2ccc(Cl)cc2)cs1)c1ccc(C(F)(F)F)cc1,4.76
O=S(=O)(Nc1nc(-c2ccc(Cl)cc2)cs1)c1ccc(Cl)cc1,4.88
O=S(=O)(Nc1nc(-c2ccc(Cl)cc2)cs1)c1cccc(-c2ccccc2)c1,5.12
O=S(=O)(Nc1nc(-c2ccc(Cl)cc2)cs1)c1cccc(C(F)(F)F)c1,5.02
O=S(=O)(Nc1nc(-c2ccc(Cl)cc2)cs1)c1cccc(Cl)c1,4.99
O=S(=O)(Nc1nc(-c2ccc(Cl)cc2)cs1)c1ccccc1,4.07
O=S(=O)(Nc1nc(-c2ccc(Cl)cc2)cs1)c1ccccc1C(F)(F)F,4.74
O=S(=O)(Nc1nc(-c2ccc(Cl)cc2)cs1)c1ccccc1Cl,4.4
O=S(=O)(Nc1nc(-c2ccc(Cl)cc2)cs1)c1cccs1,4.56
O=S(=O)(Nc1nc(-c2ccc(Cl)cc2)cs1)c1cncc(Br)c1,4.71
O=S(=O)(Nc1nc(-c2ccc3c(c2)OCCO3)cs1)c1cccc(Cl)c1,4.53
O=S(=O)(Nc1nc(-c2cccc(Br)c2)cs1)c1cccc(Cl)c1,4.89
O=S(=O)(Nc1nc(-c2cccc(Cl)c2)cs1)c1cccc(Cl)c1,4.99
O=S(=O)(Nc1nc(-c2ccccc2)c(-c2ccccc2)s1)c1cccc(Cl)c1,4.86
O=S(=O)(Nc1nc(-c2ccccc2)cs1)c1cccc(Cl)c1,4.29
O=S(=O)(Nc1nc(-c2ccccc2Cl)cs1)c1cccc(Cl)c1,4.86
O=S(=O)(Oc1ccc2ccccc2c1)C1CC2OC1C(c1ccc(O)cc1)=C2c1ccc(O)cc1,4.82
O=S(=O)(Oc1cccc(Br)n1)C1CC2OC1C(c1ccc(O)cc1)=C2c1ccc(O)cc1,5.23
O=S(=O)(Oc1cccc(Cl)n1)C1CC2OC1C(c1ccc(O)cc1)=C2c1ccc(O)cc1,5.39
O=S(=O)(Oc1cccc(F)n1)C1CC2OC1C(c1ccc(O)cc1)=C2c1ccc(O)cc1,5.81
O=S(=O)(Oc1cccnc1Br)C1CC2OC1C(c1ccc(O)cc1)=C2c1ccc(O)cc1,4.91
O=S(=O)(Oc1cccnc1Cl)C1CC2OC1C(c1ccc(O)cc1)=C2c1ccc(O)cc1,5.15
O=S(=O)(Oc1cncc(F)c1)C1CC2OC1C(c1ccc(O)cc1)=C2c1ccc(O)cc1,4.74
O=S(=O)(c1ccc(-c2ccccc2)cc1)N1CCc2cc(C3CC3NCC3CCNCC3)ccc21,4.55
O=S(=O)(c1ccc2[nH]c(Nc3cc(Cl)ccc3O)nc2c1)N1CCNCC1,7.09
O=S(=O)(c1ccc2[nH]c(Nc3cc(Cl)ccc3O)nc2c1)N1CCOCC1,5.55
O=S(=O)(c1ccc2ccccc2c1)N1CCc2cc(C3CC3NCC3CCNCC3)ccc21,4.47
O=S(=O)(c1cccc(C(F)(F)F)c1)N1CCc2cc(C3CC3NCC3CCNCC3)ccc21,4.4
O=S(=O)(c1cccc(Cl)c1)N1CCc2cc(C3CC3NCC3CCNCC3)ccc21,4.54
O=S(=O)(c1ccccc1)N1CCc2cc(C3CC3NC3CC4(CCNCC4)C3)ccc21,4.6
O=S(=O)(c1ccccc1)N1CCc2cc(C3CC3NCC3CCN(Cc4ccccc4)CC3)ccc21,4.31
O=S(=O)(c1ccccc1)N1CCc2cc(C3CC3NCC3CCNCC3)ccc21,4.61
O=S(=O)(c1ccccc1)N1CCc2cc(C3CC3NCC3CNC3)ccc21,4.21
O=S(=O)(c1ccccc1)N1CCc2cc(C3CC3NCCC3CCNCC3)ccc21,4.41
O=S1(=O)CCC(N[C@H]2C[C@@H]2c2ccc(Br)cc2)CC1,6.75
O=S1(=O)CCCN(S(=O)(=O)c2ccc(-c3cnc(C4CC4)o3)cc2)c2ccccc21,5.55
O=[N+]([O-])c1cc(CN[C@H]2C[C@@H]2c2ccccc2)ccc1Cl,7.45
O=[N+]([O-])c1ccc(-c2csc(NS(=O)(=O)c3cccc(Cl)c3)n2)cc1,4.75
O=[N+]([O-])c1ccc(N[C@H]2C[C@@H]2c2ccccc2)o1,6.8
O=[N+]([O-])c1ccc(N[C@H]2C[C@@H]2c2ccccc2)s1,6.93
O=[N+]([O-])c1ccc(S(=O)(=O)Nc2nc(-c3ccc(Cl)cc3)cs2)cc1,4.58
O=[N+]([O-])c1cccc(-c2csc(NS(=O)(=O)c3cccc(Cl)c3)n2)c1,4.86
O=[N+]([O-])c1cccc(CN[C@@H]2C[C@H]2c2ccccc2)c1,6.95
O=[N+]([O-])c1cccc(CN[C@H]2C[C@@H]2c2ccccc2)c1,7.145
O=[N+]([O-])c1cccc(S(=O)(=O)Nc2nc(-c3ccc(Cl)cc3)cs2)c1,4.69
O=[N+]([O-])c1ccccc1-c1csc(NS(=O)(=O)c2cccc(Cl)c2)n1,4.21
O=[N+]([O-])c1ccccc1CN[C@H]1C[C@@H]1c1ccccc1,6.19
O=[N+]([O-])c1ccccc1S(=O)(=O)Nc1nc(-c2ccc(Cl)cc2)cs1,4.31
O=c1[nH]c2ccc(OCCN3CCC(N[C@@H]4C[C@H]4c4ccccc4)CC3)cc2o1,8.15
O=c1c(Cl)c(C(F)(F)F)oc2ccc([N+](=O)[O-])cc12,4.29
O=c1c(O)c(-c2ccc(O)c(O)c2)oc2cc(O)cc(O)c12,5.9
O=c1c(O[C@@H]2O[C@H](CO)[C@@H](O)[C@H](O)[C@H]2O)c(-c2ccc(O)c(O)c2)oc2cc(O)cc(O)c12,6.01
O=c1cc(-c2ccccc2)oc2cc(O)c(O)c(O)c12,4.9
OC(CNc1ccccc1)CN1CCC(N[C@@H]2C[C@H]2c2ccccc2)CC1,7.48
OC(COc1ccccc1)CN1CC(CN[C@@H]2C[C@H]2c2ccccc2)C1,7.55
OC(COc1ccccc1)CN1CCC(N[C@@H]2C[C@H]2c2ccccc2)CC1,7.44
OC1CCC(N[C@H]2C[C@@H]2c2ccc(-c3cccc(C(F)(F)F)c3)nc2)CC1,6.57
OC1CCC(N[C@H]2C[C@@H]2c2ccc(OCc3cccc(C(F)(F)F)c3)nc2)CC1,6.57
OCCN1CCC(N[C@@H]2C[C@H]2c2ccccc2)CC1,7.77
O[C@@H](COc1ccccc1)CN1CCC(N[C@@H]2C[C@H]2c2ccccc2)CC1,7.82
O[C@H](COc1ccccc1)CN1CCC(N[C@@H]2C[C@H]2c2ccccc2)CC1,7.89
Oc1ccc(/C=C/c2cc(O)cc(O)c2)cc1,4.99
Oc1ccc(C2CNCCc3c2cc(O)c(O)c3Cl)cc1,6.05
Oc1ccc(CC2NCCc3cc(O)c(O)cc32)cc1,5.83
Oc1cccc(/C=C/c2ccc(O)c(-c3ccccn3)c2)c1,5.37
Oc1cccnc1CN[C@H]1CC1c1ccccc1,5.34
[C-]#[N+]c1cc(OC)cc(-c2ccc([C@H]3C[C@@H]3NC3CCC(N)CC3)cn2)c1,6.86
[C-]#[N+]c1ccc(-c2nc(C(=O)NC3CN(C)C3)c3nccn3c2-c2ccc(C)cc2)cc1,6.56
[C-]#[N+]c1ccc(-c2nc(C(=O)NCC3CNC3)c3nccn3c2-c2ccc(C)cc2)cc1,6.56
[C-]#[N+]c1ccc(-c2nc(CCN3CC[C@@H](N(C)C)C3)c3nccn3c2-c2ccc(C)cc2)cc1,6.12
[C-]#[N+]c1ccc(-c2nc(CO[C@@H]3CCNC3)c3nccn3c2-c2ccc(C)cc2)cc1,6.56
[C-]#[N+]c1ccc(-c2nc(N(C)C(=O)N3CC[C@@H](N(C)C)C3)c3nccn3c2-c2ccc(C)cc2)cc1,6.56
[C-]#[N+]c1ccc(-c2nc(N(C)C(=O)N3CC[C@H](N(C)C)C3)c3nccn3c2-c2ccc(C)cc2)cc1,6.12
[C-]#[N+]c1ccc(-c2nc(N(C)CCCN(C)C)c3nccn3c2-c2ccc(C)cc2)cc1,6.56
[C-]#[N+]c1ccc(-c2nc(NC3CCN(C)CC3)c3nccn3c2-c2ccc(C)cc2)cc1,6.56
[C-]#[N+]c1ccc(-c2nc(NCCC3CCCN3C)c3nccn3c2-c2ccc(C)cc2)cc1,6.56
[C-]#[N+]c1ccc(-c2nc(NCCc3csc(N)n3)c3nccn3c2-c2ccc(C)cc2)cc1,6.56
[C-]#[N+]c1ccc(-c2nc(OCCCN(C)C)c3nccn3c2-c2ccc(C)cc2)cc1,6.56
[C-]#[N+]c1ccc(-c2nc(OC[C@@H]3CCNC3)c3nccn3c2-c2ccc(Cl)cc2)cc1,6.56
[C-]#[N+]c1ccc(-c2nc(OC[C@@H]3CCNC3)c3nccn3c2-c2ccccc2)cc1,6.56
[C-]#[N+]c1ccc(COc2ccc([C@H]3C[C@@H]3NCC(=O)N3CCN(C)CC3)cc2)cc1,7.77
c1cc(-c2ccc([C@H]3C[C@@H]3NCC3CCNCC3)cc2)[nH]n1,7.14
c1cc([C@H]2C[C@@H]2NCC2CCNCC2)ccc1C1CC1,7.43
c1ccc(-c2ccc(CN[C@H]3C[C@@H]3c3ccccc3)cc2)cc1,6.92
c1ccc(-c2cccc(CN[C@H]3C[C@@H]3c3ccccc3)c2)cc1,7.22
c1ccc(-c2ncc(OCC3CCNCC3)nc2-c2ccccc2)cc1,4.32
c1ccc(C2CC2NCC2CN(C3CCN(c4ccccc4)CC3)C2)cc1,7.52
c1ccc(C2C[C@@H]2NC2CCc3ccccc32)cc1,6.26
c1ccc(C2C[C@@H]2NCC2(CN3CCC3)CC2)cc1,7.12
c1ccc(C2C[C@@H]2NCC2(CNCc3cnc4n3CCC4)CC2)cc1,7.12
c1ccc(C2C[C@@H]2NCC2(CNCc3cnc[nH]3)CC2)cc1,7.12
c1ccc(C2C[C@@H]2NCC2(CNCc3nccs3)CC2)cc1,6.52
c1ccc(C2C[C@@H]2NCC2(c3cc([C@H]4CCCNC4)on3)CCC2)cc1,7.12
c1ccc(C2C[C@@H]2NCC2(c3nc4ccccc4o3)CC2)cc1,7.12
c1ccc(C2C[C@@H]2NCC2(c3noc(-c4cncnc4)n3)CCC2)cc1,7.12
c1ccc(C2C[C@@H]2NCC2(c3noc(CC4CCNCC4)n3)CC2)cc1,6.52
c1ccc(C2C[C@@H]2NCC2(c3noc([C@@H]4CCCNC4)n3)CC2)cc1,7.12
c1ccc(C2C[C@@H]2NCCC2CCCCC2)cc1,6.26
c1ccc(C2C[C@@H]2NCCC2CCCCCC2)cc1,6.26
c1ccc(C2C[C@@H]2NCCCC2CCCCC2)cc1,6.26
c1ccc(C2C[C@@H]2NCc2ccc3[nH]ccc3c2)cc1,6.75
c1ccc(C2C[C@@H]2NCc2ccc3c(c2)CCO3)cc1,6.52
c1ccc(C2C[C@@H]2NCc2ccc3c(c2)OCCCO3)cc1,6.52
c1ccc(C2C[C@@H]2NCc2ccc3c(c2)OCCO3)cc1,6.17
c1ccc(C2C[C@@H]2NCc2ccc3c(c2)OCO3)cc1,6.4
c1ccc(C2C[C@@H]2NCc2ccc3ccccc3n2)cc1,6.34
c1ccc(C2C[C@@H]2NCc2cccc3c2OCCCO3)cc1,6.55
c1ccc(C2C[C@@H]2NCc2ccccn2)cc1,6.0
c1ccc(C2C[C@@H]2NCc2cccnc2)cc1,6.68
c1ccc(C2C[C@@H]2NCc2cccs2)cc1,5.35
c1ccc(C2C[C@@H]2NCc2ccncc2)cc1,6.16
c1ccc(C2C[C@@H]2NCc2cnc3ccccc3c2)cc1,6.85
c1ccc(C2C[C@@H]2NCc2nccs2)cc1,6.1
c1ccc(CN2CCC(CN[C@@H]3C[C@H]3c3ccccc3)CC2)cc1,8.22
c1ccc(CN2CCN(CCCN3c4ccccc4Sc4ccccc43)CC2)cc1,5.13
c1ccc(CN2CCN(c3ccc(Nc4c5ccccc5nc5ccccc45)cc3)CC2)cc1,5.62
c1ccc(CN2C[C@H]3C[C@@H](C2)[C@@H]3N[C@@H]2C[C@H]2c2ccccc2)cc1,6.96
c1ccc(CN[C@H]2C[C@@H]2c2ccccc2)cc1,6.49
c1ccc(COc2ccc(C3C[C@@H]3NCc3ccccn3)cc2)cc1,6.04
c1ccc(COc2ccc(CN[C@H]3C[C@@H]3c3ccccc3)cc2)cc1,6.81
c1ccc(COc2ccc([C@H]3C[C@@H]3NC3CCNCC3)cc2)cc1,7.49
c1ccc(COc2ccc3c(c2)CCC32CC2NCC2CCNCC2)cc1,6.98
c1ccc(COc2cccc(CN[C@H]3C[C@@H]3c3ccccc3)c2)cc1,7.18
c1ccc(CSc2nc(Sc3ccccn3)c3nnn(Cc4ccccc4)c3n2)cc1,6.25
c1ccc(NCCN2CCC(N[C@@H]3C[C@H]3c3ccccc3)CC2)cc1,8.4
c1ccc(Nc2c3ccccc3nc3ccccc23)cc1,5.98
c1ccc(OCCCN2CC(CN[C@@H]3C[C@H]3c3ccccc3)C2)cc1,8.0
c1ccc(OCCCN2CCC(N[C@@H]3C[C@H]3c3ccccc3)CC2)cc1,7.6
c1ccc(OCCN2CC(CN[C@@H]3C[C@H]3c3ccccc3)C2)cc1,8.1
c1ccc(OCCN2CCC(N[C@@H]3C[C@H]3c3ccccc3)CC2)cc1,7.8
c1ccc([C@@H]2C[C@H]2NC2CCN(CCNc3ccc(N4CCCCC4)cc3)CC2)cc1,7.92
c1ccc([C@@H]2C[C@H]2NC2CCN(CCNc3ccc(N4CCOCC4)cc3)CC2)cc1,8.15
c1ccc([C@@H]2C[C@H]2NC2CCN(CCOc3ccc(N4CCCCC4)cc3)CC2)cc1,7.85
c1ccc([C@@H]2C[C@H]2NC2CCN(CCOc3ccc(N4CCOCC4)cc3)CC2)cc1,8.3
c1ccc([C@@H]2C[C@H]2NC2CCN(CCOc3cccnc3)CC2)cc1,7.6
c1ccc([C@@H]2C[C@H]2NC2CCN(CCOc3ccnc4ccccc34)CC2)cc1,7.96
c1ccc([C@@H]2C[C@H]2NC2CCN(CCOc3cncnc3)CC2)cc1,7.62
c1ccc([C@@H]2C[C@H]2NC2CCN(CCOc3ncnc4ccccc34)CC2)cc1,7.57
c1ccc([C@@H]2C[C@H]2NC2CCNCC2)cc1,7.38
c1ccc([C@@H]2C[C@H]2NCC2(CN3CCCNCC3)CC2)cc1,6.52
c1ccc([C@@H]2C[C@H]2NCC2(c3noc(C4CCNCC4)n3)CC2)cc1,7.12
c1ccc([C@@H]2C[C@H]2NCC2(c3noc([C@@H]4C[C@H]5CNC[C@H]5C4)n3)CC2)cc1,7.12
c1ccc([C@@H]2C[C@H]2NCC2(c3noc([C@H]4C[C@H]5CNC[C@H]5C4)n3)CC2)cc1,7.12
c1ccc([C@@H]2C[C@H]2NCC2CCNCC2)cc1,8.3
c1ccc([C@@H]2C[C@H]2NCC2CN(CCOc3ccc(N4CCNCC4)cc3)C2)cc1,7.66
c1ccc([C@@H]2C[C@H]2NCC2CN(CCOc3ccccn3)C2)cc1,7.51
c1ccc([C@@H]2C[C@H]2NCc2cn(-c3ccccc3)nn2)cc1,6.96
c1ccc([C@H]2C[C@@H]2NC2CC3(CCNCC3)C2)cc1,7.32
c1ccc([C@H]2C[C@@H]2NC2CC3CCC(C2)N3)cc1,7.16
c1ccc([C@H]2C[C@@H]2NC2CCC(N3CCOCC3)CC2)cc1,5.88
c1ccc([C@H]2C[C@@H]2NC2CCC3(CCNCC3)CC2)cc1,7.15
c1ccc([C@H]2C[C@@H]2NC2CCCNC2)cc1,6.92
c1ccc([C@H]2C[C@@H]2NC2CCN(c3ccncc3)CC2)cc1,6.73
c1ccc([C@H]2C[C@@H]2NC2CCNC2)cc1,6.04
c1ccc([C@H]2C[C@@H]2NC2CCNC3CCCCC32)cc1,6.86
c1ccc([C@H]2C[C@@H]2NC2CCNCC2)cc1,6.779999999999999
c1ccc([C@H]2C[C@@H]2NC2CNC2)cc1,5.71
c1ccc([C@H]2C[C@@H]2NCC2CCNC2)cc1,7.46
c1ccc([C@H]2C[C@@H]2NCC2CCNCC2)cc1,7.26
c1ccc([C@H]2C[C@@H]2NCC2CNC2)cc1,7.38
c1ccc([C@H]2C[C@@H]2NCCC2CCNCC2)cc1,7.34
c1ccc([C@H]2C[C@@H]2NCCC2CCOCC2)cc1,5.46
c1ccc([C@H]2C[C@@H]2NCc2cccnc2)cc1,6.69
c1ccc2c(NN3CCCCC3)c3ccccc3nc2c1,5.78
c1ccc2c(Nc3ccc(N4CCNCC4)cc3)c3ccccc3nc2c1,6.66
c1ccc2c(Nc3ccc(N4CCOCC4)cc3)c3ccccc3nc2c1,6.35
c1ccc2c(Nc3ccc4c(c3)OCCO4)c3ccccc3nc2c1,6.07
c1ccc2c(Sc3nc[nH]n3)ncnc2c1,4.67
c1ccc2c(c1)CCC21CC1NC1CC2(CNC2)C1,7.5
c1ccc2c(c1)CCC21CC1NC1COC1,6.6899999999999995
c1ccc2c(c1)CCC21CC1NCC1CCNCC1,7.325
c1ccc2c(c1)CCCC21CC1NC1CCNCC1,7.35
c1ccc2c(c1)CCCC21CC1NC1COC1,5.635
c1ccc2c(c1)CCCC21CC1NCC1CC1,6.535
c1ccc2c(c1)CCCC21CC1NCC1CCCCN1,6.085
c1ccc2c(c1)CCCC21CC1NCC1CCCNC1,6.855
c1ccc2c(c1)CCCC21CC1NCC1CCNCC1,7.135
c1ccc2c(c1)CCCC21CC1NCC1CCOCC1,7.369999999999999
c1ccc2c(c1)CCCC21CC1NCCC1CCNCC1,6.975
c1ccc2c(c1)CCCCC21CC1NCC1CCNCC1,6.0
c1ccc2c(c1)Sc1ccccc1N2CCCCCN1CCOCC1,5.87
c1ccc2c(c1)Sc1ccccc1N2CCCCN1CCOCC1,6.38
c1ccc2c(c1)Sc1ccccc1N2CCCN1CCN(Cc2ccc3c(c2)OCO3)CC1,5.57
c1ccc2c(c1)Sc1ccccc1N2CCCN1CCNCC1,5.95
c1ccc2c(c1)Sc1ccccc1N2CCCN1CCOCC1,6.26
c1ccc2c(c1)Sc1ccccc1N2CCCN1CCSCC1,5.65
c1ccc2c(c1)Sc1ccccc1N2CCCNCCCN1CCOCC1,5.32
c1ccc2c(c1)Sc1ccccc1N2CCCNCCN1CCCCC1,5.8
c1ccc2c(c1)Sc1ccccc1N2CCCNCCN1CCOCC1,5.92
c1ccc2c(c1)Sc1ccccc1N2CCN1CCC(N2CCCCC2)CC1,5.65
c1ccc2c(c1)Sc1ccccc1N2CCN1CCN(C2CC2)CC1,5.66
c1ccc2c(c1)Sc1ccccc1N2CCN1CCNCC1,6.03
c1ccc2c(c1)Sc1ccccc1N2CCN1CCOCC1,6.61
c1ccc2c(c1)Sc1ccccc1N2CCN1CCSCC1,5.95
c1ccc2c(c1)Sc1ccccc1N2CCNCCN1CCOCC1,5.38
c1ccc2c(c1)Sc1ccccc1N2CCNN1CCOCC1,6.05
c1ccc2cc(C3CC3NC3CCNCC3)ccc2c1,7.33
c1cnc(N2CCN(CCN3c4ccccc4Sc4ccccc43)CC2)nc1,5.33
c1cnc(SCCCN2c3ccccc3Sc3ccccc32)nc1,5.34
c1cnc(SCCN2c3ccccc3Sc3ccccc32)nc1,5.47
c1cncc(-c2ccc([C@H]3C[C@@H]3NCC3CCNCC3)cc2)c1,7.5
c1cncc(-c2ccc3c(c2)C2(CC3)CC2NCC2CCNCC2)c1,7.244999999999999
c1cncc(CNC2CC23CCCc2ccccc23)c1,7.015000000000001
c1cncc([C@H]2C[C@@H]2NC2CCNCC2)c1,6.97
c1ncc([C@H]2C[C@@H]2NC2CCNCC2)s1,7.09
